{
  "schema": "2.0",
  "header": {
    "event_id": "f9e467f12fff956104126b8cb93ee1d9",
    "token": "",
    "create_time": "1775994624887",
    "event_type": "im.message.receive_v1",
    "tenant_key": "1aa0fbb1ff995944",
    "app_id": "cli_a94fc9a45978de17"
  },
  "event": {
    "sender": {
      "sender_id": {
        "user_id": "adaaf873",
        "open_id": "ou_667e83f2936ba15a84513bd4cf60c262",
        "union_id": "on_786ce923e717aa97f77720e7de0adb3f"
      },
      "sender_type": "user",
      "tenant_key": "1aa0fbb1ff995944"
    },
    "message": {
      "message_id": "om_x100b528c3eca98a0ee782f8e64c5112",
      "create_time": "1775994624511",
      "update_time": "1775994624511",
      "chat_id": "oc_1a69bd0b7709507918dd2a27852c5ea2",
      "chat_type": "p2p",
      "message_type": "text",
      "content": "{\"text\":\"给我看看现在配备了哪些模型\"}",
      "user_agent": "Mozilla/5.0 (Linux; Android 13; 23013RK75C Build/TKQ1.220905.001; wv) AppleWebKit/537.36 (KHTML, like Gecko) Version/4.0 Chrome/120.0.6099.144 Mobile Safari/537.36 Lark/7.64.5 LarkLocale/zh_CN ChannelName/Lark appid/1664; appname/Lark; ttnet SDK-Version/7.64.13"
    }
  }
}
{
  "schema": "2.0",
  "header": {
    "event_id": "f9e467f12fff956104126b8cb93ee1d9",
    "token": "",
    "create_time": "1775994624887",
    "event_type": "im.message.receive_v1",
    "tenant_key": "1aa0fbb1ff995944",
    "app_id": "cli_a94fc9a45978de17"
  },
  "event": {
    "sender": {
      "sender_id": {
        "user_id": "adaaf873",
        "open_id": "ou_667e83f2936ba15a84513bd4cf60c262",
        "union_id": "on_786ce923e717aa97f77720e7de0adb3f"
      },
      "sender_type": "user",
      "tenant_key": "1aa0fbb1ff995944"
    },
    "message": {
      "message_id": "om_x100b528c3eca98a0ee782f8e64c5112",
      "create_time": "1775994624511",
      "update_time": "1775994624511",
      "chat_id": "oc_1a69bd0b7709507918dd2a27852c5ea2",
      "chat_type": "p2p",
      "message_type": "text",
      "content": "{\"text\":\"给我看看现在配备了哪些模型\"}",
      "user_agent": "Mozilla/5.0 (Linux; Android 13; 23013RK75C Build/TKQ1.220905.001; wv) AppleWebKit/537.36 (KHTML, like Gecko) Version/4.0 Chrome/120.0.6099.144 Mobile Safari/537.36 Lark/7.64.5 LarkLocale/zh_CN ChannelName/Lark appid/1664; appname/Lark; ttnet SDK-Version/7.64.13"
    }
  }
}
{
  "schema": "2.0",
  "header": {
    "event_id": "f9e467f12fff956104126b8cb93ee1d9",
    "token": "",
    "create_time": "1775994624887",
    "event_type": "im.message.receive_v1",
    "tenant_key": "1aa0fbb1ff995944",
    "app_id": "cli_a94fc9a45978de17"
  },
  "event": {
    "sender": {
      "sender_id": {
        "user_id": "adaaf873",
        "open_id": "ou_667e83f2936ba15a84513bd4cf60c262",
        "union_id": "on_786ce923e717aa97f77720e7de0adb3f"
      },
      "sender_type": "user",
      "tenant_key": "1aa0fbb1ff995944"
    },
    "message": {
      "message_id": "om_x100b528c3eca98a0ee782f8e64c5112",
      "create_time": "1775994624511",
      "update_time": "1775994624511",
      "chat_id": "oc_1a69bd0b7709507918dd2a27852c5ea2",
      "chat_type": "p2p",
      "message_type": "text",
      "content": "{\"text\":\"给我看看现在配备了哪些模型\"}",
      "user_agent": "Mozilla/5.0 (Linux; Android 13; 23013RK75C Build/TKQ1.220905.001; wv) AppleWebKit/537.36 (KHTML, like Gecko) Version/4.0 Chrome/120.0.6099.144 Mobile Safari/537.36 Lark/7.64.5 LarkLocale/zh_CN ChannelName/Lark appid/1664; appname/Lark; ttnet SDK-Version/7.64.13"
    }
  }
}
{
  "schema": "2.0",
  "header": {
    "event_id": "1f729286a765997b57c72284149a277a",
    "token": "",
    "create_time": "1776000310566",
    "event_type": "im.message.receive_v1",
    "tenant_key": "1aa0fbb1ff995944",
    "app_id": "cli_a94fc9a45978de17"
  },
  "event": {
    "sender": {
      "sender_id": {
        "user_id": "adaaf873",
        "open_id": "ou_667e83f2936ba15a84513bd4cf60c262",
        "union_id": "on_786ce923e717aa97f77720e7de0adb3f"
      },
      "sender_type": "user",
      "tenant_key": "1aa0fbb1ff995944"
    },
    "message": {
      "message_id": "om_x100b528d9dae18a4eea14a2441b5dba",
      "create_time": "1776000310296",
      "update_time": "1776000310296",
      "chat_id": "oc_1a69bd0b7709507918dd2a27852c5ea2",
      "chat_type": "p2p",
      "message_type": "text",
      "content": "{\"text\":\"给我看看现在配备了哪些模型 如何分配\"}",
      "user_agent": "Mozilla/5.0 (Linux; Android 13; 23013RK75C Build/TKQ1.220905.001; wv) AppleWebKit/537.36 (KHTML, like Gecko) Version/4.0 Chrome/120.0.6099.144 Mobile Safari/537.36 Lark/7.64.5 LarkLocale/zh_CN ChannelName/Lark appid/1664; appname/Lark; ttnet SDK-Version/7.64.13"
    }
  }
}
{
  "schema": "2.0",
  "header": {
    "event_id": "1f729286a765997b57c72284149a277a",
    "token": "",
    "create_time": "1776000310566",
    "event_type": "im.message.receive_v1",
    "tenant_key": "1aa0fbb1ff995944",
    "app_id": "cli_a94fc9a45978de17"
  },
  "event": {
    "sender": {
      "sender_id": {
        "user_id": "adaaf873",
        "open_id": "ou_667e83f2936ba15a84513bd4cf60c262",
        "union_id": "on_786ce923e717aa97f77720e7de0adb3f"
      },
      "sender_type": "user",
      "tenant_key": "1aa0fbb1ff995944"
    },
    "message": {
      "message_id": "om_x100b528d9dae18a4eea14a2441b5dba",
      "create_time": "1776000310296",
      "update_time": "1776000310296",
      "chat_id": "oc_1a69bd0b7709507918dd2a27852c5ea2",
      "chat_type": "p2p",
      "message_type": "text",
      "content": "{\"text\":\"给我看看现在配备了哪些模型 如何分配\"}",
      "user_agent": "Mozilla/5.0 (Linux; Android 13; 23013RK75C Build/TKQ1.220905.001; wv) AppleWebKit/537.36 (KHTML, like Gecko) Version/4.0 Chrome/120.0.6099.144 Mobile Safari/537.36 Lark/7.64.5 LarkLocale/zh_CN ChannelName/Lark appid/1664; appname/Lark; ttnet SDK-Version/7.64.13"
    }
  }
}
{
  "schema": "2.0",
  "header": {
    "event_id": "1f729286a765997b57c72284149a277a",
    "token": "",
    "create_time": "1776000310566",
    "event_type": "im.message.receive_v1",
    "tenant_key": "1aa0fbb1ff995944",
    "app_id": "cli_a94fc9a45978de17"
  },
  "event": {
    "sender": {
      "sender_id": {
        "user_id": "adaaf873",
        "open_id": "ou_667e83f2936ba15a84513bd4cf60c262",
        "union_id": "on_786ce923e717aa97f77720e7de0adb3f"
      },
      "sender_type": "user",
      "tenant_key": "1aa0fbb1ff995944"
    },
    "message": {
      "message_id": "om_x100b528d9dae18a4eea14a2441b5dba",
      "create_time": "1776000310296",
      "update_time": "1776000310296",
      "chat_id": "oc_1a69bd0b7709507918dd2a27852c5ea2",
      "chat_type": "p2p",
      "message_type": "text",
      "content": "{\"text\":\"给我看看现在配备了哪些模型 如何分配\"}",
      "user_agent": "Mozilla/5.0 (Linux; Android 13; 23013RK75C Build/TKQ1.220905.001; wv) AppleWebKit/537.36 (KHTML, like Gecko) Version/4.0 Chrome/120.0.6099.144 Mobile Safari/537.36 Lark/7.64.5 LarkLocale/zh_CN ChannelName/Lark appid/1664; appname/Lark; ttnet SDK-Version/7.64.13"
    }
  }
}
{
  "schema": "2.0",
  "header": {
    "event_id": "27423fe1f7b41e1e17fe2af74631ac77",
    "token": "",
    "create_time": "1776071069864",
    "event_type": "im.message.receive_v1",
    "tenant_key": "1aa0fbb1ff995944",
    "app_id": "cli_a94fc9a45978de17"
  },
  "event": {
    "sender": {
      "sender_id": {
        "user_id": "adaaf873",
        "open_id": "ou_667e83f2936ba15a84513bd4cf60c262",
        "union_id": "on_786ce923e717aa97f77720e7de0adb3f"
      },
      "sender_type": "user",
      "tenant_key": "1aa0fbb1ff995944"
    },
    "message": {
      "message_id": "om_x100b52ff571588b8ee7523ac5afc178",
      "create_time": "1776071069599",
      "update_time": "1776071069599",
      "chat_id": "oc_1a69bd0b7709507918dd2a27852c5ea2",
      "chat_type": "p2p",
      "message_type": "text",
      "content": "{\"text\":\"太子在哪里\"}",
      "user_agent": "Mozilla/5.0 (Linux; Android 13; 23013RK75C Build/TKQ1.220905.001; wv) AppleWebKit/537.36 (KHTML, like Gecko) Version/4.0 Chrome/120.0.6099.144 Mobile Safari/537.36 Lark/7.64.5 LarkLocale/zh_CN ChannelName/Lark appid/1664; appname/Lark; ttnet SDK-Version/7.64.13"
    }
  }
}
{
  "schema": "2.0",
  "header": {
    "event_id": "27423fe1f7b41e1e17fe2af74631ac77",
    "token": "",
    "create_time": "1776071069864",
    "event_type": "im.message.receive_v1",
    "tenant_key": "1aa0fbb1ff995944",
    "app_id": "cli_a94fc9a45978de17"
  },
  "event": {
    "sender": {
      "sender_id": {
        "user_id": "adaaf873",
        "open_id": "ou_667e83f2936ba15a84513bd4cf60c262",
        "union_id": "on_786ce923e717aa97f77720e7de0adb3f"
      },
      "sender_type": "user",
      "tenant_key": "1aa0fbb1ff995944"
    },
    "message": {
      "message_id": "om_x100b52ff571588b8ee7523ac5afc178",
      "create_time": "1776071069599",
      "update_time": "1776071069599",
      "chat_id": "oc_1a69bd0b7709507918dd2a27852c5ea2",
      "chat_type": "p2p",
      "message_type": "text",
      "content": "{\"text\":\"太子在哪里\"}",
      "user_agent": "Mozilla/5.0 (Linux; Android 13; 23013RK75C Build/TKQ1.220905.001; wv) AppleWebKit/537.36 (KHTML, like Gecko) Version/4.0 Chrome/120.0.6099.144 Mobile Safari/537.36 Lark/7.64.5 LarkLocale/zh_CN ChannelName/Lark appid/1664; appname/Lark; ttnet SDK-Version/7.64.13"
    }
  }
}
{
  "schema": "2.0",
  "header": {
    "event_id": "27423fe1f7b41e1e17fe2af74631ac77",
    "token": "",
    "create_time": "1776071069864",
    "event_type": "im.message.receive_v1",
    "tenant_key": "1aa0fbb1ff995944",
    "app_id": "cli_a94fc9a45978de17"
  },
  "event": {
    "sender": {
      "sender_id": {
        "user_id": "adaaf873",
        "open_id": "ou_667e83f2936ba15a84513bd4cf60c262",
        "union_id": "on_786ce923e717aa97f77720e7de0adb3f"
      },
      "sender_type": "user",
      "tenant_key": "1aa0fbb1ff995944"
    },
    "message": {
      "message_id": "om_x100b52ff571588b8ee7523ac5afc178",
      "create_time": "1776071069599",
      "update_time": "1776071069599",
      "chat_id": "oc_1a69bd0b7709507918dd2a27852c5ea2",
      "chat_type": "p2p",
      "message_type": "text",
      "content": "{\"text\":\"太子在哪里\"}",
      "user_agent": "Mozilla/5.0 (Linux; Android 13; 23013RK75C Build/TKQ1.220905.001; wv) AppleWebKit/537.36 (KHTML, like Gecko) Version/4.0 Chrome/120.0.6099.144 Mobile Safari/537.36 Lark/7.64.5 LarkLocale/zh_CN ChannelName/Lark appid/1664; appname/Lark; ttnet SDK-Version/7.64.13"
    }
  }
}
{
  "schema": "2.0",
  "header": {
    "event_id": "a9f47f6293e0f198529f90ef84410f8a",
    "token": "",
    "create_time": "1776087960713",
    "event_type": "im.message.receive_v1",
    "tenant_key": "1aa0fbb1ff995944",
    "app_id": "cli_a94fc9a45978de17"
  },
  "event": {
    "sender": {
      "sender_id": {
        "user_id": "adaaf873",
        "open_id": "ou_667e83f2936ba15a84513bd4cf60c262",
        "union_id": "on_786ce923e717aa97f77720e7de0adb3f"
      },
      "sender_type": "user",
      "tenant_key": "1aa0fbb1ff995944"
    },
    "message": {
      "message_id": "om_x100b52fb7749ff80ee79515717ebbc3",
      "create_time": "1776087960345",
      "update_time": "1776087960345",
      "chat_id": "oc_1a69bd0b7709507918dd2a27852c5ea2",
      "chat_type": "p2p",
      "message_type": "text",
      "content": "{\"text\":\"你现在配备了一些什么模型 好用么\"}",
      "user_agent": "Mozilla/5.0 (Linux; Android 13; 23013RK75C Build/TKQ1.220905.001; wv) AppleWebKit/537.36 (KHTML, like Gecko) Version/4.0 Chrome/120.0.6099.144 Mobile Safari/537.36 Lark/7.64.5 LarkLocale/zh_CN ChannelName/Lark appid/1664; appname/Lark; ttnet SDK-Version/7.64.13"
    }
  }
}
{
  "schema": "2.0",
  "header": {
    "event_id": "a9f47f6293e0f198529f90ef84410f8a",
    "token": "",
    "create_time": "1776087960713",
    "event_type": "im.message.receive_v1",
    "tenant_key": "1aa0fbb1ff995944",
    "app_id": "cli_a94fc9a45978de17"
  },
  "event": {
    "sender": {
      "sender_id": {
        "user_id": "adaaf873",
        "open_id": "ou_667e83f2936ba15a84513bd4cf60c262",
        "union_id": "on_786ce923e717aa97f77720e7de0adb3f"
      },
      "sender_type": "user",
      "tenant_key": "1aa0fbb1ff995944"
    },
    "message": {
      "message_id": "om_x100b52fb7749ff80ee79515717ebbc3",
      "create_time": "1776087960345",
      "update_time": "1776087960345",
      "chat_id": "oc_1a69bd0b7709507918dd2a27852c5ea2",
      "chat_type": "p2p",
      "message_type": "text",
      "content": "{\"text\":\"你现在配备了一些什么模型 好用么\"}",
      "user_agent": "Mozilla/5.0 (Linux; Android 13; 23013RK75C Build/TKQ1.220905.001; wv) AppleWebKit/537.36 (KHTML, like Gecko) Version/4.0 Chrome/120.0.6099.144 Mobile Safari/537.36 Lark/7.64.5 LarkLocale/zh_CN ChannelName/Lark appid/1664; appname/Lark; ttnet SDK-Version/7.64.13"
    }
  }
}
{
  "schema": "2.0",
  "header": {
    "event_id": "6b5d32f6761bd48815c7c436e0bb2a94",
    "token": "",
    "create_time": "1776088273769",
    "event_type": "im.message.receive_v1",
    "tenant_key": "1aa0fbb1ff995944",
    "app_id": "cli_a94fc9a45978de17"
  },
  "event": {
    "sender": {
      "sender_id": {
        "user_id": "adaaf873",
        "open_id": "ou_667e83f2936ba15a84513bd4cf60c262",
        "union_id": "on_786ce923e717aa97f77720e7de0adb3f"
      },
      "sender_type": "user",
      "tenant_key": "1aa0fbb1ff995944"
    },
    "message": {
      "message_id": "om_x100b52fb03db14a4ee881fd974c9a3c",
      "create_time": "1776088273464",
      "update_time": "1776088273464",
      "chat_id": "oc_6791bc79e6d6373ef078256b58b782d7",
      "chat_type": "group",
      "message_type": "text",
      "content": "{\"text\":\"@太子  给我看看现在配备了那些模型 如何分配的 好用么\"}",
      "user_agent": "Mozilla/5.0 (Linux; Android 13; 23013RK75C Build/TKQ1.220905.001; wv) AppleWebKit/537.36 (KHTML, like Gecko) Version/4.0 Chrome/120.0.6099.144 Mobile Safari/537.36 Lark/7.64.5 LarkLocale/zh_CN ChannelName/Lark appid/1664; appname/Lark; ttnet SDK-Version/7.64.13"
    }
  }
}
{
  "schema": "2.0",
  "header": {
    "event_id": "a9f47f6293e0f198529f90ef84410f8a",
    "token": "",
    "create_time": "1776087960713",
    "event_type": "im.message.receive_v1",
    "tenant_key": "1aa0fbb1ff995944",
    "app_id": "cli_a94fc9a45978de17"
  },
  "event": {
    "sender": {
      "sender_id": {
        "user_id": "adaaf873",
        "open_id": "ou_667e83f2936ba15a84513bd4cf60c262",
        "union_id": "on_786ce923e717aa97f77720e7de0adb3f"
      },
      "sender_type": "user",
      "tenant_key": "1aa0fbb1ff995944"
    },
    "message": {
      "message_id": "om_x100b52fb7749ff80ee79515717ebbc3",
      "create_time": "1776087960345",
      "update_time": "1776087960345",
      "chat_id": "oc_1a69bd0b7709507918dd2a27852c5ea2",
      "chat_type": "p2p",
      "message_type": "text",
      "content": "{\"text\":\"你现在配备了一些什么模型 好用么\"}",
      "user_agent": "Mozilla/5.0 (Linux; Android 13; 23013RK75C Build/TKQ1.220905.001; wv) AppleWebKit/537.36 (KHTML, like Gecko) Version/4.0 Chrome/120.0.6099.144 Mobile Safari/537.36 Lark/7.64.5 LarkLocale/zh_CN ChannelName/Lark appid/1664; appname/Lark; ttnet SDK-Version/7.64.13"
    }
  }
}
{
  "schema": "2.0",
  "header": {
    "event_id": "6b5d32f6761bd48815c7c436e0bb2a94",
    "token": "",
    "create_time": "1776088273769",
    "event_type": "im.message.receive_v1",
    "tenant_key": "1aa0fbb1ff995944",
    "app_id": "cli_a94fc9a45978de17"
  },
  "event": {
    "sender": {
      "sender_id": {
        "user_id": "adaaf873",
        "open_id": "ou_667e83f2936ba15a84513bd4cf60c262",
        "union_id": "on_786ce923e717aa97f77720e7de0adb3f"
      },
      "sender_type": "user",
      "tenant_key": "1aa0fbb1ff995944"
    },
    "message": {
      "message_id": "om_x100b52fb03db14a4ee881fd974c9a3c",
      "create_time": "1776088273464",
      "update_time": "1776088273464",
      "chat_id": "oc_6791bc79e6d6373ef078256b58b782d7",
      "chat_type": "group",
      "message_type": "text",
      "content": "{\"text\":\"@太子  给我看看现在配备了那些模型 如何分配的 好用么\"}",
      "user_agent": "Mozilla/5.0 (Linux; Android 13; 23013RK75C Build/TKQ1.220905.001; wv) AppleWebKit/537.36 (KHTML, like Gecko) Version/4.0 Chrome/120.0.6099.144 Mobile Safari/537.36 Lark/7.64.5 LarkLocale/zh_CN ChannelName/Lark appid/1664; appname/Lark; ttnet SDK-Version/7.64.13"
    }
  }
}
{
  "schema": "2.0",
  "header": {
    "event_id": "456040e454c0eb87c837747ddfe66a8c",
    "token": "",
    "create_time": "1776088297412",
    "event_type": "im.message.receive_v1",
    "tenant_key": "1aa0fbb1ff995944",
    "app_id": "cli_a94fc9a45978de17"
  },
  "event": {
    "sender": {
      "sender_id": {
        "user_id": "adaaf873",
        "open_id": "ou_667e83f2936ba15a84513bd4cf60c262",
        "union_id": "on_786ce923e717aa97f77720e7de0adb3f"
      },
      "sender_type": "user",
      "tenant_key": "1aa0fbb1ff995944"
    },
    "message": {
      "message_id": "om_x100b52fb005ff4a0ee741f9508de936",
      "create_time": "1776088297208",
      "update_time": "1776088297208",
      "chat_id": "oc_6791bc79e6d6373ef078256b58b782d7",
      "chat_type": "group",
      "message_type": "text",
      "content": "{\"text\":\"@_user_1 给我看看现在配备了那些模型 如何分配的 好用么\"}",
      "mentions": [
        {
          "key": "@_user_1",
          "id": {
            "user_id": "",
            "open_id": "ou_19c9ad75ddcc264feb16cb2497913b2b",
            "union_id": "on_136a750d61f0b040722db8d211832107"
          },
          "name": "太子",
          "tenant_key": "1aa0fbb1ff995944"
        }
      ],
      "user_agent": "Mozilla/5.0 (Linux; Android 13; 23013RK75C Build/TKQ1.220905.001; wv) AppleWebKit/537.36 (KHTML, like Gecko) Version/4.0 Chrome/120.0.6099.144 Mobile Safari/537.36 Lark/7.64.5 LarkLocale/zh_CN ChannelName/Lark appid/1664; appname/Lark; ttnet SDK-Version/7.64.13"
    }
  }
}
{
  "schema": "2.0",
  "header": {
    "event_id": "456040e454c0eb87c837747ddfe66a8c",
    "token": "",
    "create_time": "1776088297412",
    "event_type": "im.message.receive_v1",
    "tenant_key": "1aa0fbb1ff995944",
    "app_id": "cli_a94fc9a45978de17"
  },
  "event": {
    "sender": {
      "sender_id": {
        "user_id": "adaaf873",
        "open_id": "ou_667e83f2936ba15a84513bd4cf60c262",
        "union_id": "on_786ce923e717aa97f77720e7de0adb3f"
      },
      "sender_type": "user",
      "tenant_key": "1aa0fbb1ff995944"
    },
    "message": {
      "message_id": "om_x100b52fb005ff4a0ee741f9508de936",
      "create_time": "1776088297208",
      "update_time": "1776088297208",
      "chat_id": "oc_6791bc79e6d6373ef078256b58b782d7",
      "chat_type": "group",
      "message_type": "text",
      "content": "{\"text\":\"@_user_1 给我看看现在配备了那些模型 如何分配的 好用么\"}",
      "mentions": [
        {
          "key": "@_user_1",
          "id": {
            "user_id": "",
            "open_id": "ou_19c9ad75ddcc264feb16cb2497913b2b",
            "union_id": "on_136a750d61f0b040722db8d211832107"
          },
          "name": "太子",
          "tenant_key": "1aa0fbb1ff995944"
        }
      ],
      "user_agent": "Mozilla/5.0 (Linux; Android 13; 23013RK75C Build/TKQ1.220905.001; wv) AppleWebKit/537.36 (KHTML, like Gecko) Version/4.0 Chrome/120.0.6099.144 Mobile Safari/537.36 Lark/7.64.5 LarkLocale/zh_CN ChannelName/Lark appid/1664; appname/Lark; ttnet SDK-Version/7.64.13"
    }
  }
}
{
  "schema": "2.0",
  "header": {
    "event_id": "6b5d32f6761bd48815c7c436e0bb2a94",
    "token": "",
    "create_time": "1776088273769",
    "event_type": "im.message.receive_v1",
    "tenant_key": "1aa0fbb1ff995944",
    "app_id": "cli_a94fc9a45978de17"
  },
  "event": {
    "sender": {
      "sender_id": {
        "user_id": "adaaf873",
        "open_id": "ou_667e83f2936ba15a84513bd4cf60c262",
        "union_id": "on_786ce923e717aa97f77720e7de0adb3f"
      },
      "sender_type": "user",
      "tenant_key": "1aa0fbb1ff995944"
    },
    "message": {
      "message_id": "om_x100b52fb03db14a4ee881fd974c9a3c",
      "create_time": "1776088273464",
      "update_time": "1776088273464",
      "chat_id": "oc_6791bc79e6d6373ef078256b58b782d7",
      "chat_type": "group",
      "message_type": "text",
      "content": "{\"text\":\"@太子  给我看看现在配备了那些模型 如何分配的 好用么\"}",
      "user_agent": "Mozilla/5.0 (Linux; Android 13; 23013RK75C Build/TKQ1.220905.001; wv) AppleWebKit/537.36 (KHTML, like Gecko) Version/4.0 Chrome/120.0.6099.144 Mobile Safari/537.36 Lark/7.64.5 LarkLocale/zh_CN ChannelName/Lark appid/1664; appname/Lark; ttnet SDK-Version/7.64.13"
    }
  }
}
{
  "schema": "2.0",
  "header": {
    "event_id": "456040e454c0eb87c837747ddfe66a8c",
    "token": "",
    "create_time": "1776088297412",
    "event_type": "im.message.receive_v1",
    "tenant_key": "1aa0fbb1ff995944",
    "app_id": "cli_a94fc9a45978de17"
  },
  "event": {
    "sender": {
      "sender_id": {
        "user_id": "adaaf873",
        "open_id": "ou_667e83f2936ba15a84513bd4cf60c262",
        "union_id": "on_786ce923e717aa97f77720e7de0adb3f"
      },
      "sender_type": "user",
      "tenant_key": "1aa0fbb1ff995944"
    },
    "message": {
      "message_id": "om_x100b52fb005ff4a0ee741f9508de936",
      "create_time": "1776088297208",
      "update_time": "1776088297208",
      "chat_id": "oc_6791bc79e6d6373ef078256b58b782d7",
      "chat_type": "group",
      "message_type": "text",
      "content": "{\"text\":\"@_user_1 给我看看现在配备了那些模型 如何分配的 好用么\"}",
      "mentions": [
        {
          "key": "@_user_1",
          "id": {
            "user_id": "",
            "open_id": "ou_19c9ad75ddcc264feb16cb2497913b2b",
            "union_id": "on_136a750d61f0b040722db8d211832107"
          },
          "name": "太子",
          "tenant_key": "1aa0fbb1ff995944"
        }
      ],
      "user_agent": "Mozilla/5.0 (Linux; Android 13; 23013RK75C Build/TKQ1.220905.001; wv) AppleWebKit/537.36 (KHTML, like Gecko) Version/4.0 Chrome/120.0.6099.144 Mobile Safari/537.36 Lark/7.64.5 LarkLocale/zh_CN ChannelName/Lark appid/1664; appname/Lark; ttnet SDK-Version/7.64.13"
    }
  }
}
{
  "schema": "2.0",
  "header": {
    "event_id": "a9f47f6293e0f198529f90ef84410f8a",
    "token": "",
    "create_time": "1776087960713",
    "event_type": "im.message.receive_v1",
    "tenant_key": "1aa0fbb1ff995944",
    "app_id": "cli_a94fc9a45978de17"
  },
  "event": {
    "sender": {
      "sender_id": {
        "user_id": "adaaf873",
        "open_id": "ou_667e83f2936ba15a84513bd4cf60c262",
        "union_id": "on_786ce923e717aa97f77720e7de0adb3f"
      },
      "sender_type": "user",
      "tenant_key": "1aa0fbb1ff995944"
    },
    "message": {
      "message_id": "om_x100b52fb7749ff80ee79515717ebbc3",
      "create_time": "1776087960345",
      "update_time": "1776087960345",
      "chat_id": "oc_1a69bd0b7709507918dd2a27852c5ea2",
      "chat_type": "p2p",
      "message_type": "text",
      "content": "{\"text\":\"你现在配备了一些什么模型 好用么\"}",
      "user_agent": "Mozilla/5.0 (Linux; Android 13; 23013RK75C Build/TKQ1.220905.001; wv) AppleWebKit/537.36 (KHTML, like Gecko) Version/4.0 Chrome/120.0.6099.144 Mobile Safari/537.36 Lark/7.64.5 LarkLocale/zh_CN ChannelName/Lark appid/1664; appname/Lark; ttnet SDK-Version/7.64.13"
    }
  }
}
{
  "schema": "2.0",
  "header": {
    "event_id": "5f7d054fea148a380d8ba8b265e5c3c1",
    "token": "",
    "create_time": "1776088037625",
    "event_type": "im.message.receive_v1",
    "tenant_key": "1aa0fbb1ff995944",
    "app_id": "cli_a94fc9a45978de17"
  },
  "event": {
    "sender": {
      "sender_id": {
        "user_id": "adaaf873",
        "open_id": "ou_667e83f2936ba15a84513bd4cf60c262",
        "union_id": "on_786ce923e717aa97f77720e7de0adb3f"
      },
      "sender_type": "user",
      "tenant_key": "1aa0fbb1ff995944"
    },
    "message": {
      "message_id": "om_x100b52fb7099dca8ee8a18a6ac42c85",
      "create_time": "1776088037329",
      "update_time": "1776088037408",
      "chat_id": "oc_6791bc79e6d6373ef078256b58b782d7",
      "chat_type": "group",
      "message_type": "text",
      "content": "{\"text\":\"@_user_1 给我看看现在配备了那些模型 如何分配的 好用么\"}",
      "mentions": [
        {
          "key": "@_user_1",
          "id": {
            "user_id": "",
            "open_id": "ou_19c9ad75ddcc264feb16cb2497913b2b",
            "union_id": "on_136a750d61f0b040722db8d211832107"
          },
          "name": "太子",
          "tenant_key": "1aa0fbb1ff995944"
        }
      ],
      "user_agent": "Mozilla/5.0 (Linux; Android 13; 23013RK75C Build/TKQ1.220905.001; wv) AppleWebKit/537.36 (KHTML, like Gecko) Version/4.0 Chrome/120.0.6099.144 Mobile Safari/537.36 Lark/7.64.5 LarkLocale/zh_CN ChannelName/Lark appid/1664; appname/Lark; ttnet SDK-Version/7.64.13"
    }
  }
}
{
  "schema": "2.0",
  "header": {
    "event_id": "5f7d054fea148a380d8ba8b265e5c3c1",
    "token": "",
    "create_time": "1776088037625",
    "event_type": "im.message.receive_v1",
    "tenant_key": "1aa0fbb1ff995944",
    "app_id": "cli_a94fc9a45978de17"
  },
  "event": {
    "sender": {
      "sender_id": {
        "user_id": "adaaf873",
        "open_id": "ou_667e83f2936ba15a84513bd4cf60c262",
        "union_id": "on_786ce923e717aa97f77720e7de0adb3f"
      },
      "sender_type": "user",
      "tenant_key": "1aa0fbb1ff995944"
    },
    "message": {
      "message_id": "om_x100b52fb7099dca8ee8a18a6ac42c85",
      "create_time": "1776088037329",
      "update_time": "1776088037408",
      "chat_id": "oc_6791bc79e6d6373ef078256b58b782d7",
      "chat_type": "group",
      "message_type": "text",
      "content": "{\"text\":\"@_user_1 给我看看现在配备了那些模型 如何分配的 好用么\"}",
      "mentions": [
        {
          "key": "@_user_1",
          "id": {
            "user_id": "",
            "open_id": "ou_19c9ad75ddcc264feb16cb2497913b2b",
            "union_id": "on_136a750d61f0b040722db8d211832107"
          },
          "name": "太子",
          "tenant_key": "1aa0fbb1ff995944"
        }
      ],
      "user_agent": "Mozilla/5.0 (Linux; Android 13; 23013RK75C Build/TKQ1.220905.001; wv) AppleWebKit/537.36 (KHTML, like Gecko) Version/4.0 Chrome/120.0.6099.144 Mobile Safari/537.36 Lark/7.64.5 LarkLocale/zh_CN ChannelName/Lark appid/1664; appname/Lark; ttnet SDK-Version/7.64.13"
    }
  }
}
{
  "schema": "2.0",
  "header": {
    "event_id": "6af0d74410c2e662a2c23fed0041c1f6",
    "token": "",
    "create_time": "1776419328479",
    "event_type": "im.message.receive_v1",
    "tenant_key": "1aa0fbb1ff995944",
    "app_id": "cli_a94fc9a45978de17"
  },
  "event": {
    "sender": {
      "sender_id": {
        "user_id": "adaaf873",
        "open_id": "ou_667e83f2936ba15a84513bd4cf60c262",
        "union_id": "on_786ce923e717aa97f77720e7de0adb3f"
      },
      "sender_type": "user",
      "tenant_key": "1aa0fbb1ff995944"
    },
    "message": {
      "message_id": "om_x100b51146ecfdcaceeaaceab8b7f91d",
      "create_time": "1776419328202",
      "update_time": "1776419328202",
      "chat_id": "oc_6791bc79e6d6373ef078256b58b782d7",
      "chat_type": "group",
      "message_type": "text",
      "content": "{\"text\":\"@_user_1 对你自身进行升级到最新版本\"}",
      "mentions": [
        {
          "key": "@_user_1",
          "id": {
            "user_id": "",
            "open_id": "ou_19c9ad75ddcc264feb16cb2497913b2b",
            "union_id": "on_136a750d61f0b040722db8d211832107"
          },
          "name": "太子",
          "tenant_key": "1aa0fbb1ff995944"
        }
      ],
      "user_agent": "Mozilla/5.0 (Linux; Android 13; 23013RK75C Build/TKQ1.220905.001; wv) AppleWebKit/537.36 (KHTML, like Gecko) Version/4.0 Chrome/120.0.6099.144 Mobile Safari/537.36 Lark/7.64.5 LarkLocale/zh_CN ChannelName/Lark appid/1664; appname/Lark; ttnet SDK-Version/7.64.13"
    }
  }
}
{
  "schema": "2.0",
  "header": {
    "event_id": "6af0d74410c2e662a2c23fed0041c1f6",
    "token": "",
    "create_time": "1776419328479",
    "event_type": "im.message.receive_v1",
    "tenant_key": "1aa0fbb1ff995944",
    "app_id": "cli_a94fc9a45978de17"
  },
  "event": {
    "sender": {
      "sender_id": {
        "user_id": "adaaf873",
        "open_id": "ou_667e83f2936ba15a84513bd4cf60c262",
        "union_id": "on_786ce923e717aa97f77720e7de0adb3f"
      },
      "sender_type": "user",
      "tenant_key": "1aa0fbb1ff995944"
    },
    "message": {
      "message_id": "om_x100b51146ecfdcaceeaaceab8b7f91d",
      "create_time": "1776419328202",
      "update_time": "1776419328202",
      "chat_id": "oc_6791bc79e6d6373ef078256b58b782d7",
      "chat_type": "group",
      "message_type": "text",
      "content": "{\"text\":\"@_user_1 对你自身进行升级到最新版本\"}",
      "mentions": [
        {
          "key": "@_user_1",
          "id": {
            "user_id": "",
            "open_id": "ou_19c9ad75ddcc264feb16cb2497913b2b",
            "union_id": "on_136a750d61f0b040722db8d211832107"
          },
          "name": "太子",
          "tenant_key": "1aa0fbb1ff995944"
        }
      ],
      "user_agent": "Mozilla/5.0 (Linux; Android 13; 23013RK75C Build/TKQ1.220905.001; wv) AppleWebKit/537.36 (KHTML, like Gecko) Version/4.0 Chrome/120.0.6099.144 Mobile Safari/537.36 Lark/7.64.5 LarkLocale/zh_CN ChannelName/Lark appid/1664; appname/Lark; ttnet SDK-Version/7.64.13"
    }
  }
}
{
  "schema": "2.0",
  "header": {
    "event_id": "06f827d718385736b0ed100fbad78ad3",
    "token": "",
    "create_time": "1776419450803",
    "event_type": "im.message.receive_v1",
    "tenant_key": "1aa0fbb1ff995944",
    "app_id": "cli_a94fc9a45978de17"
  },
  "event": {
    "sender": {
      "sender_id": {
        "user_id": "adaaf873",
        "open_id": "ou_667e83f2936ba15a84513bd4cf60c262",
        "union_id": "on_786ce923e717aa97f77720e7de0adb3f"
      },
      "sender_type": "user",
      "tenant_key": "1aa0fbb1ff995944"
    },
    "message": {
      "message_id": "om_x100b5114696a0ca0eea0f226142653b",
      "create_time": "1776419450539",
      "update_time": "1776419450539",
      "chat_id": "oc_1a69bd0b7709507918dd2a27852c5ea2",
      "chat_type": "p2p",
      "message_type": "text",
      "content": "{\"text\":\"批准\"}",
      "user_agent": "Mozilla/5.0 (Linux; Android 13; 23013RK75C Build/TKQ1.220905.001; wv) AppleWebKit/537.36 (KHTML, like Gecko) Version/4.0 Chrome/120.0.6099.144 Mobile Safari/537.36 Lark/7.64.5 LarkLocale/zh_CN ChannelName/Lark appid/1664; appname/Lark; ttnet SDK-Version/7.64.13"
    }
  }
}
{
  "schema": "2.0",
  "header": {
    "event_id": "06f827d718385736b0ed100fbad78ad3",
    "token": "",
    "create_time": "1776419450803",
    "event_type": "im.message.receive_v1",
    "tenant_key": "1aa0fbb1ff995944",
    "app_id": "cli_a94fc9a45978de17"
  },
  "event": {
    "sender": {
      "sender_id": {
        "user_id": "adaaf873",
        "open_id": "ou_667e83f2936ba15a84513bd4cf60c262",
        "union_id": "on_786ce923e717aa97f77720e7de0adb3f"
      },
      "sender_type": "user",
      "tenant_key": "1aa0fbb1ff995944"
    },
    "message": {
      "message_id": "om_x100b5114696a0ca0eea0f226142653b",
      "create_time": "1776419450539",
      "update_time": "1776419450539",
      "chat_id": "oc_1a69bd0b7709507918dd2a27852c5ea2",
      "chat_type": "p2p",
      "message_type": "text",
      "content": "{\"text\":\"批准\"}",
      "user_agent": "Mozilla/5.0 (Linux; Android 13; 23013RK75C Build/TKQ1.220905.001; wv) AppleWebKit/537.36 (KHTML, like Gecko) Version/4.0 Chrome/120.0.6099.144 Mobile Safari/537.36 Lark/7.64.5 LarkLocale/zh_CN ChannelName/Lark appid/1664; appname/Lark; ttnet SDK-Version/7.64.13"
    }
  }
}
{
  "schema": "2.0",
  "header": {
    "event_id": "6af0d74410c2e662a2c23fed0041c1f6",
    "token": "",
    "create_time": "1776419328479",
    "event_type": "im.message.receive_v1",
    "tenant_key": "1aa0fbb1ff995944",
    "app_id": "cli_a94fc9a45978de17"
  },
  "event": {
    "sender": {
      "sender_id": {
        "user_id": "adaaf873",
        "open_id": "ou_667e83f2936ba15a84513bd4cf60c262",
        "union_id": "on_786ce923e717aa97f77720e7de0adb3f"
      },
      "sender_type": "user",
      "tenant_key": "1aa0fbb1ff995944"
    },
    "message": {
      "message_id": "om_x100b51146ecfdcaceeaaceab8b7f91d",
      "create_time": "1776419328202",
      "update_time": "1776419328202",
      "chat_id": "oc_6791bc79e6d6373ef078256b58b782d7",
      "chat_type": "group",
      "message_type": "text",
      "content": "{\"text\":\"@_user_1 对你自身进行升级到最新版本\"}",
      "mentions": [
        {
          "key": "@_user_1",
          "id": {
            "user_id": "",
            "open_id": "ou_19c9ad75ddcc264feb16cb2497913b2b",
            "union_id": "on_136a750d61f0b040722db8d211832107"
          },
          "name": "太子",
          "tenant_key": "1aa0fbb1ff995944"
        }
      ],
      "user_agent": "Mozilla/5.0 (Linux; Android 13; 23013RK75C Build/TKQ1.220905.001; wv) AppleWebKit/537.36 (KHTML, like Gecko) Version/4.0 Chrome/120.0.6099.144 Mobile Safari/537.36 Lark/7.64.5 LarkLocale/zh_CN ChannelName/Lark appid/1664; appname/Lark; ttnet SDK-Version/7.64.13"
    }
  }
}
{
  "schema": "2.0",
  "header": {
    "event_id": "f2ffe86f9934028101a1214e58613735",
    "token": "",
    "create_time": "1776419911013",
    "event_type": "im.message.receive_v1",
    "tenant_key": "1aa0fbb1ff995944",
    "app_id": "cli_a94fc9a45978de17"
  },
  "event": {
    "sender": {
      "sender_id": {
        "user_id": "adaaf873",
        "open_id": "ou_667e83f2936ba15a84513bd4cf60c262",
        "union_id": "on_786ce923e717aa97f77720e7de0adb3f"
      },
      "sender_type": "user",
      "tenant_key": "1aa0fbb1ff995944"
    },
    "message": {
      "message_id": "om_x100b51140aa760a0ee727649b8f7085",
      "create_time": "1776419910759",
      "update_time": "1776419910759",
      "chat_id": "oc_1a69bd0b7709507918dd2a27852c5ea2",
      "chat_type": "p2p",
      "message_type": "text",
      "content": "{\"text\":\"继续\"}",
      "user_agent": "Mozilla/5.0 (Linux; Android 13; 23013RK75C Build/TKQ1.220905.001; wv) AppleWebKit/537.36 (KHTML, like Gecko) Version/4.0 Chrome/120.0.6099.144 Mobile Safari/537.36 Lark/7.64.5 LarkLocale/zh_CN ChannelName/Lark appid/1664; appname/Lark; ttnet SDK-Version/7.64.13"
    }
  }
}
{
  "schema": "2.0",
  "header": {
    "event_id": "f2ffe86f9934028101a1214e58613735",
    "token": "",
    "create_time": "1776419911013",
    "event_type": "im.message.receive_v1",
    "tenant_key": "1aa0fbb1ff995944",
    "app_id": "cli_a94fc9a45978de17"
  },
  "event": {
    "sender": {
      "sender_id": {
        "user_id": "adaaf873",
        "open_id": "ou_667e83f2936ba15a84513bd4cf60c262",
        "union_id": "on_786ce923e717aa97f77720e7de0adb3f"
      },
      "sender_type": "user",
      "tenant_key": "1aa0fbb1ff995944"
    },
    "message": {
      "message_id": "om_x100b51140aa760a0ee727649b8f7085",
      "create_time": "1776419910759",
      "update_time": "1776419910759",
      "chat_id": "oc_1a69bd0b7709507918dd2a27852c5ea2",
      "chat_type": "p2p",
      "message_type": "text",
      "content": "{\"text\":\"继续\"}",
      "user_agent": "Mozilla/5.0 (Linux; Android 13; 23013RK75C Build/TKQ1.220905.001; wv) AppleWebKit/537.36 (KHTML, like Gecko) Version/4.0 Chrome/120.0.6099.144 Mobile Safari/537.36 Lark/7.64.5 LarkLocale/zh_CN ChannelName/Lark appid/1664; appname/Lark; ttnet SDK-Version/7.64.13"
    }
  }
}
{
  "schema": "2.0",
  "header": {
    "event_id": "a0e1c8aef2800ea812c0cfcc362df38a",
    "token": "",
    "create_time": "1776420397358",
    "event_type": "im.message.receive_v1",
    "tenant_key": "1aa0fbb1ff995944",
    "app_id": "cli_a94fc9a45978de17"
  },
  "event": {
    "sender": {
      "sender_id": {
        "user_id": "adaaf873",
        "open_id": "ou_667e83f2936ba15a84513bd4cf60c262",
        "union_id": "on_786ce923e717aa97f77720e7de0adb3f"
      },
      "sender_type": "user",
      "tenant_key": "1aa0fbb1ff995944"
    },
    "message": {
      "message_id": "om_x100b51142c1cf8acee8ef688edbae83",
      "create_time": "1776420397147",
      "update_time": "1776420397147",
      "chat_id": "oc_6791bc79e6d6373ef078256b58b782d7",
      "chat_type": "group",
      "message_type": "text",
      "content": "{\"text\":\"@太子  对你自身进行升级到最新版本 批准升级\"}",
      "user_agent": "Mozilla/5.0 (Linux; Android 13; 23013RK75C Build/TKQ1.220905.001; wv) AppleWebKit/537.36 (KHTML, like Gecko) Version/4.0 Chrome/120.0.6099.144 Mobile Safari/537.36 Lark/7.64.5 LarkLocale/zh_CN ChannelName/Lark appid/1664; appname/Lark; ttnet SDK-Version/7.64.13"
    }
  }
}
{
  "schema": "2.0",
  "header": {
    "event_id": "a0e1c8aef2800ea812c0cfcc362df38a",
    "token": "",
    "create_time": "1776420397358",
    "event_type": "im.message.receive_v1",
    "tenant_key": "1aa0fbb1ff995944",
    "app_id": "cli_a94fc9a45978de17"
  },
  "event": {
    "sender": {
      "sender_id": {
        "user_id": "adaaf873",
        "open_id": "ou_667e83f2936ba15a84513bd4cf60c262",
        "union_id": "on_786ce923e717aa97f77720e7de0adb3f"
      },
      "sender_type": "user",
      "tenant_key": "1aa0fbb1ff995944"
    },
    "message": {
      "message_id": "om_x100b51142c1cf8acee8ef688edbae83",
      "create_time": "1776420397147",
      "update_time": "1776420397147",
      "chat_id": "oc_6791bc79e6d6373ef078256b58b782d7",
      "chat_type": "group",
      "message_type": "text",
      "content": "{\"text\":\"@太子  对你自身进行升级到最新版本 批准升级\"}",
      "user_agent": "Mozilla/5.0 (Linux; Android 13; 23013RK75C Build/TKQ1.220905.001; wv) AppleWebKit/537.36 (KHTML, like Gecko) Version/4.0 Chrome/120.0.6099.144 Mobile Safari/537.36 Lark/7.64.5 LarkLocale/zh_CN ChannelName/Lark appid/1664; appname/Lark; ttnet SDK-Version/7.64.13"
    }
  }
}
{
  "schema": "2.0",
  "header": {
    "event_id": "a0e1c8aef2800ea812c0cfcc362df38a",
    "token": "",
    "create_time": "1776420397358",
    "event_type": "im.message.receive_v1",
    "tenant_key": "1aa0fbb1ff995944",
    "app_id": "cli_a94fc9a45978de17"
  },
  "event": {
    "sender": {
      "sender_id": {
        "user_id": "adaaf873",
        "open_id": "ou_667e83f2936ba15a84513bd4cf60c262",
        "union_id": "on_786ce923e717aa97f77720e7de0adb3f"
      },
      "sender_type": "user",
      "tenant_key": "1aa0fbb1ff995944"
    },
    "message": {
      "message_id": "om_x100b51142c1cf8acee8ef688edbae83",
      "create_time": "1776420397147",
      "update_time": "1776420397147",
      "chat_id": "oc_6791bc79e6d6373ef078256b58b782d7",
      "chat_type": "group",
      "message_type": "text",
      "content": "{\"text\":\"@太子  对你自身进行升级到最新版本 批准升级\"}",
      "user_agent": "Mozilla/5.0 (Linux; Android 13; 23013RK75C Build/TKQ1.220905.001; wv) AppleWebKit/537.36 (KHTML, like Gecko) Version/4.0 Chrome/120.0.6099.144 Mobile Safari/537.36 Lark/7.64.5 LarkLocale/zh_CN ChannelName/Lark appid/1664; appname/Lark; ttnet SDK-Version/7.64.13"
    }
  }
}
{
  "schema": "2.0",
  "header": {
    "event_id": "0340d21eda4d638feb7c2ffad9307589",
    "token": "",
    "create_time": "1776478262660",
    "event_type": "im.message.receive_v1",
    "tenant_key": "1aa0fbb1ff995944",
    "app_id": "cli_a94fc9a45978de17"
  },
  "event": {
    "sender": {
      "sender_id": {
        "user_id": "adaaf873",
        "open_id": "ou_667e83f2936ba15a84513bd4cf60c262",
        "union_id": "on_786ce923e717aa97f77720e7de0adb3f"
      },
      "sender_type": "user",
      "tenant_key": "1aa0fbb1ff995944"
    },
    "message": {
      "message_id": "om_x100b511acda86ca8ee801058bbd3d07",
      "create_time": "1776478262427",
      "update_time": "1776478262427",
      "chat_id": "oc_6791bc79e6d6373ef078256b58b782d7",
      "chat_type": "group",
      "message_type": "text",
      "content": "{\"text\":\"@_user_1 你现在的模型是什么\"}",
      "mentions": [
        {
          "key": "@_user_1",
          "id": {
            "user_id": "",
            "open_id": "ou_19c9ad75ddcc264feb16cb2497913b2b",
            "union_id": "on_136a750d61f0b040722db8d211832107"
          },
          "name": "太子",
          "tenant_key": "1aa0fbb1ff995944"
        }
      ],
      "user_agent": "Mozilla/5.0 (Linux; Android 13; 23013RK75C Build/TKQ1.220905.001; wv) AppleWebKit/537.36 (KHTML, like Gecko) Version/4.0 Chrome/120.0.6099.144 Mobile Safari/537.36 Lark/7.64.5 LarkLocale/zh_CN ChannelName/Lark appid/1664; appname/Lark; ttnet SDK-Version/7.64.13"
    }
  }
}
{
  "schema": "2.0",
  "header": {
    "event_id": "0340d21eda4d638feb7c2ffad9307589",
    "token": "",
    "create_time": "1776478262660",
    "event_type": "im.message.receive_v1",
    "tenant_key": "1aa0fbb1ff995944",
    "app_id": "cli_a94fc9a45978de17"
  },
  "event": {
    "sender": {
      "sender_id": {
        "user_id": "adaaf873",
        "open_id": "ou_667e83f2936ba15a84513bd4cf60c262",
        "union_id": "on_786ce923e717aa97f77720e7de0adb3f"
      },
      "sender_type": "user",
      "tenant_key": "1aa0fbb1ff995944"
    },
    "message": {
      "message_id": "om_x100b511acda86ca8ee801058bbd3d07",
      "create_time": "1776478262427",
      "update_time": "1776478262427",
      "chat_id": "oc_6791bc79e6d6373ef078256b58b782d7",
      "chat_type": "group",
      "message_type": "text",
      "content": "{\"text\":\"@_user_1 你现在的模型是什么\"}",
      "mentions": [
        {
          "key": "@_user_1",
          "id": {
            "user_id": "",
            "open_id": "ou_19c9ad75ddcc264feb16cb2497913b2b",
            "union_id": "on_136a750d61f0b040722db8d211832107"
          },
          "name": "太子",
          "tenant_key": "1aa0fbb1ff995944"
        }
      ],
      "user_agent": "Mozilla/5.0 (Linux; Android 13; 23013RK75C Build/TKQ1.220905.001; wv) AppleWebKit/537.36 (KHTML, like Gecko) Version/4.0 Chrome/120.0.6099.144 Mobile Safari/537.36 Lark/7.64.5 LarkLocale/zh_CN ChannelName/Lark appid/1664; appname/Lark; ttnet SDK-Version/7.64.13"
    }
  }
}
{
  "schema": "2.0",
  "header": {
    "event_id": "b74b86aff0fcdb22b3a18ded1c3343ff",
    "token": "",
    "create_time": "1776478326974",
    "event_type": "im.message.receive_v1",
    "tenant_key": "1aa0fbb1ff995944",
    "app_id": "cli_a94fc9a45978de17"
  },
  "event": {
    "sender": {
      "sender_id": {
        "user_id": "adaaf873",
        "open_id": "ou_667e83f2936ba15a84513bd4cf60c262",
        "union_id": "on_786ce923e717aa97f77720e7de0adb3f"
      },
      "sender_type": "user",
      "tenant_key": "1aa0fbb1ff995944"
    },
    "message": {
      "message_id": "om_x100b511ac9aa94a4eea258d21d42065",
      "create_time": "1776478326522",
      "update_time": "1776478326522",
      "chat_id": "oc_6791bc79e6d6373ef078256b58b782d7",
      "chat_type": "group",
      "message_type": "text",
      "content": "{\"text\":\"@_user_1 给我说一下你后面流转的流程是怎么样的\"}",
      "mentions": [
        {
          "key": "@_user_1",
          "id": {
            "user_id": "",
            "open_id": "ou_19c9ad75ddcc264feb16cb2497913b2b",
            "union_id": "on_136a750d61f0b040722db8d211832107"
          },
          "name": "太子",
          "tenant_key": "1aa0fbb1ff995944"
        }
      ],
      "user_agent": "Mozilla/5.0 (Linux; Android 13; 23013RK75C Build/TKQ1.220905.001; wv) AppleWebKit/537.36 (KHTML, like Gecko) Version/4.0 Chrome/120.0.6099.144 Mobile Safari/537.36 Lark/7.64.5 LarkLocale/zh_CN ChannelName/Lark appid/1664; appname/Lark; ttnet SDK-Version/7.64.13"
    }
  }
}
{
  "schema": "2.0",
  "header": {
    "event_id": "b74b86aff0fcdb22b3a18ded1c3343ff",
    "token": "",
    "create_time": "1776478326974",
    "event_type": "im.message.receive_v1",
    "tenant_key": "1aa0fbb1ff995944",
    "app_id": "cli_a94fc9a45978de17"
  },
  "event": {
    "sender": {
      "sender_id": {
        "user_id": "adaaf873",
        "open_id": "ou_667e83f2936ba15a84513bd4cf60c262",
        "union_id": "on_786ce923e717aa97f77720e7de0adb3f"
      },
      "sender_type": "user",
      "tenant_key": "1aa0fbb1ff995944"
    },
    "message": {
      "message_id": "om_x100b511ac9aa94a4eea258d21d42065",
      "create_time": "1776478326522",
      "update_time": "1776478326522",
      "chat_id": "oc_6791bc79e6d6373ef078256b58b782d7",
      "chat_type": "group",
      "message_type": "text",
      "content": "{\"text\":\"@_user_1 给我说一下你后面流转的流程是怎么样的\"}",
      "mentions": [
        {
          "key": "@_user_1",
          "id": {
            "user_id": "",
            "open_id": "ou_19c9ad75ddcc264feb16cb2497913b2b",
            "union_id": "on_136a750d61f0b040722db8d211832107"
          },
          "name": "太子",
          "tenant_key": "1aa0fbb1ff995944"
        }
      ],
      "user_agent": "Mozilla/5.0 (Linux; Android 13; 23013RK75C Build/TKQ1.220905.001; wv) AppleWebKit/537.36 (KHTML, like Gecko) Version/4.0 Chrome/120.0.6099.144 Mobile Safari/537.36 Lark/7.64.5 LarkLocale/zh_CN ChannelName/Lark appid/1664; appname/Lark; ttnet SDK-Version/7.64.13"
    }
  }
}
{
  "schema": "2.0",
  "header": {
    "event_id": "ec0c1c26f07acb50ebf13b505ccfa341",
    "token": "",
    "create_time": "1776478402870",
    "event_type": "im.message.receive_v1",
    "tenant_key": "1aa0fbb1ff995944",
    "app_id": "cli_a94fc9a45978de17"
  },
  "event": {
    "sender": {
      "sender_id": {
        "user_id": "adaaf873",
        "open_id": "ou_667e83f2936ba15a84513bd4cf60c262",
        "union_id": "on_786ce923e717aa97f77720e7de0adb3f"
      },
      "sender_type": "user",
      "tenant_key": "1aa0fbb1ff995944"
    },
    "message": {
      "message_id": "om_x100b511ac2e520a4eea242043b6071a",
      "create_time": "1776478402618",
      "update_time": "1776478402618",
      "chat_id": "oc_1a69bd0b7709507918dd2a27852c5ea2",
      "chat_type": "p2p",
      "message_type": "text",
      "content": "{\"text\":\"给我看看具体流转的流程图 转给那个agent\"}",
      "user_agent": "Mozilla/5.0 (Linux; Android 13; 23013RK75C Build/TKQ1.220905.001; wv) AppleWebKit/537.36 (KHTML, like Gecko) Version/4.0 Chrome/120.0.6099.144 Mobile Safari/537.36 Lark/7.64.5 LarkLocale/zh_CN ChannelName/Lark appid/1664; appname/Lark; ttnet SDK-Version/7.64.13"
    }
  }
}
{
  "schema": "2.0",
  "header": {
    "event_id": "ec0c1c26f07acb50ebf13b505ccfa341",
    "token": "",
    "create_time": "1776478402870",
    "event_type": "im.message.receive_v1",
    "tenant_key": "1aa0fbb1ff995944",
    "app_id": "cli_a94fc9a45978de17"
  },
  "event": {
    "sender": {
      "sender_id": {
        "user_id": "adaaf873",
        "open_id": "ou_667e83f2936ba15a84513bd4cf60c262",
        "union_id": "on_786ce923e717aa97f77720e7de0adb3f"
      },
      "sender_type": "user",
      "tenant_key": "1aa0fbb1ff995944"
    },
    "message": {
      "message_id": "om_x100b511ac2e520a4eea242043b6071a",
      "create_time": "1776478402618",
      "update_time": "1776478402618",
      "chat_id": "oc_1a69bd0b7709507918dd2a27852c5ea2",
      "chat_type": "p2p",
      "message_type": "text",
      "content": "{\"text\":\"给我看看具体流转的流程图 转给那个agent\"}",
      "user_agent": "Mozilla/5.0 (Linux; Android 13; 23013RK75C Build/TKQ1.220905.001; wv) AppleWebKit/537.36 (KHTML, like Gecko) Version/4.0 Chrome/120.0.6099.144 Mobile Safari/537.36 Lark/7.64.5 LarkLocale/zh_CN ChannelName/Lark appid/1664; appname/Lark; ttnet SDK-Version/7.64.13"
    }
  }
}
{
  "schema": "2.0",
  "header": {
    "event_id": "7a62fbbbf25d5b00a7ea522349771fda",
    "token": "",
    "create_time": "1776478480328",
    "event_type": "im.message.receive_v1",
    "tenant_key": "1aa0fbb1ff995944",
    "app_id": "cli_a94fc9a45978de17"
  },
  "event": {
    "sender": {
      "sender_id": {
        "user_id": "adaaf873",
        "open_id": "ou_667e83f2936ba15a84513bd4cf60c262",
        "union_id": "on_786ce923e717aa97f77720e7de0adb3f"
      },
      "sender_type": "user",
      "tenant_key": "1aa0fbb1ff995944"
    },
    "message": {
      "message_id": "om_x100b511adfcdf53cee8b8786747c412",
      "create_time": "1776478480087",
      "update_time": "1776478480087",
      "chat_id": "oc_1a69bd0b7709507918dd2a27852c5ea2",
      "chat_type": "p2p",
      "message_type": "text",
      "content": "{\"text\":\"不是太子转发给中书 中书给门下这个流程么\"}",
      "user_agent": "Mozilla/5.0 (Linux; Android 13; 23013RK75C Build/TKQ1.220905.001; wv) AppleWebKit/537.36 (KHTML, like Gecko) Version/4.0 Chrome/120.0.6099.144 Mobile Safari/537.36 Lark/7.64.5 LarkLocale/zh_CN ChannelName/Lark appid/1664; appname/Lark; ttnet SDK-Version/7.64.13"
    }
  }
}
{
  "schema": "2.0",
  "header": {
    "event_id": "7a62fbbbf25d5b00a7ea522349771fda",
    "token": "",
    "create_time": "1776478480328",
    "event_type": "im.message.receive_v1",
    "tenant_key": "1aa0fbb1ff995944",
    "app_id": "cli_a94fc9a45978de17"
  },
  "event": {
    "sender": {
      "sender_id": {
        "user_id": "adaaf873",
        "open_id": "ou_667e83f2936ba15a84513bd4cf60c262",
        "union_id": "on_786ce923e717aa97f77720e7de0adb3f"
      },
      "sender_type": "user",
      "tenant_key": "1aa0fbb1ff995944"
    },
    "message": {
      "message_id": "om_x100b511adfcdf53cee8b8786747c412",
      "create_time": "1776478480087",
      "update_time": "1776478480087",
      "chat_id": "oc_1a69bd0b7709507918dd2a27852c5ea2",
      "chat_type": "p2p",
      "message_type": "text",
      "content": "{\"text\":\"不是太子转发给中书 中书给门下这个流程么\"}",
      "user_agent": "Mozilla/5.0 (Linux; Android 13; 23013RK75C Build/TKQ1.220905.001; wv) AppleWebKit/537.36 (KHTML, like Gecko) Version/4.0 Chrome/120.0.6099.144 Mobile Safari/537.36 Lark/7.64.5 LarkLocale/zh_CN ChannelName/Lark appid/1664; appname/Lark; ttnet SDK-Version/7.64.13"
    }
  }
}
{
  "schema": "2.0",
  "header": {
    "event_id": "0340d21eda4d638feb7c2ffad9307589",
    "token": "",
    "create_time": "1776478262660",
    "event_type": "im.message.receive_v1",
    "tenant_key": "1aa0fbb1ff995944",
    "app_id": "cli_a94fc9a45978de17"
  },
  "event": {
    "sender": {
      "sender_id": {
        "user_id": "adaaf873",
        "open_id": "ou_667e83f2936ba15a84513bd4cf60c262",
        "union_id": "on_786ce923e717aa97f77720e7de0adb3f"
      },
      "sender_type": "user",
      "tenant_key": "1aa0fbb1ff995944"
    },
    "message": {
      "message_id": "om_x100b511acda86ca8ee801058bbd3d07",
      "create_time": "1776478262427",
      "update_time": "1776478262427",
      "chat_id": "oc_6791bc79e6d6373ef078256b58b782d7",
      "chat_type": "group",
      "message_type": "text",
      "content": "{\"text\":\"@_user_1 你现在的模型是什么\"}",
      "mentions": [
        {
          "key": "@_user_1",
          "id": {
            "user_id": "",
            "open_id": "ou_19c9ad75ddcc264feb16cb2497913b2b",
            "union_id": "on_136a750d61f0b040722db8d211832107"
          },
          "name": "太子",
          "tenant_key": "1aa0fbb1ff995944"
        }
      ],
      "user_agent": "Mozilla/5.0 (Linux; Android 13; 23013RK75C Build/TKQ1.220905.001; wv) AppleWebKit/537.36 (KHTML, like Gecko) Version/4.0 Chrome/120.0.6099.144 Mobile Safari/537.36 Lark/7.64.5 LarkLocale/zh_CN ChannelName/Lark appid/1664; appname/Lark; ttnet SDK-Version/7.64.13"
    }
  }
}
{
  "schema": "2.0",
  "header": {
    "event_id": "ec0c1c26f07acb50ebf13b505ccfa341",
    "token": "",
    "create_time": "1776478402870",
    "event_type": "im.message.receive_v1",
    "tenant_key": "1aa0fbb1ff995944",
    "app_id": "cli_a94fc9a45978de17"
  },
  "event": {
    "sender": {
      "sender_id": {
        "user_id": "adaaf873",
        "open_id": "ou_667e83f2936ba15a84513bd4cf60c262",
        "union_id": "on_786ce923e717aa97f77720e7de0adb3f"
      },
      "sender_type": "user",
      "tenant_key": "1aa0fbb1ff995944"
    },
    "message": {
      "message_id": "om_x100b511ac2e520a4eea242043b6071a",
      "create_time": "1776478402618",
      "update_time": "1776478402618",
      "chat_id": "oc_1a69bd0b7709507918dd2a27852c5ea2",
      "chat_type": "p2p",
      "message_type": "text",
      "content": "{\"text\":\"给我看看具体流转的流程图 转给那个agent\"}",
      "user_agent": "Mozilla/5.0 (Linux; Android 13; 23013RK75C Build/TKQ1.220905.001; wv) AppleWebKit/537.36 (KHTML, like Gecko) Version/4.0 Chrome/120.0.6099.144 Mobile Safari/537.36 Lark/7.64.5 LarkLocale/zh_CN ChannelName/Lark appid/1664; appname/Lark; ttnet SDK-Version/7.64.13"
    }
  }
}
{
  "schema": "2.0",
  "header": {
    "event_id": "ecec307a9f48f5aaf4d88e615a48473f",
    "token": "",
    "create_time": "1776478868065",
    "event_type": "im.message.receive_v1",
    "tenant_key": "1aa0fbb1ff995944",
    "app_id": "cli_a94fc9a45978de17"
  },
  "event": {
    "sender": {
      "sender_id": {
        "user_id": "adaaf873",
        "open_id": "ou_667e83f2936ba15a84513bd4cf60c262",
        "union_id": "on_786ce923e717aa97f77720e7de0adb3f"
      },
      "sender_type": "user",
      "tenant_key": "1aa0fbb1ff995944"
    },
    "message": {
      "message_id": "om_x100b511ae7f638a0ee8f0c49d50003d",
      "create_time": "1776478867814",
      "update_time": "1776478867814",
      "chat_id": "oc_1a69bd0b7709507918dd2a27852c5ea2",
      "chat_type": "p2p",
      "message_type": "text",
      "content": "{\"text\":\"任务执行的时候 需要使用这个架构\"}",
      "user_agent": "Mozilla/5.0 (Linux; Android 13; 23013RK75C Build/TKQ1.220905.001; wv) AppleWebKit/537.36 (KHTML, like Gecko) Version/4.0 Chrome/120.0.6099.144 Mobile Safari/537.36 Lark/7.64.5 LarkLocale/zh_CN ChannelName/Lark appid/1664; appname/Lark; ttnet SDK-Version/7.64.13"
    }
  }
}
{
  "schema": "2.0",
  "header": {
    "event_id": "ecec307a9f48f5aaf4d88e615a48473f",
    "token": "",
    "create_time": "1776478868065",
    "event_type": "im.message.receive_v1",
    "tenant_key": "1aa0fbb1ff995944",
    "app_id": "cli_a94fc9a45978de17"
  },
  "event": {
    "sender": {
      "sender_id": {
        "user_id": "adaaf873",
        "open_id": "ou_667e83f2936ba15a84513bd4cf60c262",
        "union_id": "on_786ce923e717aa97f77720e7de0adb3f"
      },
      "sender_type": "user",
      "tenant_key": "1aa0fbb1ff995944"
    },
    "message": {
      "message_id": "om_x100b511ae7f638a0ee8f0c49d50003d",
      "create_time": "1776478867814",
      "update_time": "1776478867814",
      "chat_id": "oc_1a69bd0b7709507918dd2a27852c5ea2",
      "chat_type": "p2p",
      "message_type": "text",
      "content": "{\"text\":\"任务执行的时候 需要使用这个架构\"}",
      "user_agent": "Mozilla/5.0 (Linux; Android 13; 23013RK75C Build/TKQ1.220905.001; wv) AppleWebKit/537.36 (KHTML, like Gecko) Version/4.0 Chrome/120.0.6099.144 Mobile Safari/537.36 Lark/7.64.5 LarkLocale/zh_CN ChannelName/Lark appid/1664; appname/Lark; ttnet SDK-Version/7.64.13"
    }
  }
}
{
  "schema": "2.0",
  "header": {
    "event_id": "8497f8a309f458368c98b8dc1eea362c",
    "token": "",
    "create_time": "1776478986328",
    "event_type": "im.message.receive_v1",
    "tenant_key": "1aa0fbb1ff995944",
    "app_id": "cli_a94fc9a45978de17"
  },
  "event": {
    "sender": {
      "sender_id": {
        "user_id": "adaaf873",
        "open_id": "ou_667e83f2936ba15a84513bd4cf60c262",
        "union_id": "on_786ce923e717aa97f77720e7de0adb3f"
      },
      "sender_type": "user",
      "tenant_key": "1aa0fbb1ff995944"
    },
    "message": {
      "message_id": "om_x100b511afe6db934ee7706688d213e4",
      "create_time": "1776478986076",
      "update_time": "1776478986076",
      "chat_id": "oc_1a69bd0b7709507918dd2a27852c5ea2",
      "chat_type": "p2p",
      "message_type": "text",
      "content": "{\"text\":\"三书六部应该有一个完整的执行流程 现在我想要对hermes进行版本升级 升级完成后 要对他的问题进行检查及修复\"}",
      "user_agent": "Mozilla/5.0 (Linux; Android 13; 23013RK75C Build/TKQ1.220905.001; wv) AppleWebKit/537.36 (KHTML, like Gecko) Version/4.0 Chrome/120.0.6099.144 Mobile Safari/537.36 Lark/7.64.5 LarkLocale/zh_CN ChannelName/Lark appid/1664; appname/Lark; ttnet SDK-Version/7.64.13"
    }
  }
}
{
  "schema": "2.0",
  "header": {
    "event_id": "8497f8a309f458368c98b8dc1eea362c",
    "token": "",
    "create_time": "1776478986328",
    "event_type": "im.message.receive_v1",
    "tenant_key": "1aa0fbb1ff995944",
    "app_id": "cli_a94fc9a45978de17"
  },
  "event": {
    "sender": {
      "sender_id": {
        "user_id": "adaaf873",
        "open_id": "ou_667e83f2936ba15a84513bd4cf60c262",
        "union_id": "on_786ce923e717aa97f77720e7de0adb3f"
      },
      "sender_type": "user",
      "tenant_key": "1aa0fbb1ff995944"
    },
    "message": {
      "message_id": "om_x100b511afe6db934ee7706688d213e4",
      "create_time": "1776478986076",
      "update_time": "1776478986076",
      "chat_id": "oc_1a69bd0b7709507918dd2a27852c5ea2",
      "chat_type": "p2p",
      "message_type": "text",
      "content": "{\"text\":\"三书六部应该有一个完整的执行流程 现在我想要对hermes进行版本升级 升级完成后 要对他的问题进行检查及修复\"}",
      "user_agent": "Mozilla/5.0 (Linux; Android 13; 23013RK75C Build/TKQ1.220905.001; wv) AppleWebKit/537.36 (KHTML, like Gecko) Version/4.0 Chrome/120.0.6099.144 Mobile Safari/537.36 Lark/7.64.5 LarkLocale/zh_CN ChannelName/Lark appid/1664; appname/Lark; ttnet SDK-Version/7.64.13"
    }
  }
}
{
  "schema": "2.0",
  "header": {
    "event_id": "d66e39b4a4f10b118d5dbd4e8f3118b2",
    "token": "",
    "create_time": "1776479041580",
    "event_type": "im.message.receive_v1",
    "tenant_key": "1aa0fbb1ff995944",
    "app_id": "cli_a94fc9a45978de17"
  },
  "event": {
    "sender": {
      "sender_id": {
        "user_id": "adaaf873",
        "open_id": "ou_667e83f2936ba15a84513bd4cf60c262",
        "union_id": "on_786ce923e717aa97f77720e7de0adb3f"
      },
      "sender_type": "user",
      "tenant_key": "1aa0fbb1ff995944"
    },
    "message": {
      "message_id": "om_x100b511afadf6538eea28e0aa0b26d3",
      "create_time": "1776479041251",
      "update_time": "1776479041251",
      "chat_id": "oc_1a69bd0b7709507918dd2a27852c5ea2",
      "chat_type": "p2p",
      "message_type": "text",
      "content": "{\"text\":\"开始执行操作\"}",
      "user_agent": "Mozilla/5.0 (Linux; Android 13; 23013RK75C Build/TKQ1.220905.001; wv) AppleWebKit/537.36 (KHTML, like Gecko) Version/4.0 Chrome/120.0.6099.144 Mobile Safari/537.36 Lark/7.64.5 LarkLocale/zh_CN ChannelName/Lark appid/1664; appname/Lark; ttnet SDK-Version/7.64.13"
    }
  }
}
{
  "schema": "2.0",
  "header": {
    "event_id": "d66e39b4a4f10b118d5dbd4e8f3118b2",
    "token": "",
    "create_time": "1776479041580",
    "event_type": "im.message.receive_v1",
    "tenant_key": "1aa0fbb1ff995944",
    "app_id": "cli_a94fc9a45978de17"
  },
  "event": {
    "sender": {
      "sender_id": {
        "user_id": "adaaf873",
        "open_id": "ou_667e83f2936ba15a84513bd4cf60c262",
        "union_id": "on_786ce923e717aa97f77720e7de0adb3f"
      },
      "sender_type": "user",
      "tenant_key": "1aa0fbb1ff995944"
    },
    "message": {
      "message_id": "om_x100b511afadf6538eea28e0aa0b26d3",
      "create_time": "1776479041251",
      "update_time": "1776479041251",
      "chat_id": "oc_1a69bd0b7709507918dd2a27852c5ea2",
      "chat_type": "p2p",
      "message_type": "text",
      "content": "{\"text\":\"开始执行操作\"}",
      "user_agent": "Mozilla/5.0 (Linux; Android 13; 23013RK75C Build/TKQ1.220905.001; wv) AppleWebKit/537.36 (KHTML, like Gecko) Version/4.0 Chrome/120.0.6099.144 Mobile Safari/537.36 Lark/7.64.5 LarkLocale/zh_CN ChannelName/Lark appid/1664; appname/Lark; ttnet SDK-Version/7.64.13"
    }
  }
}
{
  "schema": "2.0",
  "header": {
    "event_id": "23083340afc0112a213149d1c3739e04",
    "token": "",
    "create_time": "1776479174338",
    "event_type": "im.message.receive_v1",
    "tenant_key": "1aa0fbb1ff995944",
    "app_id": "cli_a94fc9a45978de17"
  },
  "event": {
    "sender": {
      "sender_id": {
        "user_id": "adaaf873",
        "open_id": "ou_667e83f2936ba15a84513bd4cf60c262",
        "union_id": "on_786ce923e717aa97f77720e7de0adb3f"
      },
      "sender_type": "user",
      "tenant_key": "1aa0fbb1ff995944"
    },
    "message": {
      "message_id": "om_x100b511af293d0a8eea00e678ceaa89",
      "create_time": "1776479173987",
      "update_time": "1776479173987",
      "chat_id": "oc_1a69bd0b7709507918dd2a27852c5ea2",
      "chat_type": "p2p",
      "message_type": "text",
      "content": "{\"text\":\"升级hermes到最新版本 并进行检测及修复\"}",
      "user_agent": "Mozilla/5.0 (Linux; Android 13; 23013RK75C Build/TKQ1.220905.001; wv) AppleWebKit/537.36 (KHTML, like Gecko) Version/4.0 Chrome/120.0.6099.144 Mobile Safari/537.36 Lark/7.64.5 LarkLocale/zh_CN ChannelName/Lark appid/1664; appname/Lark; ttnet SDK-Version/7.64.13"
    }
  }
}
{
  "schema": "2.0",
  "header": {
    "event_id": "23083340afc0112a213149d1c3739e04",
    "token": "",
    "create_time": "1776479174338",
    "event_type": "im.message.receive_v1",
    "tenant_key": "1aa0fbb1ff995944",
    "app_id": "cli_a94fc9a45978de17"
  },
  "event": {
    "sender": {
      "sender_id": {
        "user_id": "adaaf873",
        "open_id": "ou_667e83f2936ba15a84513bd4cf60c262",
        "union_id": "on_786ce923e717aa97f77720e7de0adb3f"
      },
      "sender_type": "user",
      "tenant_key": "1aa0fbb1ff995944"
    },
    "message": {
      "message_id": "om_x100b511af293d0a8eea00e678ceaa89",
      "create_time": "1776479173987",
      "update_time": "1776479173987",
      "chat_id": "oc_1a69bd0b7709507918dd2a27852c5ea2",
      "chat_type": "p2p",
      "message_type": "text",
      "content": "{\"text\":\"升级hermes到最新版本 并进行检测及修复\"}",
      "user_agent": "Mozilla/5.0 (Linux; Android 13; 23013RK75C Build/TKQ1.220905.001; wv) AppleWebKit/537.36 (KHTML, like Gecko) Version/4.0 Chrome/120.0.6099.144 Mobile Safari/537.36 Lark/7.64.5 LarkLocale/zh_CN ChannelName/Lark appid/1664; appname/Lark; ttnet SDK-Version/7.64.13"
    }
  }
}
{
  "schema": "2.0",
  "header": {
    "event_id": "ff1cff5a2a821ed03974604437e1d8dc",
    "token": "",
    "create_time": "1776479206483",
    "event_type": "im.message.receive_v1",
    "tenant_key": "1aa0fbb1ff995944",
    "app_id": "cli_a94fc9a45978de17"
  },
  "event": {
    "sender": {
      "sender_id": {
        "user_id": "adaaf873",
        "open_id": "ou_667e83f2936ba15a84513bd4cf60c262",
        "union_id": "on_786ce923e717aa97f77720e7de0adb3f"
      },
      "sender_type": "user",
      "tenant_key": "1aa0fbb1ff995944"
    },
    "message": {
      "message_id": "om_x100b511af0aceca8eea67744c8fed2e",
      "create_time": "1776479206144",
      "update_time": "1776479206144",
      "chat_id": "oc_1a69bd0b7709507918dd2a27852c5ea2",
      "chat_type": "p2p",
      "message_type": "text",
      "content": "{\"text\":\"1\"}",
      "user_agent": "Mozilla/5.0 (Linux; Android 13; 23013RK75C Build/TKQ1.220905.001; wv) AppleWebKit/537.36 (KHTML, like Gecko) Version/4.0 Chrome/120.0.6099.144 Mobile Safari/537.36 Lark/7.64.5 LarkLocale/zh_CN ChannelName/Lark appid/1664; appname/Lark; ttnet SDK-Version/7.64.13"
    }
  }
}
{
  "schema": "2.0",
  "header": {
    "event_id": "ff1cff5a2a821ed03974604437e1d8dc",
    "token": "",
    "create_time": "1776479206483",
    "event_type": "im.message.receive_v1",
    "tenant_key": "1aa0fbb1ff995944",
    "app_id": "cli_a94fc9a45978de17"
  },
  "event": {
    "sender": {
      "sender_id": {
        "user_id": "adaaf873",
        "open_id": "ou_667e83f2936ba15a84513bd4cf60c262",
        "union_id": "on_786ce923e717aa97f77720e7de0adb3f"
      },
      "sender_type": "user",
      "tenant_key": "1aa0fbb1ff995944"
    },
    "message": {
      "message_id": "om_x100b511af0aceca8eea67744c8fed2e",
      "create_time": "1776479206144",
      "update_time": "1776479206144",
      "chat_id": "oc_1a69bd0b7709507918dd2a27852c5ea2",
      "chat_type": "p2p",
      "message_type": "text",
      "content": "{\"text\":\"1\"}",
      "user_agent": "Mozilla/5.0 (Linux; Android 13; 23013RK75C Build/TKQ1.220905.001; wv) AppleWebKit/537.36 (KHTML, like Gecko) Version/4.0 Chrome/120.0.6099.144 Mobile Safari/537.36 Lark/7.64.5 LarkLocale/zh_CN ChannelName/Lark appid/1664; appname/Lark; ttnet SDK-Version/7.64.13"
    }
  }
}
{
  "schema": "2.0",
  "header": {
    "event_id": "b5d707148ec3031bf51e1599f487eea8",
    "token": "",
    "create_time": "1776479276181",
    "event_type": "im.message.receive_v1",
    "tenant_key": "1aa0fbb1ff995944",
    "app_id": "cli_a94fc9a45978de17"
  },
  "event": {
    "sender": {
      "sender_id": {
        "user_id": "adaaf873",
        "open_id": "ou_667e83f2936ba15a84513bd4cf60c262",
        "union_id": "on_786ce923e717aa97f77720e7de0adb3f"
      },
      "sender_type": "user",
      "tenant_key": "1aa0fbb1ff995944"
    },
    "message": {
      "message_id": "om_x100b511a8c7090a4ee8a15a6e3d008a",
      "create_time": "1776479275903",
      "update_time": "1776479275903",
      "chat_id": "oc_1a69bd0b7709507918dd2a27852c5ea2",
      "chat_type": "p2p",
      "message_type": "text",
      "content": "{\"text\":\"执行对应内容 补充需求使用三书六部进行整体流转 如果有需要技能学习 自动学习技能\"}",
      "user_agent": "Mozilla/5.0 (Linux; Android 13; 23013RK75C Build/TKQ1.220905.001; wv) AppleWebKit/537.36 (KHTML, like Gecko) Version/4.0 Chrome/120.0.6099.144 Mobile Safari/537.36 Lark/7.64.5 LarkLocale/zh_CN ChannelName/Lark appid/1664; appname/Lark; ttnet SDK-Version/7.64.13"
    }
  }
}
{
  "schema": "2.0",
  "header": {
    "event_id": "b5d707148ec3031bf51e1599f487eea8",
    "token": "",
    "create_time": "1776479276181",
    "event_type": "im.message.receive_v1",
    "tenant_key": "1aa0fbb1ff995944",
    "app_id": "cli_a94fc9a45978de17"
  },
  "event": {
    "sender": {
      "sender_id": {
        "user_id": "adaaf873",
        "open_id": "ou_667e83f2936ba15a84513bd4cf60c262",
        "union_id": "on_786ce923e717aa97f77720e7de0adb3f"
      },
      "sender_type": "user",
      "tenant_key": "1aa0fbb1ff995944"
    },
    "message": {
      "message_id": "om_x100b511a8c7090a4ee8a15a6e3d008a",
      "create_time": "1776479275903",
      "update_time": "1776479275903",
      "chat_id": "oc_1a69bd0b7709507918dd2a27852c5ea2",
      "chat_type": "p2p",
      "message_type": "text",
      "content": "{\"text\":\"执行对应内容 补充需求使用三书六部进行整体流转 如果有需要技能学习 自动学习技能\"}",
      "user_agent": "Mozilla/5.0 (Linux; Android 13; 23013RK75C Build/TKQ1.220905.001; wv) AppleWebKit/537.36 (KHTML, like Gecko) Version/4.0 Chrome/120.0.6099.144 Mobile Safari/537.36 Lark/7.64.5 LarkLocale/zh_CN ChannelName/Lark appid/1664; appname/Lark; ttnet SDK-Version/7.64.13"
    }
  }
}
{
  "schema": "2.0",
  "header": {
    "event_id": "aad440c42231239f9ecef32eba97e3df",
    "token": "",
    "create_time": "1776479401545",
    "event_type": "im.message.receive_v1",
    "tenant_key": "1aa0fbb1ff995944",
    "app_id": "cli_a94fc9a45978de17"
  },
  "event": {
    "sender": {
      "sender_id": {
        "user_id": "adaaf873",
        "open_id": "ou_667e83f2936ba15a84513bd4cf60c262",
        "union_id": "on_786ce923e717aa97f77720e7de0adb3f"
      },
      "sender_type": "user",
      "tenant_key": "1aa0fbb1ff995944"
    },
    "message": {
      "message_id": "om_x100b511a845ee930ee7eccaad51ffa9",
      "create_time": "1776479401283",
      "update_time": "1776479401283",
      "chat_id": "oc_1a69bd0b7709507918dd2a27852c5ea2",
      "chat_type": "p2p",
      "message_type": "text",
      "content": "{\"text\":\"不用拆解 三书六部有对应的拆解 你现在需要做的就是帮我升级hermes到最新版本\"}",
      "user_agent": "Mozilla/5.0 (Linux; Android 13; 23013RK75C Build/TKQ1.220905.001; wv) AppleWebKit/537.36 (KHTML, like Gecko) Version/4.0 Chrome/120.0.6099.144 Mobile Safari/537.36 Lark/7.64.5 LarkLocale/zh_CN ChannelName/Lark appid/1664; appname/Lark; ttnet SDK-Version/7.64.13"
    }
  }
}
{
  "schema": "2.0",
  "header": {
    "event_id": "aad440c42231239f9ecef32eba97e3df",
    "token": "",
    "create_time": "1776479401545",
    "event_type": "im.message.receive_v1",
    "tenant_key": "1aa0fbb1ff995944",
    "app_id": "cli_a94fc9a45978de17"
  },
  "event": {
    "sender": {
      "sender_id": {
        "user_id": "adaaf873",
        "open_id": "ou_667e83f2936ba15a84513bd4cf60c262",
        "union_id": "on_786ce923e717aa97f77720e7de0adb3f"
      },
      "sender_type": "user",
      "tenant_key": "1aa0fbb1ff995944"
    },
    "message": {
      "message_id": "om_x100b511a845ee930ee7eccaad51ffa9",
      "create_time": "1776479401283",
      "update_time": "1776479401283",
      "chat_id": "oc_1a69bd0b7709507918dd2a27852c5ea2",
      "chat_type": "p2p",
      "message_type": "text",
      "content": "{\"text\":\"不用拆解 三书六部有对应的拆解 你现在需要做的就是帮我升级hermes到最新版本\"}",
      "user_agent": "Mozilla/5.0 (Linux; Android 13; 23013RK75C Build/TKQ1.220905.001; wv) AppleWebKit/537.36 (KHTML, like Gecko) Version/4.0 Chrome/120.0.6099.144 Mobile Safari/537.36 Lark/7.64.5 LarkLocale/zh_CN ChannelName/Lark appid/1664; appname/Lark; ttnet SDK-Version/7.64.13"
    }
  }
}
{
  "schema": "2.0",
  "header": {
    "event_id": "93b07f1a66c46e340e678752e01e24da",
    "token": "",
    "create_time": "1776479588079",
    "event_type": "im.message.receive_v1",
    "tenant_key": "1aa0fbb1ff995944",
    "app_id": "cli_a94fc9a45978de17"
  },
  "event": {
    "sender": {
      "sender_id": {
        "user_id": "adaaf873",
        "open_id": "ou_667e83f2936ba15a84513bd4cf60c262",
        "union_id": "on_786ce923e717aa97f77720e7de0adb3f"
      },
      "sender_type": "user",
      "tenant_key": "1aa0fbb1ff995944"
    },
    "message": {
      "message_id": "om_x100b511a98f1ad34ee8135c9113439c",
      "create_time": "1776479587841",
      "update_time": "1776479587841",
      "chat_id": "oc_1a69bd0b7709507918dd2a27852c5ea2",
      "chat_type": "p2p",
      "message_type": "text",
      "content": "{\"text\":\"检查一下这个 hermes-gateway.service 你再对应升级到最新版本\"}",
      "user_agent": "Mozilla/5.0 (Linux; Android 13; 23013RK75C Build/TKQ1.220905.001; wv) AppleWebKit/537.36 (KHTML, like Gecko) Version/4.0 Chrome/120.0.6099.144 Mobile Safari/537.36 Lark/7.64.5 LarkLocale/zh_CN ChannelName/Lark appid/1664; appname/Lark; ttnet SDK-Version/7.64.13"
    }
  }
}
{
  "schema": "2.0",
  "header": {
    "event_id": "b5d707148ec3031bf51e1599f487eea8",
    "token": "",
    "create_time": "1776479276181",
    "event_type": "im.message.receive_v1",
    "tenant_key": "1aa0fbb1ff995944",
    "app_id": "cli_a94fc9a45978de17"
  },
  "event": {
    "sender": {
      "sender_id": {
        "user_id": "adaaf873",
        "open_id": "ou_667e83f2936ba15a84513bd4cf60c262",
        "union_id": "on_786ce923e717aa97f77720e7de0adb3f"
      },
      "sender_type": "user",
      "tenant_key": "1aa0fbb1ff995944"
    },
    "message": {
      "message_id": "om_x100b511a8c7090a4ee8a15a6e3d008a",
      "create_time": "1776479275903",
      "update_time": "1776479275903",
      "chat_id": "oc_1a69bd0b7709507918dd2a27852c5ea2",
      "chat_type": "p2p",
      "message_type": "text",
      "content": "{\"text\":\"执行对应内容 补充需求使用三书六部进行整体流转 如果有需要技能学习 自动学习技能\"}",
      "user_agent": "Mozilla/5.0 (Linux; Android 13; 23013RK75C Build/TKQ1.220905.001; wv) AppleWebKit/537.36 (KHTML, like Gecko) Version/4.0 Chrome/120.0.6099.144 Mobile Safari/537.36 Lark/7.64.5 LarkLocale/zh_CN ChannelName/Lark appid/1664; appname/Lark; ttnet SDK-Version/7.64.13"
    }
  }
}
{
  "schema": "2.0",
  "header": {
    "event_id": "93b07f1a66c46e340e678752e01e24da",
    "token": "",
    "create_time": "1776479588079",
    "event_type": "im.message.receive_v1",
    "tenant_key": "1aa0fbb1ff995944",
    "app_id": "cli_a94fc9a45978de17"
  },
  "event": {
    "sender": {
      "sender_id": {
        "user_id": "adaaf873",
        "open_id": "ou_667e83f2936ba15a84513bd4cf60c262",
        "union_id": "on_786ce923e717aa97f77720e7de0adb3f"
      },
      "sender_type": "user",
      "tenant_key": "1aa0fbb1ff995944"
    },
    "message": {
      "message_id": "om_x100b511a98f1ad34ee8135c9113439c",
      "create_time": "1776479587841",
      "update_time": "1776479587841",
      "chat_id": "oc_1a69bd0b7709507918dd2a27852c5ea2",
      "chat_type": "p2p",
      "message_type": "text",
      "content": "{\"text\":\"检查一下这个 hermes-gateway.service 你再对应升级到最新版本\"}",
      "user_agent": "Mozilla/5.0 (Linux; Android 13; 23013RK75C Build/TKQ1.220905.001; wv) AppleWebKit/537.36 (KHTML, like Gecko) Version/4.0 Chrome/120.0.6099.144 Mobile Safari/537.36 Lark/7.64.5 LarkLocale/zh_CN ChannelName/Lark appid/1664; appname/Lark; ttnet SDK-Version/7.64.13"
    }
  }
}
{
  "schema": "2.0",
  "header": {
    "event_id": "7c960f400a9402b96f692e5cc52c2431",
    "token": "",
    "create_time": "1776479703069",
    "event_type": "im.message.receive_v1",
    "tenant_key": "1aa0fbb1ff995944",
    "app_id": "cli_a94fc9a45978de17"
  },
  "event": {
    "sender": {
      "sender_id": {
        "user_id": "adaaf873",
        "open_id": "ou_667e83f2936ba15a84513bd4cf60c262",
        "union_id": "on_786ce923e717aa97f77720e7de0adb3f"
      },
      "sender_type": "user",
      "tenant_key": "1aa0fbb1ff995944"
    },
    "message": {
      "message_id": "om_x100b511a93a6d0a4eeaa162826e38ed",
      "create_time": "1776479702792",
      "update_time": "1776479702792",
      "chat_id": "oc_1a69bd0b7709507918dd2a27852c5ea2",
      "chat_type": "p2p",
      "message_type": "text",
      "content": "{\"text\":\"批准执行 后续不需要进行批准 给予你所有权限\"}",
      "user_agent": "Mozilla/5.0 (Linux; Android 13; 23013RK75C Build/TKQ1.220905.001; wv) AppleWebKit/537.36 (KHTML, like Gecko) Version/4.0 Chrome/120.0.6099.144 Mobile Safari/537.36 Lark/7.64.5 LarkLocale/zh_CN ChannelName/Lark appid/1664; appname/Lark; ttnet SDK-Version/7.64.13"
    }
  }
}
{
  "schema": "2.0",
  "header": {
    "event_id": "7c960f400a9402b96f692e5cc52c2431",
    "token": "",
    "create_time": "1776479703069",
    "event_type": "im.message.receive_v1",
    "tenant_key": "1aa0fbb1ff995944",
    "app_id": "cli_a94fc9a45978de17"
  },
  "event": {
    "sender": {
      "sender_id": {
        "user_id": "adaaf873",
        "open_id": "ou_667e83f2936ba15a84513bd4cf60c262",
        "union_id": "on_786ce923e717aa97f77720e7de0adb3f"
      },
      "sender_type": "user",
      "tenant_key": "1aa0fbb1ff995944"
    },
    "message": {
      "message_id": "om_x100b511a93a6d0a4eeaa162826e38ed",
      "create_time": "1776479702792",
      "update_time": "1776479702792",
      "chat_id": "oc_1a69bd0b7709507918dd2a27852c5ea2",
      "chat_type": "p2p",
      "message_type": "text",
      "content": "{\"text\":\"批准执行 后续不需要进行批准 给予你所有权限\"}",
      "user_agent": "Mozilla/5.0 (Linux; Android 13; 23013RK75C Build/TKQ1.220905.001; wv) AppleWebKit/537.36 (KHTML, like Gecko) Version/4.0 Chrome/120.0.6099.144 Mobile Safari/537.36 Lark/7.64.5 LarkLocale/zh_CN ChannelName/Lark appid/1664; appname/Lark; ttnet SDK-Version/7.64.13"
    }
  }
}
{
  "schema": "2.0",
  "header": {
    "event_id": "aad440c42231239f9ecef32eba97e3df",
    "token": "",
    "create_time": "1776479401545",
    "event_type": "im.message.receive_v1",
    "tenant_key": "1aa0fbb1ff995944",
    "app_id": "cli_a94fc9a45978de17"
  },
  "event": {
    "sender": {
      "sender_id": {
        "user_id": "adaaf873",
        "open_id": "ou_667e83f2936ba15a84513bd4cf60c262",
        "union_id": "on_786ce923e717aa97f77720e7de0adb3f"
      },
      "sender_type": "user",
      "tenant_key": "1aa0fbb1ff995944"
    },
    "message": {
      "message_id": "om_x100b511a845ee930ee7eccaad51ffa9",
      "create_time": "1776479401283",
      "update_time": "1776479401283",
      "chat_id": "oc_1a69bd0b7709507918dd2a27852c5ea2",
      "chat_type": "p2p",
      "message_type": "text",
      "content": "{\"text\":\"不用拆解 三书六部有对应的拆解 你现在需要做的就是帮我升级hermes到最新版本\"}",
      "user_agent": "Mozilla/5.0 (Linux; Android 13; 23013RK75C Build/TKQ1.220905.001; wv) AppleWebKit/537.36 (KHTML, like Gecko) Version/4.0 Chrome/120.0.6099.144 Mobile Safari/537.36 Lark/7.64.5 LarkLocale/zh_CN ChannelName/Lark appid/1664; appname/Lark; ttnet SDK-Version/7.64.13"
    }
  }
}
{
  "schema": "2.0",
  "header": {
    "event_id": "07555a66aa4e167f7e3d78d10fbba3da",
    "token": "",
    "create_time": "1776479753315",
    "event_type": "im.message.receive_v1",
    "tenant_key": "1aa0fbb1ff995944",
    "app_id": "cli_a94fc9a45978de17"
  },
  "event": {
    "sender": {
      "sender_id": {
        "user_id": "adaaf873",
        "open_id": "ou_667e83f2936ba15a84513bd4cf60c262",
        "union_id": "on_786ce923e717aa97f77720e7de0adb3f"
      },
      "sender_type": "user",
      "tenant_key": "1aa0fbb1ff995944"
    },
    "message": {
      "message_id": "om_x100b511aae5dd0a0eeafc7aee23a607",
      "create_time": "1776479753084",
      "update_time": "1776479753084",
      "chat_id": "oc_1a69bd0b7709507918dd2a27852c5ea2",
      "chat_type": "p2p",
      "message_type": "text",
      "content": "{\"text\":\"继续操作\"}",
      "user_agent": "Mozilla/5.0 (Linux; Android 13; 23013RK75C Build/TKQ1.220905.001; wv) AppleWebKit/537.36 (KHTML, like Gecko) Version/4.0 Chrome/120.0.6099.144 Mobile Safari/537.36 Lark/7.64.5 LarkLocale/zh_CN ChannelName/Lark appid/1664; appname/Lark; ttnet SDK-Version/7.64.13"
    }
  }
}
{
  "schema": "2.0",
  "header": {
    "event_id": "07555a66aa4e167f7e3d78d10fbba3da",
    "token": "",
    "create_time": "1776479753315",
    "event_type": "im.message.receive_v1",
    "tenant_key": "1aa0fbb1ff995944",
    "app_id": "cli_a94fc9a45978de17"
  },
  "event": {
    "sender": {
      "sender_id": {
        "user_id": "adaaf873",
        "open_id": "ou_667e83f2936ba15a84513bd4cf60c262",
        "union_id": "on_786ce923e717aa97f77720e7de0adb3f"
      },
      "sender_type": "user",
      "tenant_key": "1aa0fbb1ff995944"
    },
    "message": {
      "message_id": "om_x100b511aae5dd0a0eeafc7aee23a607",
      "create_time": "1776479753084",
      "update_time": "1776479753084",
      "chat_id": "oc_1a69bd0b7709507918dd2a27852c5ea2",
      "chat_type": "p2p",
      "message_type": "text",
      "content": "{\"text\":\"继续操作\"}",
      "user_agent": "Mozilla/5.0 (Linux; Android 13; 23013RK75C Build/TKQ1.220905.001; wv) AppleWebKit/537.36 (KHTML, like Gecko) Version/4.0 Chrome/120.0.6099.144 Mobile Safari/537.36 Lark/7.64.5 LarkLocale/zh_CN ChannelName/Lark appid/1664; appname/Lark; ttnet SDK-Version/7.64.13"
    }
  }
}
{
  "schema": "2.0",
  "header": {
    "event_id": "836a28fd78139287521af6fc7f2587ec",
    "token": "",
    "create_time": "1776479825775",
    "event_type": "im.message.receive_v1",
    "tenant_key": "1aa0fbb1ff995944",
    "app_id": "cli_a94fc9a45978de17"
  },
  "event": {
    "sender": {
      "sender_id": {
        "user_id": "adaaf873",
        "open_id": "ou_667e83f2936ba15a84513bd4cf60c262",
        "union_id": "on_786ce923e717aa97f77720e7de0adb3f"
      },
      "sender_type": "user",
      "tenant_key": "1aa0fbb1ff995944"
    },
    "message": {
      "message_id": "om_x100b511aabd9c8a0ee88467cf2fc6a0",
      "create_time": "1776479825334",
      "update_time": "1776479825334",
      "chat_id": "oc_1a69bd0b7709507918dd2a27852c5ea2",
      "chat_type": "p2p",
      "message_type": "text",
      "content": "{\"text\":\"批准继续进行\"}",
      "user_agent": "Mozilla/5.0 (Linux; Android 13; 23013RK75C Build/TKQ1.220905.001; wv) AppleWebKit/537.36 (KHTML, like Gecko) Version/4.0 Chrome/120.0.6099.144 Mobile Safari/537.36 Lark/7.64.5 LarkLocale/zh_CN ChannelName/Lark appid/1664; appname/Lark; ttnet SDK-Version/7.64.13"
    }
  }
}
{
  "schema": "2.0",
  "header": {
    "event_id": "836a28fd78139287521af6fc7f2587ec",
    "token": "",
    "create_time": "1776479825775",
    "event_type": "im.message.receive_v1",
    "tenant_key": "1aa0fbb1ff995944",
    "app_id": "cli_a94fc9a45978de17"
  },
  "event": {
    "sender": {
      "sender_id": {
        "user_id": "adaaf873",
        "open_id": "ou_667e83f2936ba15a84513bd4cf60c262",
        "union_id": "on_786ce923e717aa97f77720e7de0adb3f"
      },
      "sender_type": "user",
      "tenant_key": "1aa0fbb1ff995944"
    },
    "message": {
      "message_id": "om_x100b511aabd9c8a0ee88467cf2fc6a0",
      "create_time": "1776479825334",
      "update_time": "1776479825334",
      "chat_id": "oc_1a69bd0b7709507918dd2a27852c5ea2",
      "chat_type": "p2p",
      "message_type": "text",
      "content": "{\"text\":\"批准继续进行\"}",
      "user_agent": "Mozilla/5.0 (Linux; Android 13; 23013RK75C Build/TKQ1.220905.001; wv) AppleWebKit/537.36 (KHTML, like Gecko) Version/4.0 Chrome/120.0.6099.144 Mobile Safari/537.36 Lark/7.64.5 LarkLocale/zh_CN ChannelName/Lark appid/1664; appname/Lark; ttnet SDK-Version/7.64.13"
    }
  }
}
{
  "schema": "2.0",
  "header": {
    "event_id": "07555a66aa4e167f7e3d78d10fbba3da",
    "token": "",
    "create_time": "1776479753315",
    "event_type": "im.message.receive_v1",
    "tenant_key": "1aa0fbb1ff995944",
    "app_id": "cli_a94fc9a45978de17"
  },
  "event": {
    "sender": {
      "sender_id": {
        "user_id": "adaaf873",
        "open_id": "ou_667e83f2936ba15a84513bd4cf60c262",
        "union_id": "on_786ce923e717aa97f77720e7de0adb3f"
      },
      "sender_type": "user",
      "tenant_key": "1aa0fbb1ff995944"
    },
    "message": {
      "message_id": "om_x100b511aae5dd0a0eeafc7aee23a607",
      "create_time": "1776479753084",
      "update_time": "1776479753084",
      "chat_id": "oc_1a69bd0b7709507918dd2a27852c5ea2",
      "chat_type": "p2p",
      "message_type": "text",
      "content": "{\"text\":\"继续操作\"}",
      "user_agent": "Mozilla/5.0 (Linux; Android 13; 23013RK75C Build/TKQ1.220905.001; wv) AppleWebKit/537.36 (KHTML, like Gecko) Version/4.0 Chrome/120.0.6099.144 Mobile Safari/537.36 Lark/7.64.5 LarkLocale/zh_CN ChannelName/Lark appid/1664; appname/Lark; ttnet SDK-Version/7.64.13"
    }
  }
}
{
  "schema": "2.0",
  "header": {
    "event_id": "d7fde4dac6e360f2720fe8f318d302d7",
    "token": "",
    "create_time": "1776481051393",
    "event_type": "im.message.receive_v1",
    "tenant_key": "1aa0fbb1ff995944",
    "app_id": "cli_a94fc9a45978de17"
  },
  "event": {
    "sender": {
      "sender_id": {
        "user_id": "adaaf873",
        "open_id": "ou_667e83f2936ba15a84513bd4cf60c262",
        "union_id": "on_786ce923e717aa97f77720e7de0adb3f"
      },
      "sender_type": "user",
      "tenant_key": "1aa0fbb1ff995944"
    },
    "message": {
      "message_id": "om_x100b511b7f7ca0a0eead277ae537832",
      "create_time": "1776481051143",
      "update_time": "1776481051143",
      "chat_id": "oc_1a69bd0b7709507918dd2a27852c5ea2",
      "chat_type": "p2p",
      "message_type": "text",
      "content": "{\"text\":\"当前进度及反馈\"}",
      "user_agent": "Mozilla/5.0 (Linux; Android 13; 23013RK75C Build/TKQ1.220905.001; wv) AppleWebKit/537.36 (KHTML, like Gecko) Version/4.0 Chrome/120.0.6099.144 Mobile Safari/537.36 Lark/7.64.5 LarkLocale/zh_CN ChannelName/Lark appid/1664; appname/Lark; ttnet SDK-Version/7.64.13"
    }
  }
}
{
  "schema": "2.0",
  "header": {
    "event_id": "d7fde4dac6e360f2720fe8f318d302d7",
    "token": "",
    "create_time": "1776481051393",
    "event_type": "im.message.receive_v1",
    "tenant_key": "1aa0fbb1ff995944",
    "app_id": "cli_a94fc9a45978de17"
  },
  "event": {
    "sender": {
      "sender_id": {
        "user_id": "adaaf873",
        "open_id": "ou_667e83f2936ba15a84513bd4cf60c262",
        "union_id": "on_786ce923e717aa97f77720e7de0adb3f"
      },
      "sender_type": "user",
      "tenant_key": "1aa0fbb1ff995944"
    },
    "message": {
      "message_id": "om_x100b511b7f7ca0a0eead277ae537832",
      "create_time": "1776481051143",
      "update_time": "1776481051143",
      "chat_id": "oc_1a69bd0b7709507918dd2a27852c5ea2",
      "chat_type": "p2p",
      "message_type": "text",
      "content": "{\"text\":\"当前进度及反馈\"}",
      "user_agent": "Mozilla/5.0 (Linux; Android 13; 23013RK75C Build/TKQ1.220905.001; wv) AppleWebKit/537.36 (KHTML, like Gecko) Version/4.0 Chrome/120.0.6099.144 Mobile Safari/537.36 Lark/7.64.5 LarkLocale/zh_CN ChannelName/Lark appid/1664; appname/Lark; ttnet SDK-Version/7.64.13"
    }
  }
}
{
  "schema": "2.0",
  "header": {
    "event_id": "42e90aa669cdc82787a1d420fa18251b",
    "token": "",
    "create_time": "1776481104963",
    "event_type": "im.message.receive_v1",
    "tenant_key": "1aa0fbb1ff995944",
    "app_id": "cli_a94fc9a45978de17"
  },
  "event": {
    "sender": {
      "sender_id": {
        "user_id": "adaaf873",
        "open_id": "ou_667e83f2936ba15a84513bd4cf60c262",
        "union_id": "on_786ce923e717aa97f77720e7de0adb3f"
      },
      "sender_type": "user",
      "tenant_key": "1aa0fbb1ff995944"
    },
    "message": {
      "message_id": "om_x100b511b7bc704a4ee85ff0b05b1597",
      "create_time": "1776481104730",
      "update_time": "1776481104730",
      "chat_id": "oc_1a69bd0b7709507918dd2a27852c5ea2",
      "chat_type": "p2p",
      "message_type": "text",
      "content": "{\"text\":\"查hermes升级这个任务到那一步了\"}",
      "user_agent": "Mozilla/5.0 (Linux; Android 13; 23013RK75C Build/TKQ1.220905.001; wv) AppleWebKit/537.36 (KHTML, like Gecko) Version/4.0 Chrome/120.0.6099.144 Mobile Safari/537.36 Lark/7.64.5 LarkLocale/zh_CN ChannelName/Lark appid/1664; appname/Lark; ttnet SDK-Version/7.64.13"
    }
  }
}
{
  "schema": "2.0",
  "header": {
    "event_id": "42e90aa669cdc82787a1d420fa18251b",
    "token": "",
    "create_time": "1776481104963",
    "event_type": "im.message.receive_v1",
    "tenant_key": "1aa0fbb1ff995944",
    "app_id": "cli_a94fc9a45978de17"
  },
  "event": {
    "sender": {
      "sender_id": {
        "user_id": "adaaf873",
        "open_id": "ou_667e83f2936ba15a84513bd4cf60c262",
        "union_id": "on_786ce923e717aa97f77720e7de0adb3f"
      },
      "sender_type": "user",
      "tenant_key": "1aa0fbb1ff995944"
    },
    "message": {
      "message_id": "om_x100b511b7bc704a4ee85ff0b05b1597",
      "create_time": "1776481104730",
      "update_time": "1776481104730",
      "chat_id": "oc_1a69bd0b7709507918dd2a27852c5ea2",
      "chat_type": "p2p",
      "message_type": "text",
      "content": "{\"text\":\"查hermes升级这个任务到那一步了\"}",
      "user_agent": "Mozilla/5.0 (Linux; Android 13; 23013RK75C Build/TKQ1.220905.001; wv) AppleWebKit/537.36 (KHTML, like Gecko) Version/4.0 Chrome/120.0.6099.144 Mobile Safari/537.36 Lark/7.64.5 LarkLocale/zh_CN ChannelName/Lark appid/1664; appname/Lark; ttnet SDK-Version/7.64.13"
    }
  }
}
{
  "schema": "2.0",
  "header": {
    "event_id": "d7fde4dac6e360f2720fe8f318d302d7",
    "token": "",
    "create_time": "1776481051393",
    "event_type": "im.message.receive_v1",
    "tenant_key": "1aa0fbb1ff995944",
    "app_id": "cli_a94fc9a45978de17"
  },
  "event": {
    "sender": {
      "sender_id": {
        "user_id": "adaaf873",
        "open_id": "ou_667e83f2936ba15a84513bd4cf60c262",
        "union_id": "on_786ce923e717aa97f77720e7de0adb3f"
      },
      "sender_type": "user",
      "tenant_key": "1aa0fbb1ff995944"
    },
    "message": {
      "message_id": "om_x100b511b7f7ca0a0eead277ae537832",
      "create_time": "1776481051143",
      "update_time": "1776481051143",
      "chat_id": "oc_1a69bd0b7709507918dd2a27852c5ea2",
      "chat_type": "p2p",
      "message_type": "text",
      "content": "{\"text\":\"当前进度及反馈\"}",
      "user_agent": "Mozilla/5.0 (Linux; Android 13; 23013RK75C Build/TKQ1.220905.001; wv) AppleWebKit/537.36 (KHTML, like Gecko) Version/4.0 Chrome/120.0.6099.144 Mobile Safari/537.36 Lark/7.64.5 LarkLocale/zh_CN ChannelName/Lark appid/1664; appname/Lark; ttnet SDK-Version/7.64.13"
    }
  }
}
{
  "schema": "2.0",
  "header": {
    "event_id": "42e90aa669cdc82787a1d420fa18251b",
    "token": "",
    "create_time": "1776481104963",
    "event_type": "im.message.receive_v1",
    "tenant_key": "1aa0fbb1ff995944",
    "app_id": "cli_a94fc9a45978de17"
  },
  "event": {
    "sender": {
      "sender_id": {
        "user_id": "adaaf873",
        "open_id": "ou_667e83f2936ba15a84513bd4cf60c262",
        "union_id": "on_786ce923e717aa97f77720e7de0adb3f"
      },
      "sender_type": "user",
      "tenant_key": "1aa0fbb1ff995944"
    },
    "message": {
      "message_id": "om_x100b511b7bc704a4ee85ff0b05b1597",
      "create_time": "1776481104730",
      "update_time": "1776481104730",
      "chat_id": "oc_1a69bd0b7709507918dd2a27852c5ea2",
      "chat_type": "p2p",
      "message_type": "text",
      "content": "{\"text\":\"查hermes升级这个任务到那一步了\"}",
      "user_agent": "Mozilla/5.0 (Linux; Android 13; 23013RK75C Build/TKQ1.220905.001; wv) AppleWebKit/537.36 (KHTML, like Gecko) Version/4.0 Chrome/120.0.6099.144 Mobile Safari/537.36 Lark/7.64.5 LarkLocale/zh_CN ChannelName/Lark appid/1664; appname/Lark; ttnet SDK-Version/7.64.13"
    }
  }
}
{
  "schema": "2.0",
  "header": {
    "event_id": "3f3dcfe20d1aa27669bb44fd00a3e946",
    "token": "",
    "create_time": "1776481539756",
    "event_type": "im.message.receive_v1",
    "tenant_key": "1aa0fbb1ff995944",
    "app_id": "cli_a94fc9a45978de17"
  },
  "event": {
    "sender": {
      "sender_id": {
        "user_id": "adaaf873",
        "open_id": "ou_667e83f2936ba15a84513bd4cf60c262",
        "union_id": "on_786ce923e717aa97f77720e7de0adb3f"
      },
      "sender_type": "user",
      "tenant_key": "1aa0fbb1ff995944"
    },
    "message": {
      "message_id": "om_x100b511b1efb5b88eea75b0653671dc",
      "create_time": "1776481539501",
      "update_time": "1776481539501",
      "chat_id": "oc_1a69bd0b7709507918dd2a27852c5ea2",
      "chat_type": "p2p",
      "message_type": "text",
      "content": "{\"text\":\"对所有agent进行查询并自动安装推荐技能\"}",
      "user_agent": "Mozilla/5.0 (Linux; Android 13; 23013RK75C Build/TKQ1.220905.001; wv) AppleWebKit/537.36 (KHTML, like Gecko) Version/4.0 Chrome/120.0.6099.144 Mobile Safari/537.36 Lark/7.64.5 LarkLocale/zh_CN ChannelName/Lark appid/1664; appname/Lark; ttnet SDK-Version/7.64.13"
    }
  }
}
{
  "schema": "2.0",
  "header": {
    "event_id": "3f3dcfe20d1aa27669bb44fd00a3e946",
    "token": "",
    "create_time": "1776481539756",
    "event_type": "im.message.receive_v1",
    "tenant_key": "1aa0fbb1ff995944",
    "app_id": "cli_a94fc9a45978de17"
  },
  "event": {
    "sender": {
      "sender_id": {
        "user_id": "adaaf873",
        "open_id": "ou_667e83f2936ba15a84513bd4cf60c262",
        "union_id": "on_786ce923e717aa97f77720e7de0adb3f"
      },
      "sender_type": "user",
      "tenant_key": "1aa0fbb1ff995944"
    },
    "message": {
      "message_id": "om_x100b511b1efb5b88eea75b0653671dc",
      "create_time": "1776481539501",
      "update_time": "1776481539501",
      "chat_id": "oc_1a69bd0b7709507918dd2a27852c5ea2",
      "chat_type": "p2p",
      "message_type": "text",
      "content": "{\"text\":\"对所有agent进行查询并自动安装推荐技能\"}",
      "user_agent": "Mozilla/5.0 (Linux; Android 13; 23013RK75C Build/TKQ1.220905.001; wv) AppleWebKit/537.36 (KHTML, like Gecko) Version/4.0 Chrome/120.0.6099.144 Mobile Safari/537.36 Lark/7.64.5 LarkLocale/zh_CN ChannelName/Lark appid/1664; appname/Lark; ttnet SDK-Version/7.64.13"
    }
  }
}
{
  "schema": "2.0",
  "header": {
    "event_id": "a4ed9e56283820d02ec149e74176cdc1",
    "token": "",
    "create_time": "1776481659497",
    "event_type": "im.message.receive_v1",
    "tenant_key": "1aa0fbb1ff995944",
    "app_id": "cli_a94fc9a45978de17"
  },
  "event": {
    "sender": {
      "sender_id": {
        "user_id": "adaaf873",
        "open_id": "ou_667e83f2936ba15a84513bd4cf60c262",
        "union_id": "on_786ce923e717aa97f77720e7de0adb3f"
      },
      "sender_type": "user",
      "tenant_key": "1aa0fbb1ff995944"
    },
    "message": {
      "message_id": "om_x100b511b197f48a0ee71aef187fb18d",
      "create_time": "1776481659238",
      "update_time": "1776481659238",
      "chat_id": "oc_1a69bd0b7709507918dd2a27852c5ea2",
      "chat_type": "p2p",
      "message_type": "text",
      "content": "{\"text\":\"三书六部不是有十几个agent么\"}",
      "user_agent": "Mozilla/5.0 (Linux; Android 13; 23013RK75C Build/TKQ1.220905.001; wv) AppleWebKit/537.36 (KHTML, like Gecko) Version/4.0 Chrome/120.0.6099.144 Mobile Safari/537.36 Lark/7.64.5 LarkLocale/zh_CN ChannelName/Lark appid/1664; appname/Lark; ttnet SDK-Version/7.64.13"
    }
  }
}
{
  "schema": "2.0",
  "header": {
    "event_id": "a4ed9e56283820d02ec149e74176cdc1",
    "token": "",
    "create_time": "1776481659497",
    "event_type": "im.message.receive_v1",
    "tenant_key": "1aa0fbb1ff995944",
    "app_id": "cli_a94fc9a45978de17"
  },
  "event": {
    "sender": {
      "sender_id": {
        "user_id": "adaaf873",
        "open_id": "ou_667e83f2936ba15a84513bd4cf60c262",
        "union_id": "on_786ce923e717aa97f77720e7de0adb3f"
      },
      "sender_type": "user",
      "tenant_key": "1aa0fbb1ff995944"
    },
    "message": {
      "message_id": "om_x100b511b197f48a0ee71aef187fb18d",
      "create_time": "1776481659238",
      "update_time": "1776481659238",
      "chat_id": "oc_1a69bd0b7709507918dd2a27852c5ea2",
      "chat_type": "p2p",
      "message_type": "text",
      "content": "{\"text\":\"三书六部不是有十几个agent么\"}",
      "user_agent": "Mozilla/5.0 (Linux; Android 13; 23013RK75C Build/TKQ1.220905.001; wv) AppleWebKit/537.36 (KHTML, like Gecko) Version/4.0 Chrome/120.0.6099.144 Mobile Safari/537.36 Lark/7.64.5 LarkLocale/zh_CN ChannelName/Lark appid/1664; appname/Lark; ttnet SDK-Version/7.64.13"
    }
  }
}
{
  "schema": "2.0",
  "header": {
    "event_id": "c2399de88d46c1fbd957257c1854ebf0",
    "token": "",
    "create_time": "1776482011343",
    "event_type": "im.message.receive_v1",
    "tenant_key": "1aa0fbb1ff995944",
    "app_id": "cli_a94fc9a45978de17"
  },
  "event": {
    "sender": {
      "sender_id": {
        "user_id": "adaaf873",
        "open_id": "ou_667e83f2936ba15a84513bd4cf60c262",
        "union_id": "on_786ce923e717aa97f77720e7de0adb3f"
      },
      "sender_type": "user",
      "tenant_key": "1aa0fbb1ff995944"
    },
    "message": {
      "message_id": "om_x100b511b237d88a0ee71a667f00b836",
      "create_time": "1776482011059",
      "update_time": "1776482011059",
      "chat_id": "oc_1a69bd0b7709507918dd2a27852c5ea2",
      "chat_type": "p2p",
      "message_type": "text",
      "content": "{\"text\":\"给三书六部的每个agent进行推荐技能安装\"}",
      "user_agent": "Mozilla/5.0 (Linux; Android 13; 23013RK75C Build/TKQ1.220905.001; wv) AppleWebKit/537.36 (KHTML, like Gecko) Version/4.0 Chrome/120.0.6099.144 Mobile Safari/537.36 Lark/7.64.5 LarkLocale/zh_CN ChannelName/Lark appid/1664; appname/Lark; ttnet SDK-Version/7.64.13"
    }
  }
}
{
  "schema": "2.0",
  "header": {
    "event_id": "c2399de88d46c1fbd957257c1854ebf0",
    "token": "",
    "create_time": "1776482011343",
    "event_type": "im.message.receive_v1",
    "tenant_key": "1aa0fbb1ff995944",
    "app_id": "cli_a94fc9a45978de17"
  },
  "event": {
    "sender": {
      "sender_id": {
        "user_id": "adaaf873",
        "open_id": "ou_667e83f2936ba15a84513bd4cf60c262",
        "union_id": "on_786ce923e717aa97f77720e7de0adb3f"
      },
      "sender_type": "user",
      "tenant_key": "1aa0fbb1ff995944"
    },
    "message": {
      "message_id": "om_x100b511b237d88a0ee71a667f00b836",
      "create_time": "1776482011059",
      "update_time": "1776482011059",
      "chat_id": "oc_1a69bd0b7709507918dd2a27852c5ea2",
      "chat_type": "p2p",
      "message_type": "text",
      "content": "{\"text\":\"给三书六部的每个agent进行推荐技能安装\"}",
      "user_agent": "Mozilla/5.0 (Linux; Android 13; 23013RK75C Build/TKQ1.220905.001; wv) AppleWebKit/537.36 (KHTML, like Gecko) Version/4.0 Chrome/120.0.6099.144 Mobile Safari/537.36 Lark/7.64.5 LarkLocale/zh_CN ChannelName/Lark appid/1664; appname/Lark; ttnet SDK-Version/7.64.13"
    }
  }
}
{
  "schema": "2.0",
  "header": {
    "event_id": "b3de0ccd17a5e0b8fc1b4a96c3dda152",
    "token": "",
    "create_time": "1776482331299",
    "event_type": "im.message.receive_v1",
    "tenant_key": "1aa0fbb1ff995944",
    "app_id": "cli_a94fc9a45978de17"
  },
  "event": {
    "sender": {
      "sender_id": {
        "user_id": "adaaf873",
        "open_id": "ou_667e83f2936ba15a84513bd4cf60c262",
        "union_id": "on_786ce923e717aa97f77720e7de0adb3f"
      },
      "sender_type": "user",
      "tenant_key": "1aa0fbb1ff995944"
    },
    "message": {
      "message_id": "om_x100b511bcf6010a8ee888d30f6d8f83",
      "create_time": "1776482330942",
      "update_time": "1776482330942",
      "chat_id": "oc_1a69bd0b7709507918dd2a27852c5ea2",
      "chat_type": "p2p",
      "message_type": "text",
      "content": "{\"text\":\"直接帮我安装好使用clawhub或者skillhub市场\"}",
      "user_agent": "Mozilla/5.0 (Linux; Android 13; 23013RK75C Build/TKQ1.220905.001; wv) AppleWebKit/537.36 (KHTML, like Gecko) Version/4.0 Chrome/120.0.6099.144 Mobile Safari/537.36 Lark/7.64.5 LarkLocale/zh_CN ChannelName/Lark appid/1664; appname/Lark; ttnet SDK-Version/7.64.13"
    }
  }
}
{
  "schema": "2.0",
  "header": {
    "event_id": "b3de0ccd17a5e0b8fc1b4a96c3dda152",
    "token": "",
    "create_time": "1776482331299",
    "event_type": "im.message.receive_v1",
    "tenant_key": "1aa0fbb1ff995944",
    "app_id": "cli_a94fc9a45978de17"
  },
  "event": {
    "sender": {
      "sender_id": {
        "user_id": "adaaf873",
        "open_id": "ou_667e83f2936ba15a84513bd4cf60c262",
        "union_id": "on_786ce923e717aa97f77720e7de0adb3f"
      },
      "sender_type": "user",
      "tenant_key": "1aa0fbb1ff995944"
    },
    "message": {
      "message_id": "om_x100b511bcf6010a8ee888d30f6d8f83",
      "create_time": "1776482330942",
      "update_time": "1776482330942",
      "chat_id": "oc_1a69bd0b7709507918dd2a27852c5ea2",
      "chat_type": "p2p",
      "message_type": "text",
      "content": "{\"text\":\"直接帮我安装好使用clawhub或者skillhub市场\"}",
      "user_agent": "Mozilla/5.0 (Linux; Android 13; 23013RK75C Build/TKQ1.220905.001; wv) AppleWebKit/537.36 (KHTML, like Gecko) Version/4.0 Chrome/120.0.6099.144 Mobile Safari/537.36 Lark/7.64.5 LarkLocale/zh_CN ChannelName/Lark appid/1664; appname/Lark; ttnet SDK-Version/7.64.13"
    }
  }
}
{
  "schema": "2.0",
  "header": {
    "event_id": "257ffb503fb8c0f10991c334500fd842",
    "token": "",
    "create_time": "1776482464981",
    "event_type": "im.message.receive_v1",
    "tenant_key": "1aa0fbb1ff995944",
    "app_id": "cli_a94fc9a45978de17"
  },
  "event": {
    "sender": {
      "sender_id": {
        "user_id": "adaaf873",
        "open_id": "ou_667e83f2936ba15a84513bd4cf60c262",
        "union_id": "on_786ce923e717aa97f77720e7de0adb3f"
      },
      "sender_type": "user",
      "tenant_key": "1aa0fbb1ff995944"
    },
    "message": {
      "message_id": "om_x100b511bc4c714a0ee8bffb19af5ca7",
      "create_time": "1776482464737",
      "update_time": "1776482464737",
      "chat_id": "oc_1a69bd0b7709507918dd2a27852c5ea2",
      "chat_type": "p2p",
      "message_type": "text",
      "content": "{\"text\":\"帮我自动安装\"}",
      "user_agent": "Mozilla/5.0 (Linux; Android 13; 23013RK75C Build/TKQ1.220905.001; wv) AppleWebKit/537.36 (KHTML, like Gecko) Version/4.0 Chrome/120.0.6099.144 Mobile Safari/537.36 Lark/7.64.5 LarkLocale/zh_CN ChannelName/Lark appid/1664; appname/Lark; ttnet SDK-Version/7.64.13"
    }
  }
}
{
  "schema": "2.0",
  "header": {
    "event_id": "257ffb503fb8c0f10991c334500fd842",
    "token": "",
    "create_time": "1776482464981",
    "event_type": "im.message.receive_v1",
    "tenant_key": "1aa0fbb1ff995944",
    "app_id": "cli_a94fc9a45978de17"
  },
  "event": {
    "sender": {
      "sender_id": {
        "user_id": "adaaf873",
        "open_id": "ou_667e83f2936ba15a84513bd4cf60c262",
        "union_id": "on_786ce923e717aa97f77720e7de0adb3f"
      },
      "sender_type": "user",
      "tenant_key": "1aa0fbb1ff995944"
    },
    "message": {
      "message_id": "om_x100b511bc4c714a0ee8bffb19af5ca7",
      "create_time": "1776482464737",
      "update_time": "1776482464737",
      "chat_id": "oc_1a69bd0b7709507918dd2a27852c5ea2",
      "chat_type": "p2p",
      "message_type": "text",
      "content": "{\"text\":\"帮我自动安装\"}",
      "user_agent": "Mozilla/5.0 (Linux; Android 13; 23013RK75C Build/TKQ1.220905.001; wv) AppleWebKit/537.36 (KHTML, like Gecko) Version/4.0 Chrome/120.0.6099.144 Mobile Safari/537.36 Lark/7.64.5 LarkLocale/zh_CN ChannelName/Lark appid/1664; appname/Lark; ttnet SDK-Version/7.64.13"
    }
  }
}
{
  "schema": "2.0",
  "header": {
    "event_id": "b2dfdc65ca4e9902676933694e937b5c",
    "token": "",
    "create_time": "1776482567371",
    "event_type": "im.message.receive_v1",
    "tenant_key": "1aa0fbb1ff995944",
    "app_id": "cli_a94fc9a45978de17"
  },
  "event": {
    "sender": {
      "sender_id": {
        "user_id": "adaaf873",
        "open_id": "ou_667e83f2936ba15a84513bd4cf60c262",
        "union_id": "on_786ce923e717aa97f77720e7de0adb3f"
      },
      "sender_type": "user",
      "tenant_key": "1aa0fbb1ff995944"
    },
    "message": {
      "message_id": "om_x100b511bdebcd0a0ee84b16b7fe7041",
      "create_time": "1776482567148",
      "update_time": "1776482567148",
      "chat_id": "oc_1a69bd0b7709507918dd2a27852c5ea2",
      "chat_type": "p2p",
      "message_type": "text",
      "content": "{\"text\":\"读取上文 帮我自动安装推荐技能\"}",
      "user_agent": "Mozilla/5.0 (Linux; Android 13; 23013RK75C Build/TKQ1.220905.001; wv) AppleWebKit/537.36 (KHTML, like Gecko) Version/4.0 Chrome/120.0.6099.144 Mobile Safari/537.36 Lark/7.64.5 LarkLocale/zh_CN ChannelName/Lark appid/1664; appname/Lark; ttnet SDK-Version/7.64.13"
    }
  }
}
{
  "schema": "2.0",
  "header": {
    "event_id": "b2dfdc65ca4e9902676933694e937b5c",
    "token": "",
    "create_time": "1776482567371",
    "event_type": "im.message.receive_v1",
    "tenant_key": "1aa0fbb1ff995944",
    "app_id": "cli_a94fc9a45978de17"
  },
  "event": {
    "sender": {
      "sender_id": {
        "user_id": "adaaf873",
        "open_id": "ou_667e83f2936ba15a84513bd4cf60c262",
        "union_id": "on_786ce923e717aa97f77720e7de0adb3f"
      },
      "sender_type": "user",
      "tenant_key": "1aa0fbb1ff995944"
    },
    "message": {
      "message_id": "om_x100b511bdebcd0a0ee84b16b7fe7041",
      "create_time": "1776482567148",
      "update_time": "1776482567148",
      "chat_id": "oc_1a69bd0b7709507918dd2a27852c5ea2",
      "chat_type": "p2p",
      "message_type": "text",
      "content": "{\"text\":\"读取上文 帮我自动安装推荐技能\"}",
      "user_agent": "Mozilla/5.0 (Linux; Android 13; 23013RK75C Build/TKQ1.220905.001; wv) AppleWebKit/537.36 (KHTML, like Gecko) Version/4.0 Chrome/120.0.6099.144 Mobile Safari/537.36 Lark/7.64.5 LarkLocale/zh_CN ChannelName/Lark appid/1664; appname/Lark; ttnet SDK-Version/7.64.13"
    }
  }
}
{
  "schema": "2.0",
  "header": {
    "event_id": "b3de0ccd17a5e0b8fc1b4a96c3dda152",
    "token": "",
    "create_time": "1776482331299",
    "event_type": "im.message.receive_v1",
    "tenant_key": "1aa0fbb1ff995944",
    "app_id": "cli_a94fc9a45978de17"
  },
  "event": {
    "sender": {
      "sender_id": {
        "user_id": "adaaf873",
        "open_id": "ou_667e83f2936ba15a84513bd4cf60c262",
        "union_id": "on_786ce923e717aa97f77720e7de0adb3f"
      },
      "sender_type": "user",
      "tenant_key": "1aa0fbb1ff995944"
    },
    "message": {
      "message_id": "om_x100b511bcf6010a8ee888d30f6d8f83",
      "create_time": "1776482330942",
      "update_time": "1776482330942",
      "chat_id": "oc_1a69bd0b7709507918dd2a27852c5ea2",
      "chat_type": "p2p",
      "message_type": "text",
      "content": "{\"text\":\"直接帮我安装好使用clawhub或者skillhub市场\"}",
      "user_agent": "Mozilla/5.0 (Linux; Android 13; 23013RK75C Build/TKQ1.220905.001; wv) AppleWebKit/537.36 (KHTML, like Gecko) Version/4.0 Chrome/120.0.6099.144 Mobile Safari/537.36 Lark/7.64.5 LarkLocale/zh_CN ChannelName/Lark appid/1664; appname/Lark; ttnet SDK-Version/7.64.13"
    }
  }
}
{
  "schema": "2.0",
  "header": {
    "event_id": "b5d707148ec3031bf51e1599f487eea8",
    "token": "",
    "create_time": "1776479276181",
    "event_type": "im.message.receive_v1",
    "tenant_key": "1aa0fbb1ff995944",
    "app_id": "cli_a94fc9a45978de17"
  },
  "event": {
    "sender": {
      "sender_id": {
        "user_id": "adaaf873",
        "open_id": "ou_667e83f2936ba15a84513bd4cf60c262",
        "union_id": "on_786ce923e717aa97f77720e7de0adb3f"
      },
      "sender_type": "user",
      "tenant_key": "1aa0fbb1ff995944"
    },
    "message": {
      "message_id": "om_x100b511a8c7090a4ee8a15a6e3d008a",
      "create_time": "1776479275903",
      "update_time": "1776479275903",
      "chat_id": "oc_1a69bd0b7709507918dd2a27852c5ea2",
      "chat_type": "p2p",
      "message_type": "text",
      "content": "{\"text\":\"执行对应内容 补充需求使用三书六部进行整体流转 如果有需要技能学习 自动学习技能\"}",
      "user_agent": "Mozilla/5.0 (Linux; Android 13; 23013RK75C Build/TKQ1.220905.001; wv) AppleWebKit/537.36 (KHTML, like Gecko) Version/4.0 Chrome/120.0.6099.144 Mobile Safari/537.36 Lark/7.64.5 LarkLocale/zh_CN ChannelName/Lark appid/1664; appname/Lark; ttnet SDK-Version/7.64.13"
    }
  }
}
{
  "schema": "2.0",
  "header": {
    "event_id": "51560bc8ceb0cad51a8897f479e00a8f",
    "token": "",
    "create_time": "1776483329407",
    "event_type": "im.message.receive_v1",
    "tenant_key": "1aa0fbb1ff995944",
    "app_id": "cli_a94fc9a45978de17"
  },
  "event": {
    "sender": {
      "sender_id": {
        "user_id": "adaaf873",
        "open_id": "ou_667e83f2936ba15a84513bd4cf60c262",
        "union_id": "on_786ce923e717aa97f77720e7de0adb3f"
      },
      "sender_type": "user",
      "tenant_key": "1aa0fbb1ff995944"
    },
    "message": {
      "message_id": "om_x100b511b8edd40a0ee7a898a8003d4c",
      "create_time": "1776483329112",
      "update_time": "1776483329112",
      "chat_id": "oc_1a69bd0b7709507918dd2a27852c5ea2",
      "chat_type": "p2p",
      "message_type": "text",
      "content": "{\"text\":\"你的角色是太子还是main\"}",
      "user_agent": "Mozilla/5.0 (Linux; Android 13; 23013RK75C Build/TKQ1.220905.001; wv) AppleWebKit/537.36 (KHTML, like Gecko) Version/4.0 Chrome/120.0.6099.144 Mobile Safari/537.36 Lark/7.64.5 LarkLocale/zh_CN ChannelName/Lark appid/1664; appname/Lark; ttnet SDK-Version/7.64.13"
    }
  }
}
{
  "schema": "2.0",
  "header": {
    "event_id": "51560bc8ceb0cad51a8897f479e00a8f",
    "token": "",
    "create_time": "1776483329407",
    "event_type": "im.message.receive_v1",
    "tenant_key": "1aa0fbb1ff995944",
    "app_id": "cli_a94fc9a45978de17"
  },
  "event": {
    "sender": {
      "sender_id": {
        "user_id": "adaaf873",
        "open_id": "ou_667e83f2936ba15a84513bd4cf60c262",
        "union_id": "on_786ce923e717aa97f77720e7de0adb3f"
      },
      "sender_type": "user",
      "tenant_key": "1aa0fbb1ff995944"
    },
    "message": {
      "message_id": "om_x100b511b8edd40a0ee7a898a8003d4c",
      "create_time": "1776483329112",
      "update_time": "1776483329112",
      "chat_id": "oc_1a69bd0b7709507918dd2a27852c5ea2",
      "chat_type": "p2p",
      "message_type": "text",
      "content": "{\"text\":\"你的角色是太子还是main\"}",
      "user_agent": "Mozilla/5.0 (Linux; Android 13; 23013RK75C Build/TKQ1.220905.001; wv) AppleWebKit/537.36 (KHTML, like Gecko) Version/4.0 Chrome/120.0.6099.144 Mobile Safari/537.36 Lark/7.64.5 LarkLocale/zh_CN ChannelName/Lark appid/1664; appname/Lark; ttnet SDK-Version/7.64.13"
    }
  }
}
{
  "schema": "2.0",
  "header": {
    "event_id": "4f07d5195e55d556974a6d5874295992",
    "token": "",
    "create_time": "1776882442514",
    "event_type": "im.message.receive_v1",
    "tenant_key": "1aa0fbb1ff995944",
    "app_id": "cli_a94fc9a45978de17"
  },
  "event": {
    "sender": {
      "sender_id": {
        "user_id": "adaaf873",
        "open_id": "ou_667e83f2936ba15a84513bd4cf60c262",
        "union_id": "on_786ce923e717aa97f77720e7de0adb3f"
      },
      "sender_type": "user",
      "tenant_key": "1aa0fbb1ff995944"
    },
    "message": {
      "message_id": "om_x100b51a57e6f98a0ee70a7a1b526c91",
      "create_time": "1776882442212",
      "update_time": "1776882442212",
      "chat_id": "oc_1a69bd0b7709507918dd2a27852c5ea2",
      "chat_type": "p2p",
      "message_type": "text",
      "content": "{\"text\":\"@_user_1 给我你的webhook接口\"}",
      "mentions": [
        {
          "key": "@_user_1",
          "id": {
            "user_id": "",
            "open_id": "ou_19c9ad75ddcc264feb16cb2497913b2b",
            "union_id": "on_136a750d61f0b040722db8d211832107"
          },
          "name": "太子",
          "tenant_key": "1aa0fbb1ff995944"
        }
      ],
      "user_agent": "Mozilla/5.0 (Linux; Android 13; 23013RK75C Build/TKQ1.220905.001; wv) AppleWebKit/537.36 (KHTML, like Gecko) Version/4.0 Chrome/120.0.6099.144 Mobile Safari/537.36 Lark/7.64.5 LarkLocale/zh_CN ChannelName/Lark appid/1664; appname/Lark; ttnet SDK-Version/7.64.13"
    }
  }
}
{
  "schema": "2.0",
  "header": {
    "event_id": "4f07d5195e55d556974a6d5874295992",
    "token": "",
    "create_time": "1776882442514",
    "event_type": "im.message.receive_v1",
    "tenant_key": "1aa0fbb1ff995944",
    "app_id": "cli_a94fc9a45978de17"
  },
  "event": {
    "sender": {
      "sender_id": {
        "user_id": "adaaf873",
        "open_id": "ou_667e83f2936ba15a84513bd4cf60c262",
        "union_id": "on_786ce923e717aa97f77720e7de0adb3f"
      },
      "sender_type": "user",
      "tenant_key": "1aa0fbb1ff995944"
    },
    "message": {
      "message_id": "om_x100b51a57e6f98a0ee70a7a1b526c91",
      "create_time": "1776882442212",
      "update_time": "1776882442212",
      "chat_id": "oc_1a69bd0b7709507918dd2a27852c5ea2",
      "chat_type": "p2p",
      "message_type": "text",
      "content": "{\"text\":\"@_user_1 给我你的webhook接口\"}",
      "mentions": [
        {
          "key": "@_user_1",
          "id": {
            "user_id": "",
            "open_id": "ou_19c9ad75ddcc264feb16cb2497913b2b",
            "union_id": "on_136a750d61f0b040722db8d211832107"
          },
          "name": "太子",
          "tenant_key": "1aa0fbb1ff995944"
        }
      ],
      "user_agent": "Mozilla/5.0 (Linux; Android 13; 23013RK75C Build/TKQ1.220905.001; wv) AppleWebKit/537.36 (KHTML, like Gecko) Version/4.0 Chrome/120.0.6099.144 Mobile Safari/537.36 Lark/7.64.5 LarkLocale/zh_CN ChannelName/Lark appid/1664; appname/Lark; ttnet SDK-Version/7.64.13"
    }
  }
}
{
  "schema": "2.0",
  "header": {
    "event_id": "31aec00765f2aa3ed083311275e62228",
    "token": "",
    "create_time": "1776919161227",
    "event_type": "im.message.receive_v1",
    "tenant_key": "1aa0fbb1ff995944",
    "app_id": "cli_a94fc9a45978de17"
  },
  "event": {
    "sender": {
      "sender_id": {
        "user_id": "adaaf873",
        "open_id": "ou_667e83f2936ba15a84513bd4cf60c262",
        "union_id": "on_786ce923e717aa97f77720e7de0adb3f"
      },
      "sender_type": "user",
      "tenant_key": "1aa0fbb1ff995944"
    },
    "message": {
      "message_id": "om_x100b51ae6941c8b8ee867f429c87491",
      "create_time": "1776919160861",
      "update_time": "1776919160861",
      "chat_id": "oc_1a69bd0b7709507918dd2a27852c5ea2",
      "chat_type": "p2p",
      "message_type": "text",
      "content": "{\"text\":\"升级openclaw到最新版本 先检测整体框架 升级完成后进行一个自我排查\"}",
      "user_agent": "Mozilla/5.0 (Linux; Android 13; 23013RK75C Build/TKQ1.220905.001; wv) AppleWebKit/537.36 (KHTML, like Gecko) Version/4.0 Chrome/120.0.6099.144 Mobile Safari/537.36 Lark/7.64.5 LarkLocale/zh_CN ChannelName/Lark appid/1664; appname/Lark; ttnet SDK-Version/7.64.13"
    }
  }
}
{
  "schema": "2.0",
  "header": {
    "event_id": "31aec00765f2aa3ed083311275e62228",
    "token": "",
    "create_time": "1776919161227",
    "event_type": "im.message.receive_v1",
    "tenant_key": "1aa0fbb1ff995944",
    "app_id": "cli_a94fc9a45978de17"
  },
  "event": {
    "sender": {
      "sender_id": {
        "user_id": "adaaf873",
        "open_id": "ou_667e83f2936ba15a84513bd4cf60c262",
        "union_id": "on_786ce923e717aa97f77720e7de0adb3f"
      },
      "sender_type": "user",
      "tenant_key": "1aa0fbb1ff995944"
    },
    "message": {
      "message_id": "om_x100b51ae6941c8b8ee867f429c87491",
      "create_time": "1776919160861",
      "update_time": "1776919160861",
      "chat_id": "oc_1a69bd0b7709507918dd2a27852c5ea2",
      "chat_type": "p2p",
      "message_type": "text",
      "content": "{\"text\":\"升级openclaw到最新版本 先检测整体框架 升级完成后进行一个自我排查\"}",
      "user_agent": "Mozilla/5.0 (Linux; Android 13; 23013RK75C Build/TKQ1.220905.001; wv) AppleWebKit/537.36 (KHTML, like Gecko) Version/4.0 Chrome/120.0.6099.144 Mobile Safari/537.36 Lark/7.64.5 LarkLocale/zh_CN ChannelName/Lark appid/1664; appname/Lark; ttnet SDK-Version/7.64.13"
    }
  }
}
{
  "schema": "2.0",
  "header": {
    "event_id": "31aec00765f2aa3ed083311275e62228",
    "token": "",
    "create_time": "1776919161227",
    "event_type": "im.message.receive_v1",
    "tenant_key": "1aa0fbb1ff995944",
    "app_id": "cli_a94fc9a45978de17"
  },
  "event": {
    "sender": {
      "sender_id": {
        "user_id": "adaaf873",
        "open_id": "ou_667e83f2936ba15a84513bd4cf60c262",
        "union_id": "on_786ce923e717aa97f77720e7de0adb3f"
      },
      "sender_type": "user",
      "tenant_key": "1aa0fbb1ff995944"
    },
    "message": {
      "message_id": "om_x100b51ae6941c8b8ee867f429c87491",
      "create_time": "1776919160861",
      "update_time": "1776919160861",
      "chat_id": "oc_1a69bd0b7709507918dd2a27852c5ea2",
      "chat_type": "p2p",
      "message_type": "text",
      "content": "{\"text\":\"升级openclaw到最新版本 先检测整体框架 升级完成后进行一个自我排查\"}",
      "user_agent": "Mozilla/5.0 (Linux; Android 13; 23013RK75C Build/TKQ1.220905.001; wv) AppleWebKit/537.36 (KHTML, like Gecko) Version/4.0 Chrome/120.0.6099.144 Mobile Safari/537.36 Lark/7.64.5 LarkLocale/zh_CN ChannelName/Lark appid/1664; appname/Lark; ttnet SDK-Version/7.64.13"
    }
  }
}
{
  "schema": "2.0",
  "header": {
    "event_id": "86445fb3a69031f5fe33e15fb4faf3a3",
    "token": "",
    "create_time": "1776919750154",
    "event_type": "im.message.receive_v1",
    "tenant_key": "1aa0fbb1ff995944",
    "app_id": "cli_a94fc9a45978de17"
  },
  "event": {
    "sender": {
      "sender_id": {
        "user_id": "adaaf873",
        "open_id": "ou_667e83f2936ba15a84513bd4cf60c262",
        "union_id": "on_786ce923e717aa97f77720e7de0adb3f"
      },
      "sender_type": "user",
      "tenant_key": "1aa0fbb1ff995944"
    },
    "message": {
      "message_id": "om_x100b51ae029188a0ee780305272ebc6",
      "create_time": "1776919749840",
      "update_time": "1776919749840",
      "chat_id": "oc_1a69bd0b7709507918dd2a27852c5ea2",
      "chat_type": "p2p",
      "message_type": "text",
      "content": "{\"text\":\"@_user_1 升级openclaw到最新版本 先检测整体框架 升级完成后进行一个自我排查\"}",
      "mentions": [
        {
          "key": "@_user_1",
          "id": {
            "user_id": "",
            "open_id": "ou_19c9ad75ddcc264feb16cb2497913b2b",
            "union_id": "on_136a750d61f0b040722db8d211832107"
          },
          "name": "太子",
          "tenant_key": "1aa0fbb1ff995944"
        }
      ],
      "user_agent": "Mozilla/5.0 (Linux; Android 13; 23013RK75C Build/TKQ1.220905.001; wv) AppleWebKit/537.36 (KHTML, like Gecko) Version/4.0 Chrome/120.0.6099.144 Mobile Safari/537.36 Lark/7.64.5 LarkLocale/zh_CN ChannelName/Lark appid/1664; appname/Lark; ttnet SDK-Version/7.64.13"
    }
  }
}
{
  "schema": "2.0",
  "header": {
    "event_id": "86445fb3a69031f5fe33e15fb4faf3a3",
    "token": "",
    "create_time": "1776919750154",
    "event_type": "im.message.receive_v1",
    "tenant_key": "1aa0fbb1ff995944",
    "app_id": "cli_a94fc9a45978de17"
  },
  "event": {
    "sender": {
      "sender_id": {
        "user_id": "adaaf873",
        "open_id": "ou_667e83f2936ba15a84513bd4cf60c262",
        "union_id": "on_786ce923e717aa97f77720e7de0adb3f"
      },
      "sender_type": "user",
      "tenant_key": "1aa0fbb1ff995944"
    },
    "message": {
      "message_id": "om_x100b51ae029188a0ee780305272ebc6",
      "create_time": "1776919749840",
      "update_time": "1776919749840",
      "chat_id": "oc_1a69bd0b7709507918dd2a27852c5ea2",
      "chat_type": "p2p",
      "message_type": "text",
      "content": "{\"text\":\"@_user_1 升级openclaw到最新版本 先检测整体框架 升级完成后进行一个自我排查\"}",
      "mentions": [
        {
          "key": "@_user_1",
          "id": {
            "user_id": "",
            "open_id": "ou_19c9ad75ddcc264feb16cb2497913b2b",
            "union_id": "on_136a750d61f0b040722db8d211832107"
          },
          "name": "太子",
          "tenant_key": "1aa0fbb1ff995944"
        }
      ],
      "user_agent": "Mozilla/5.0 (Linux; Android 13; 23013RK75C Build/TKQ1.220905.001; wv) AppleWebKit/537.36 (KHTML, like Gecko) Version/4.0 Chrome/120.0.6099.144 Mobile Safari/537.36 Lark/7.64.5 LarkLocale/zh_CN ChannelName/Lark appid/1664; appname/Lark; ttnet SDK-Version/7.64.13"
    }
  }
}
{
  "schema": "2.0",
  "header": {
    "event_id": "86445fb3a69031f5fe33e15fb4faf3a3",
    "token": "",
    "create_time": "1776919750154",
    "event_type": "im.message.receive_v1",
    "tenant_key": "1aa0fbb1ff995944",
    "app_id": "cli_a94fc9a45978de17"
  },
  "event": {
    "sender": {
      "sender_id": {
        "user_id": "adaaf873",
        "open_id": "ou_667e83f2936ba15a84513bd4cf60c262",
        "union_id": "on_786ce923e717aa97f77720e7de0adb3f"
      },
      "sender_type": "user",
      "tenant_key": "1aa0fbb1ff995944"
    },
    "message": {
      "message_id": "om_x100b51ae029188a0ee780305272ebc6",
      "create_time": "1776919749840",
      "update_time": "1776919749840",
      "chat_id": "oc_1a69bd0b7709507918dd2a27852c5ea2",
      "chat_type": "p2p",
      "message_type": "text",
      "content": "{\"text\":\"@_user_1 升级openclaw到最新版本 先检测整体框架 升级完成后进行一个自我排查\"}",
      "mentions": [
        {
          "key": "@_user_1",
          "id": {
            "user_id": "",
            "open_id": "ou_19c9ad75ddcc264feb16cb2497913b2b",
            "union_id": "on_136a750d61f0b040722db8d211832107"
          },
          "name": "太子",
          "tenant_key": "1aa0fbb1ff995944"
        }
      ],
      "user_agent": "Mozilla/5.0 (Linux; Android 13; 23013RK75C Build/TKQ1.220905.001; wv) AppleWebKit/537.36 (KHTML, like Gecko) Version/4.0 Chrome/120.0.6099.144 Mobile Safari/537.36 Lark/7.64.5 LarkLocale/zh_CN ChannelName/Lark appid/1664; appname/Lark; ttnet SDK-Version/7.64.13"
    }
  }
}
{
  "schema": "2.0",
  "header": {
    "event_id": "4f66c5e88746f22b42de553bcbfa0ec5",
    "token": "",
    "create_time": "1776925953728",
    "event_type": "im.message.receive_v1",
    "tenant_key": "1aa0fbb1ff995944",
    "app_id": "cli_a94fc9a45978de17"
  },
  "event": {
    "sender": {
      "sender_id": {
        "user_id": "adaaf873",
        "open_id": "ou_667e83f2936ba15a84513bd4cf60c262",
        "union_id": "on_786ce923e717aa97f77720e7de0adb3f"
      },
      "sender_type": "user",
      "tenant_key": "1aa0fbb1ff995944"
    },
    "message": {
      "message_id": "om_x100b51af9ed8f100ee7d460e0b803c8",
      "create_time": "1776925953420",
      "update_time": "1776925953420",
      "chat_id": "oc_1a69bd0b7709507918dd2a27852c5ea2",
      "chat_type": "p2p",
      "message_type": "text",
      "content": "{\"text\":\"批准\"}",
      "user_agent": "Mozilla/5.0 (Linux; Android 13; 23013RK75C Build/TKQ1.220905.001; wv) AppleWebKit/537.36 (KHTML, like Gecko) Version/4.0 Chrome/120.0.6099.144 Mobile Safari/537.36 Lark/7.64.5 LarkLocale/zh_CN ChannelName/Lark appid/1664; appname/Lark; ttnet SDK-Version/7.64.13"
    }
  }
}
{
  "schema": "2.0",
  "header": {
    "event_id": "4f9095573d4cccbd278e2fd4e458813a",
    "token": "",
    "create_time": "1776925964083",
    "event_type": "im.message.receive_v1",
    "tenant_key": "1aa0fbb1ff995944",
    "app_id": "cli_a94fc9a45978de17"
  },
  "event": {
    "sender": {
      "sender_id": {
        "user_id": "adaaf873",
        "open_id": "ou_667e83f2936ba15a84513bd4cf60c262",
        "union_id": "on_786ce923e717aa97f77720e7de0adb3f"
      },
      "sender_type": "user",
      "tenant_key": "1aa0fbb1ff995944"
    },
    "message": {
      "message_id": "om_x100b51af9e74bca4eea2aa1a03cb9e4",
      "create_time": "1776925963649",
      "update_time": "1776925963649",
      "chat_id": "oc_1a69bd0b7709507918dd2a27852c5ea2",
      "chat_type": "p2p",
      "message_type": "text",
      "content": "{\"text\":\"@_user_1 批准\"}",
      "mentions": [
        {
          "key": "@_user_1",
          "id": {
            "user_id": "",
            "open_id": "ou_19c9ad75ddcc264feb16cb2497913b2b",
            "union_id": "on_136a750d61f0b040722db8d211832107"
          },
          "name": "太子",
          "tenant_key": "1aa0fbb1ff995944"
        }
      ],
      "user_agent": "Mozilla/5.0 (Linux; Android 13; 23013RK75C Build/TKQ1.220905.001; wv) AppleWebKit/537.36 (KHTML, like Gecko) Version/4.0 Chrome/120.0.6099.144 Mobile Safari/537.36 Lark/7.64.5 LarkLocale/zh_CN ChannelName/Lark appid/1664; appname/Lark; ttnet SDK-Version/7.64.13"
    }
  }
}
{
  "schema": "2.0",
  "header": {
    "event_id": "4f66c5e88746f22b42de553bcbfa0ec5",
    "token": "",
    "create_time": "1776925953728",
    "event_type": "im.message.receive_v1",
    "tenant_key": "1aa0fbb1ff995944",
    "app_id": "cli_a94fc9a45978de17"
  },
  "event": {
    "sender": {
      "sender_id": {
        "user_id": "adaaf873",
        "open_id": "ou_667e83f2936ba15a84513bd4cf60c262",
        "union_id": "on_786ce923e717aa97f77720e7de0adb3f"
      },
      "sender_type": "user",
      "tenant_key": "1aa0fbb1ff995944"
    },
    "message": {
      "message_id": "om_x100b51af9ed8f100ee7d460e0b803c8",
      "create_time": "1776925953420",
      "update_time": "1776925953420",
      "chat_id": "oc_1a69bd0b7709507918dd2a27852c5ea2",
      "chat_type": "p2p",
      "message_type": "text",
      "content": "{\"text\":\"批准\"}",
      "user_agent": "Mozilla/5.0 (Linux; Android 13; 23013RK75C Build/TKQ1.220905.001; wv) AppleWebKit/537.36 (KHTML, like Gecko) Version/4.0 Chrome/120.0.6099.144 Mobile Safari/537.36 Lark/7.64.5 LarkLocale/zh_CN ChannelName/Lark appid/1664; appname/Lark; ttnet SDK-Version/7.64.13"
    }
  }
}
{
  "schema": "2.0",
  "header": {
    "event_id": "4f9095573d4cccbd278e2fd4e458813a",
    "token": "",
    "create_time": "1776925964083",
    "event_type": "im.message.receive_v1",
    "tenant_key": "1aa0fbb1ff995944",
    "app_id": "cli_a94fc9a45978de17"
  },
  "event": {
    "sender": {
      "sender_id": {
        "user_id": "adaaf873",
        "open_id": "ou_667e83f2936ba15a84513bd4cf60c262",
        "union_id": "on_786ce923e717aa97f77720e7de0adb3f"
      },
      "sender_type": "user",
      "tenant_key": "1aa0fbb1ff995944"
    },
    "message": {
      "message_id": "om_x100b51af9e74bca4eea2aa1a03cb9e4",
      "create_time": "1776925963649",
      "update_time": "1776925963649",
      "chat_id": "oc_1a69bd0b7709507918dd2a27852c5ea2",
      "chat_type": "p2p",
      "message_type": "text",
      "content": "{\"text\":\"@_user_1 批准\"}",
      "mentions": [
        {
          "key": "@_user_1",
          "id": {
            "user_id": "",
            "open_id": "ou_19c9ad75ddcc264feb16cb2497913b2b",
            "union_id": "on_136a750d61f0b040722db8d211832107"
          },
          "name": "太子",
          "tenant_key": "1aa0fbb1ff995944"
        }
      ],
      "user_agent": "Mozilla/5.0 (Linux; Android 13; 23013RK75C Build/TKQ1.220905.001; wv) AppleWebKit/537.36 (KHTML, like Gecko) Version/4.0 Chrome/120.0.6099.144 Mobile Safari/537.36 Lark/7.64.5 LarkLocale/zh_CN ChannelName/Lark appid/1664; appname/Lark; ttnet SDK-Version/7.64.13"
    }
  }
}
{
  "schema": "2.0",
  "header": {
    "event_id": "4f66c5e88746f22b42de553bcbfa0ec5",
    "token": "",
    "create_time": "1776925953728",
    "event_type": "im.message.receive_v1",
    "tenant_key": "1aa0fbb1ff995944",
    "app_id": "cli_a94fc9a45978de17"
  },
  "event": {
    "sender": {
      "sender_id": {
        "user_id": "adaaf873",
        "open_id": "ou_667e83f2936ba15a84513bd4cf60c262",
        "union_id": "on_786ce923e717aa97f77720e7de0adb3f"
      },
      "sender_type": "user",
      "tenant_key": "1aa0fbb1ff995944"
    },
    "message": {
      "message_id": "om_x100b51af9ed8f100ee7d460e0b803c8",
      "create_time": "1776925953420",
      "update_time": "1776925953420",
      "chat_id": "oc_1a69bd0b7709507918dd2a27852c5ea2",
      "chat_type": "p2p",
      "message_type": "text",
      "content": "{\"text\":\"批准\"}",
      "user_agent": "Mozilla/5.0 (Linux; Android 13; 23013RK75C Build/TKQ1.220905.001; wv) AppleWebKit/537.36 (KHTML, like Gecko) Version/4.0 Chrome/120.0.6099.144 Mobile Safari/537.36 Lark/7.64.5 LarkLocale/zh_CN ChannelName/Lark appid/1664; appname/Lark; ttnet SDK-Version/7.64.13"
    }
  }
}
{
  "schema": "2.0",
  "header": {
    "event_id": "4f9095573d4cccbd278e2fd4e458813a",
    "token": "",
    "create_time": "1776925964083",
    "event_type": "im.message.receive_v1",
    "tenant_key": "1aa0fbb1ff995944",
    "app_id": "cli_a94fc9a45978de17"
  },
  "event": {
    "sender": {
      "sender_id": {
        "user_id": "adaaf873",
        "open_id": "ou_667e83f2936ba15a84513bd4cf60c262",
        "union_id": "on_786ce923e717aa97f77720e7de0adb3f"
      },
      "sender_type": "user",
      "tenant_key": "1aa0fbb1ff995944"
    },
    "message": {
      "message_id": "om_x100b51af9e74bca4eea2aa1a03cb9e4",
      "create_time": "1776925963649",
      "update_time": "1776925963649",
      "chat_id": "oc_1a69bd0b7709507918dd2a27852c5ea2",
      "chat_type": "p2p",
      "message_type": "text",
      "content": "{\"text\":\"@_user_1 批准\"}",
      "mentions": [
        {
          "key": "@_user_1",
          "id": {
            "user_id": "",
            "open_id": "ou_19c9ad75ddcc264feb16cb2497913b2b",
            "union_id": "on_136a750d61f0b040722db8d211832107"
          },
          "name": "太子",
          "tenant_key": "1aa0fbb1ff995944"
        }
      ],
      "user_agent": "Mozilla/5.0 (Linux; Android 13; 23013RK75C Build/TKQ1.220905.001; wv) AppleWebKit/537.36 (KHTML, like Gecko) Version/4.0 Chrome/120.0.6099.144 Mobile Safari/537.36 Lark/7.64.5 LarkLocale/zh_CN ChannelName/Lark appid/1664; appname/Lark; ttnet SDK-Version/7.64.13"
    }
  }
}
{
  "schema": "2.0",
  "header": {
    "event_id": "64c5bfc97d64ed88b8ce4a278d2e9f01",
    "token": "",
    "create_time": "1776927918938",
    "event_type": "im.message.receive_v1",
    "tenant_key": "1aa0fbb1ff995944",
    "app_id": "cli_a94fc9a45978de17"
  },
  "event": {
    "sender": {
      "sender_id": {
        "user_id": "adaaf873",
        "open_id": "ou_667e83f2936ba15a84513bd4cf60c262",
        "union_id": "on_786ce923e717aa97f77720e7de0adb3f"
      },
      "sender_type": "user",
      "tenant_key": "1aa0fbb1ff995944"
    },
    "message": {
      "message_id": "om_x100b51a8042ab4a0ee7b9a87e260184",
      "create_time": "1776927918532",
      "update_time": "1776927918617",
      "chat_id": "oc_1a69bd0b7709507918dd2a27852c5ea2",
      "chat_type": "p2p",
      "message_type": "text",
      "content": "{\"text\":\"@_user_1 先做只读体检：状态、更新通道、深度安全审计；确认无明显阻塞后再升级。\\n\\n需要你先批准这组只读检测命令，我再继续升级。  \\n请直接回复：\\n\\n/approve 880c94d1 allow-once\\n\\n将执行的完整命令如下：\\n```sh\\nset -o pipefail\\n{\\n  echo '### openclaw status --deep';\\n  openclaw status --deep;\\n  echo;\\n  echo '### openclaw update status';\\n  openclaw update status;\\n  echo;\\n  echo '### openclaw security audit --deep';\\n  openclaw security audit --deep;\\n}\\n```  \\n批准后我会先做整体框架检查，再执行升级，最后做自我排查。  我批准了 开始处理\"}",
      "mentions": [
        {
          "key": "@_user_1",
          "id": {
            "user_id": "",
            "open_id": "ou_19c9ad75ddcc264feb16cb2497913b2b",
            "union_id": "on_136a750d61f0b040722db8d211832107"
          },
          "name": "太子",
          "tenant_key": "1aa0fbb1ff995944"
        }
      ],
      "user_agent": "Mozilla/5.0 (Linux; Android 13; 23013RK75C Build/TKQ1.220905.001; wv) AppleWebKit/537.36 (KHTML, like Gecko) Version/4.0 Chrome/120.0.6099.144 Mobile Safari/537.36 Lark/7.64.5 LarkLocale/zh_CN ChannelName/Lark appid/1664; appname/Lark; ttnet SDK-Version/7.64.13"
    }
  }
}
{
  "schema": "2.0",
  "header": {
    "event_id": "64c5bfc97d64ed88b8ce4a278d2e9f01",
    "token": "",
    "create_time": "1776927918938",
    "event_type": "im.message.receive_v1",
    "tenant_key": "1aa0fbb1ff995944",
    "app_id": "cli_a94fc9a45978de17"
  },
  "event": {
    "sender": {
      "sender_id": {
        "user_id": "adaaf873",
        "open_id": "ou_667e83f2936ba15a84513bd4cf60c262",
        "union_id": "on_786ce923e717aa97f77720e7de0adb3f"
      },
      "sender_type": "user",
      "tenant_key": "1aa0fbb1ff995944"
    },
    "message": {
      "message_id": "om_x100b51a8042ab4a0ee7b9a87e260184",
      "create_time": "1776927918532",
      "update_time": "1776927918617",
      "chat_id": "oc_1a69bd0b7709507918dd2a27852c5ea2",
      "chat_type": "p2p",
      "message_type": "text",
      "content": "{\"text\":\"@_user_1 先做只读体检：状态、更新通道、深度安全审计；确认无明显阻塞后再升级。\\n\\n需要你先批准这组只读检测命令，我再继续升级。  \\n请直接回复：\\n\\n/approve 880c94d1 allow-once\\n\\n将执行的完整命令如下：\\n```sh\\nset -o pipefail\\n{\\n  echo '### openclaw status --deep';\\n  openclaw status --deep;\\n  echo;\\n  echo '### openclaw update status';\\n  openclaw update status;\\n  echo;\\n  echo '### openclaw security audit --deep';\\n  openclaw security audit --deep;\\n}\\n```  \\n批准后我会先做整体框架检查，再执行升级，最后做自我排查。  我批准了 开始处理\"}",
      "mentions": [
        {
          "key": "@_user_1",
          "id": {
            "user_id": "",
            "open_id": "ou_19c9ad75ddcc264feb16cb2497913b2b",
            "union_id": "on_136a750d61f0b040722db8d211832107"
          },
          "name": "太子",
          "tenant_key": "1aa0fbb1ff995944"
        }
      ],
      "user_agent": "Mozilla/5.0 (Linux; Android 13; 23013RK75C Build/TKQ1.220905.001; wv) AppleWebKit/537.36 (KHTML, like Gecko) Version/4.0 Chrome/120.0.6099.144 Mobile Safari/537.36 Lark/7.64.5 LarkLocale/zh_CN ChannelName/Lark appid/1664; appname/Lark; ttnet SDK-Version/7.64.13"
    }
  }
}
{
  "schema": "2.0",
  "header": {
    "event_id": "64c5bfc97d64ed88b8ce4a278d2e9f01",
    "token": "",
    "create_time": "1776927918938",
    "event_type": "im.message.receive_v1",
    "tenant_key": "1aa0fbb1ff995944",
    "app_id": "cli_a94fc9a45978de17"
  },
  "event": {
    "sender": {
      "sender_id": {
        "user_id": "adaaf873",
        "open_id": "ou_667e83f2936ba15a84513bd4cf60c262",
        "union_id": "on_786ce923e717aa97f77720e7de0adb3f"
      },
      "sender_type": "user",
      "tenant_key": "1aa0fbb1ff995944"
    },
    "message": {
      "message_id": "om_x100b51a8042ab4a0ee7b9a87e260184",
      "create_time": "1776927918532",
      "update_time": "1776927918617",
      "chat_id": "oc_1a69bd0b7709507918dd2a27852c5ea2",
      "chat_type": "p2p",
      "message_type": "text",
      "content": "{\"text\":\"@_user_1 先做只读体检：状态、更新通道、深度安全审计；确认无明显阻塞后再升级。\\n\\n需要你先批准这组只读检测命令，我再继续升级。  \\n请直接回复：\\n\\n/approve 880c94d1 allow-once\\n\\n将执行的完整命令如下：\\n```sh\\nset -o pipefail\\n{\\n  echo '### openclaw status --deep';\\n  openclaw status --deep;\\n  echo;\\n  echo '### openclaw update status';\\n  openclaw update status;\\n  echo;\\n  echo '### openclaw security audit --deep';\\n  openclaw security audit --deep;\\n}\\n```  \\n批准后我会先做整体框架检查，再执行升级，最后做自我排查。  我批准了 开始处理\"}",
      "mentions": [
        {
          "key": "@_user_1",
          "id": {
            "user_id": "",
            "open_id": "ou_19c9ad75ddcc264feb16cb2497913b2b",
            "union_id": "on_136a750d61f0b040722db8d211832107"
          },
          "name": "太子",
          "tenant_key": "1aa0fbb1ff995944"
        }
      ],
      "user_agent": "Mozilla/5.0 (Linux; Android 13; 23013RK75C Build/TKQ1.220905.001; wv) AppleWebKit/537.36 (KHTML, like Gecko) Version/4.0 Chrome/120.0.6099.144 Mobile Safari/537.36 Lark/7.64.5 LarkLocale/zh_CN ChannelName/Lark appid/1664; appname/Lark; ttnet SDK-Version/7.64.13"
    }
  }
}
{
  "schema": "2.0",
  "header": {
    "event_id": "efbcc60323733d99a37e0d72cf5e1f26",
    "token": "",
    "create_time": "1776930362427",
    "event_type": "im.message.receive_v1",
    "tenant_key": "1aa0fbb1ff995944",
    "app_id": "cli_a94fc9a45978de17"
  },
  "event": {
    "sender": {
      "sender_id": {
        "user_id": "adaaf873",
        "open_id": "ou_667e83f2936ba15a84513bd4cf60c262",
        "union_id": "on_786ce923e717aa97f77720e7de0adb3f"
      },
      "sender_type": "user",
      "tenant_key": "1aa0fbb1ff995944"
    },
    "message": {
      "message_id": "om_x100b51a8ad52c93cee761cef345c845",
      "create_time": "1776930362048",
      "update_time": "1776930362125",
      "chat_id": "oc_1a69bd0b7709507918dd2a27852c5ea2",
      "chat_type": "p2p",
      "message_type": "text",
      "content": "{\"text\":\"@_user_1   升级openclaw到最新版本 先检测整体框架 升级完成后进行一个自我排查\"}",
      "mentions": [
        {
          "key": "@_user_1",
          "id": {
            "user_id": "",
            "open_id": "ou_19c9ad75ddcc264feb16cb2497913b2b",
            "union_id": "on_136a750d61f0b040722db8d211832107"
          },
          "name": "太子",
          "tenant_key": "1aa0fbb1ff995944"
        }
      ],
      "user_agent": "Mozilla/5.0 (Linux; Android 13; 23013RK75C Build/TKQ1.220905.001; wv) AppleWebKit/537.36 (KHTML, like Gecko) Version/4.0 Chrome/120.0.6099.144 Mobile Safari/537.36 Lark/7.64.5 LarkLocale/zh_CN ChannelName/Lark appid/1664; appname/Lark; ttnet SDK-Version/7.64.13"
    }
  }
}
{
  "schema": "2.0",
  "header": {
    "event_id": "efbcc60323733d99a37e0d72cf5e1f26",
    "token": "",
    "create_time": "1776930362427",
    "event_type": "im.message.receive_v1",
    "tenant_key": "1aa0fbb1ff995944",
    "app_id": "cli_a94fc9a45978de17"
  },
  "event": {
    "sender": {
      "sender_id": {
        "user_id": "adaaf873",
        "open_id": "ou_667e83f2936ba15a84513bd4cf60c262",
        "union_id": "on_786ce923e717aa97f77720e7de0adb3f"
      },
      "sender_type": "user",
      "tenant_key": "1aa0fbb1ff995944"
    },
    "message": {
      "message_id": "om_x100b51a8ad52c93cee761cef345c845",
      "create_time": "1776930362048",
      "update_time": "1776930362125",
      "chat_id": "oc_1a69bd0b7709507918dd2a27852c5ea2",
      "chat_type": "p2p",
      "message_type": "text",
      "content": "{\"text\":\"@_user_1   升级openclaw到最新版本 先检测整体框架 升级完成后进行一个自我排查\"}",
      "mentions": [
        {
          "key": "@_user_1",
          "id": {
            "user_id": "",
            "open_id": "ou_19c9ad75ddcc264feb16cb2497913b2b",
            "union_id": "on_136a750d61f0b040722db8d211832107"
          },
          "name": "太子",
          "tenant_key": "1aa0fbb1ff995944"
        }
      ],
      "user_agent": "Mozilla/5.0 (Linux; Android 13; 23013RK75C Build/TKQ1.220905.001; wv) AppleWebKit/537.36 (KHTML, like Gecko) Version/4.0 Chrome/120.0.6099.144 Mobile Safari/537.36 Lark/7.64.5 LarkLocale/zh_CN ChannelName/Lark appid/1664; appname/Lark; ttnet SDK-Version/7.64.13"
    }
  }
}
{
  "schema": "2.0",
  "header": {
    "event_id": "b38f3b7930a5f0e65052ec2eabfc44d7",
    "token": "",
    "create_time": "1776930477144",
    "event_type": "im.message.receive_v1",
    "tenant_key": "1aa0fbb1ff995944",
    "app_id": "cli_a94fc9a45978de17"
  },
  "event": {
    "sender": {
      "sender_id": {
        "user_id": "adaaf873",
        "open_id": "ou_667e83f2936ba15a84513bd4cf60c262",
        "union_id": "on_786ce923e717aa97f77720e7de0adb3f"
      },
      "sender_type": "user",
      "tenant_key": "1aa0fbb1ff995944"
    },
    "message": {
      "message_id": "om_x100b51a8a40670a0eea11518bb5a3bc",
      "create_time": "1776930476822",
      "update_time": "1776930476872",
      "chat_id": "oc_6791bc79e6d6373ef078256b58b782d7",
      "chat_type": "group",
      "message_type": "text",
      "content": "{\"text\":\"@_user_1 升级openclaw到最新版本 先检测整体框架 升级完成后进行一个自我排查\"}",
      "mentions": [
        {
          "key": "@_user_1",
          "id": {
            "user_id": "",
            "open_id": "ou_19c9ad75ddcc264feb16cb2497913b2b",
            "union_id": "on_136a750d61f0b040722db8d211832107"
          },
          "name": "太子",
          "tenant_key": "1aa0fbb1ff995944"
        }
      ],
      "user_agent": "Mozilla/5.0 (Linux; Android 13; 23013RK75C Build/TKQ1.220905.001; wv) AppleWebKit/537.36 (KHTML, like Gecko) Version/4.0 Chrome/120.0.6099.144 Mobile Safari/537.36 Lark/7.64.5 LarkLocale/zh_CN ChannelName/Lark appid/1664; appname/Lark; ttnet SDK-Version/7.64.13"
    }
  }
}
{
  "schema": "2.0",
  "header": {
    "event_id": "b38f3b7930a5f0e65052ec2eabfc44d7",
    "token": "",
    "create_time": "1776930477144",
    "event_type": "im.message.receive_v1",
    "tenant_key": "1aa0fbb1ff995944",
    "app_id": "cli_a94fc9a45978de17"
  },
  "event": {
    "sender": {
      "sender_id": {
        "user_id": "adaaf873",
        "open_id": "ou_667e83f2936ba15a84513bd4cf60c262",
        "union_id": "on_786ce923e717aa97f77720e7de0adb3f"
      },
      "sender_type": "user",
      "tenant_key": "1aa0fbb1ff995944"
    },
    "message": {
      "message_id": "om_x100b51a8a40670a0eea11518bb5a3bc",
      "create_time": "1776930476822",
      "update_time": "1776930476872",
      "chat_id": "oc_6791bc79e6d6373ef078256b58b782d7",
      "chat_type": "group",
      "message_type": "text",
      "content": "{\"text\":\"@_user_1 升级openclaw到最新版本 先检测整体框架 升级完成后进行一个自我排查\"}",
      "mentions": [
        {
          "key": "@_user_1",
          "id": {
            "user_id": "",
            "open_id": "ou_19c9ad75ddcc264feb16cb2497913b2b",
            "union_id": "on_136a750d61f0b040722db8d211832107"
          },
          "name": "太子",
          "tenant_key": "1aa0fbb1ff995944"
        }
      ],
      "user_agent": "Mozilla/5.0 (Linux; Android 13; 23013RK75C Build/TKQ1.220905.001; wv) AppleWebKit/537.36 (KHTML, like Gecko) Version/4.0 Chrome/120.0.6099.144 Mobile Safari/537.36 Lark/7.64.5 LarkLocale/zh_CN ChannelName/Lark appid/1664; appname/Lark; ttnet SDK-Version/7.64.13"
    }
  }
}
{
  "schema": "2.0",
  "header": {
    "event_id": "efbcc60323733d99a37e0d72cf5e1f26",
    "token": "",
    "create_time": "1776930362427",
    "event_type": "im.message.receive_v1",
    "tenant_key": "1aa0fbb1ff995944",
    "app_id": "cli_a94fc9a45978de17"
  },
  "event": {
    "sender": {
      "sender_id": {
        "user_id": "adaaf873",
        "open_id": "ou_667e83f2936ba15a84513bd4cf60c262",
        "union_id": "on_786ce923e717aa97f77720e7de0adb3f"
      },
      "sender_type": "user",
      "tenant_key": "1aa0fbb1ff995944"
    },
    "message": {
      "message_id": "om_x100b51a8ad52c93cee761cef345c845",
      "create_time": "1776930362048",
      "update_time": "1776930362125",
      "chat_id": "oc_1a69bd0b7709507918dd2a27852c5ea2",
      "chat_type": "p2p",
      "message_type": "text",
      "content": "{\"text\":\"@_user_1   升级openclaw到最新版本 先检测整体框架 升级完成后进行一个自我排查\"}",
      "mentions": [
        {
          "key": "@_user_1",
          "id": {
            "user_id": "",
            "open_id": "ou_19c9ad75ddcc264feb16cb2497913b2b",
            "union_id": "on_136a750d61f0b040722db8d211832107"
          },
          "name": "太子",
          "tenant_key": "1aa0fbb1ff995944"
        }
      ],
      "user_agent": "Mozilla/5.0 (Linux; Android 13; 23013RK75C Build/TKQ1.220905.001; wv) AppleWebKit/537.36 (KHTML, like Gecko) Version/4.0 Chrome/120.0.6099.144 Mobile Safari/537.36 Lark/7.64.5 LarkLocale/zh_CN ChannelName/Lark appid/1664; appname/Lark; ttnet SDK-Version/7.64.13"
    }
  }
}
{
  "schema": "2.0",
  "header": {
    "event_id": "b38f3b7930a5f0e65052ec2eabfc44d7",
    "token": "",
    "create_time": "1776930477144",
    "event_type": "im.message.receive_v1",
    "tenant_key": "1aa0fbb1ff995944",
    "app_id": "cli_a94fc9a45978de17"
  },
  "event": {
    "sender": {
      "sender_id": {
        "user_id": "adaaf873",
        "open_id": "ou_667e83f2936ba15a84513bd4cf60c262",
        "union_id": "on_786ce923e717aa97f77720e7de0adb3f"
      },
      "sender_type": "user",
      "tenant_key": "1aa0fbb1ff995944"
    },
    "message": {
      "message_id": "om_x100b51a8a40670a0eea11518bb5a3bc",
      "create_time": "1776930476822",
      "update_time": "1776930476872",
      "chat_id": "oc_6791bc79e6d6373ef078256b58b782d7",
      "chat_type": "group",
      "message_type": "text",
      "content": "{\"text\":\"@_user_1 升级openclaw到最新版本 先检测整体框架 升级完成后进行一个自我排查\"}",
      "mentions": [
        {
          "key": "@_user_1",
          "id": {
            "user_id": "",
            "open_id": "ou_19c9ad75ddcc264feb16cb2497913b2b",
            "union_id": "on_136a750d61f0b040722db8d211832107"
          },
          "name": "太子",
          "tenant_key": "1aa0fbb1ff995944"
        }
      ],
      "user_agent": "Mozilla/5.0 (Linux; Android 13; 23013RK75C Build/TKQ1.220905.001; wv) AppleWebKit/537.36 (KHTML, like Gecko) Version/4.0 Chrome/120.0.6099.144 Mobile Safari/537.36 Lark/7.64.5 LarkLocale/zh_CN ChannelName/Lark appid/1664; appname/Lark; ttnet SDK-Version/7.64.13"
    }
  }
}
{
  "schema": "2.0",
  "header": {
    "event_id": "da5878c79aab978289257f89bb89e953",
    "token": "",
    "create_time": "1777019447768",
    "event_type": "im.message.receive_v1",
    "tenant_key": "1aa0fbb1ff995944",
    "app_id": "cli_a94fc9a45978de17"
  },
  "event": {
    "sender": {
      "sender_id": {
        "user_id": "adaaf873",
        "open_id": "ou_667e83f2936ba15a84513bd4cf60c262",
        "union_id": "on_786ce923e717aa97f77720e7de0adb3f"
      },
      "sender_type": "user",
      "tenant_key": "1aa0fbb1ff995944"
    },
    "message": {
      "message_id": "om_x100b5186edbfa8a8ee74736ec61be97",
      "create_time": "1777019447201",
      "update_time": "1777019447284",
      "chat_id": "oc_6791bc79e6d6373ef078256b58b782d7",
      "chat_type": "group",
      "message_type": "text",
      "content": "{\"text\":\"@_user_1 你如果需要搜索网页 需要什么技能 自己安装一下\"}",
      "mentions": [
        {
          "key": "@_user_1",
          "id": {
            "user_id": "",
            "open_id": "ou_19c9ad75ddcc264feb16cb2497913b2b",
            "union_id": "on_136a750d61f0b040722db8d211832107"
          },
          "name": "太子",
          "tenant_key": "1aa0fbb1ff995944"
        }
      ],
      "user_agent": "Mozilla/5.0 (Linux; Android 13; 23013RK75C Build/TKQ1.220905.001; wv) AppleWebKit/537.36 (KHTML, like Gecko) Version/4.0 Chrome/120.0.6099.144 Mobile Safari/537.36 Lark/7.64.5 LarkLocale/zh_CN ChannelName/Lark appid/1664; appname/Lark; ttnet SDK-Version/7.64.13"
    }
  }
}
{
  "schema": "2.0",
  "header": {
    "event_id": "da5878c79aab978289257f89bb89e953",
    "token": "",
    "create_time": "1777019447768",
    "event_type": "im.message.receive_v1",
    "tenant_key": "1aa0fbb1ff995944",
    "app_id": "cli_a94fc9a45978de17"
  },
  "event": {
    "sender": {
      "sender_id": {
        "user_id": "adaaf873",
        "open_id": "ou_667e83f2936ba15a84513bd4cf60c262",
        "union_id": "on_786ce923e717aa97f77720e7de0adb3f"
      },
      "sender_type": "user",
      "tenant_key": "1aa0fbb1ff995944"
    },
    "message": {
      "message_id": "om_x100b5186edbfa8a8ee74736ec61be97",
      "create_time": "1777019447201",
      "update_time": "1777019447284",
      "chat_id": "oc_6791bc79e6d6373ef078256b58b782d7",
      "chat_type": "group",
      "message_type": "text",
      "content": "{\"text\":\"@_user_1 你如果需要搜索网页 需要什么技能 自己安装一下\"}",
      "mentions": [
        {
          "key": "@_user_1",
          "id": {
            "user_id": "",
            "open_id": "ou_19c9ad75ddcc264feb16cb2497913b2b",
            "union_id": "on_136a750d61f0b040722db8d211832107"
          },
          "name": "太子",
          "tenant_key": "1aa0fbb1ff995944"
        }
      ],
      "user_agent": "Mozilla/5.0 (Linux; Android 13; 23013RK75C Build/TKQ1.220905.001; wv) AppleWebKit/537.36 (KHTML, like Gecko) Version/4.0 Chrome/120.0.6099.144 Mobile Safari/537.36 Lark/7.64.5 LarkLocale/zh_CN ChannelName/Lark appid/1664; appname/Lark; ttnet SDK-Version/7.64.13"
    }
  }
}
{
  "schema": "2.0",
  "header": {
    "event_id": "da5878c79aab978289257f89bb89e953",
    "token": "",
    "create_time": "1777019447768",
    "event_type": "im.message.receive_v1",
    "tenant_key": "1aa0fbb1ff995944",
    "app_id": "cli_a94fc9a45978de17"
  },
  "event": {
    "sender": {
      "sender_id": {
        "user_id": "adaaf873",
        "open_id": "ou_667e83f2936ba15a84513bd4cf60c262",
        "union_id": "on_786ce923e717aa97f77720e7de0adb3f"
      },
      "sender_type": "user",
      "tenant_key": "1aa0fbb1ff995944"
    },
    "message": {
      "message_id": "om_x100b5186edbfa8a8ee74736ec61be97",
      "create_time": "1777019447201",
      "update_time": "1777019447284",
      "chat_id": "oc_6791bc79e6d6373ef078256b58b782d7",
      "chat_type": "group",
      "message_type": "text",
      "content": "{\"text\":\"@_user_1 你如果需要搜索网页 需要什么技能 自己安装一下\"}",
      "mentions": [
        {
          "key": "@_user_1",
          "id": {
            "user_id": "",
            "open_id": "ou_19c9ad75ddcc264feb16cb2497913b2b",
            "union_id": "on_136a750d61f0b040722db8d211832107"
          },
          "name": "太子",
          "tenant_key": "1aa0fbb1ff995944"
        }
      ],
      "user_agent": "Mozilla/5.0 (Linux; Android 13; 23013RK75C Build/TKQ1.220905.001; wv) AppleWebKit/537.36 (KHTML, like Gecko) Version/4.0 Chrome/120.0.6099.144 Mobile Safari/537.36 Lark/7.64.5 LarkLocale/zh_CN ChannelName/Lark appid/1664; appname/Lark; ttnet SDK-Version/7.64.13"
    }
  }
}
{
  "schema": "2.0",
  "header": {
    "event_id": "14bedd0b538acc9d269830d4e943b9a4",
    "token": "",
    "create_time": "1777040196884",
    "event_type": "im.message.receive_v1",
    "tenant_key": "1aa0fbb1ff995944",
    "app_id": "cli_a94fc9a45978de17"
  },
  "event": {
    "sender": {
      "sender_id": {
        "user_id": "adaaf873",
        "open_id": "ou_667e83f2936ba15a84513bd4cf60c262",
        "union_id": "on_786ce923e717aa97f77720e7de0adb3f"
      },
      "sender_type": "user",
      "tenant_key": "1aa0fbb1ff995944"
    },
    "message": {
      "message_id": "om_x100b5183fa84953cee8dcf5b884dd86",
      "create_time": "1777040196626",
      "update_time": "1777040196626",
      "chat_id": "oc_6791bc79e6d6373ef078256b58b782d7",
      "chat_type": "group",
      "message_type": "text",
      "content": "{\"text\":\"@_user_1 连接我的github仓库 如果需要秘钥或者token 请告诉我如何过去 我进行提供\"}",
      "mentions": [
        {
          "key": "@_user_1",
          "id": {
            "user_id": "",
            "open_id": "ou_19c9ad75ddcc264feb16cb2497913b2b",
            "union_id": "on_136a750d61f0b040722db8d211832107"
          },
          "name": "太子",
          "tenant_key": "1aa0fbb1ff995944"
        }
      ],
      "user_agent": "Mozilla/5.0 (Linux; Android 13; 23013RK75C Build/TKQ1.220905.001; wv) AppleWebKit/537.36 (KHTML, like Gecko) Version/4.0 Chrome/120.0.6099.144 Mobile Safari/537.36 Lark/7.64.5 LarkLocale/zh_CN ChannelName/Lark appid/1664; appname/Lark; ttnet SDK-Version/7.64.13"
    }
  }
}
{
  "schema": "2.0",
  "header": {
    "event_id": "14bedd0b538acc9d269830d4e943b9a4",
    "token": "",
    "create_time": "1777040196884",
    "event_type": "im.message.receive_v1",
    "tenant_key": "1aa0fbb1ff995944",
    "app_id": "cli_a94fc9a45978de17"
  },
  "event": {
    "sender": {
      "sender_id": {
        "user_id": "adaaf873",
        "open_id": "ou_667e83f2936ba15a84513bd4cf60c262",
        "union_id": "on_786ce923e717aa97f77720e7de0adb3f"
      },
      "sender_type": "user",
      "tenant_key": "1aa0fbb1ff995944"
    },
    "message": {
      "message_id": "om_x100b5183fa84953cee8dcf5b884dd86",
      "create_time": "1777040196626",
      "update_time": "1777040196626",
      "chat_id": "oc_6791bc79e6d6373ef078256b58b782d7",
      "chat_type": "group",
      "message_type": "text",
      "content": "{\"text\":\"@_user_1 连接我的github仓库 如果需要秘钥或者token 请告诉我如何过去 我进行提供\"}",
      "mentions": [
        {
          "key": "@_user_1",
          "id": {
            "user_id": "",
            "open_id": "ou_19c9ad75ddcc264feb16cb2497913b2b",
            "union_id": "on_136a750d61f0b040722db8d211832107"
          },
          "name": "太子",
          "tenant_key": "1aa0fbb1ff995944"
        }
      ],
      "user_agent": "Mozilla/5.0 (Linux; Android 13; 23013RK75C Build/TKQ1.220905.001; wv) AppleWebKit/537.36 (KHTML, like Gecko) Version/4.0 Chrome/120.0.6099.144 Mobile Safari/537.36 Lark/7.64.5 LarkLocale/zh_CN ChannelName/Lark appid/1664; appname/Lark; ttnet SDK-Version/7.64.13"
    }
  }
}
{
  "schema": "2.0",
  "header": {
    "event_id": "de6c3404bd334b8cb9a27fc9391f015b",
    "token": "",
    "create_time": "1777093946354",
    "event_type": "im.message.receive_v1",
    "tenant_key": "1aa0fbb1ff995944",
    "app_id": "cli_a94fc9a45978de17"
  },
  "event": {
    "sender": {
      "sender_id": {
        "user_id": "adaaf873",
        "open_id": "ou_667e83f2936ba15a84513bd4cf60c262",
        "union_id": "on_786ce923e717aa97f77720e7de0adb3f"
      },
      "sender_type": "user",
      "tenant_key": "1aa0fbb1ff995944"
    },
    "message": {
      "message_id": "om_x100b51f09d52bca0eeafe2a5c5fb0c7",
      "create_time": "1777093946046",
      "update_time": "1777093946046",
      "chat_id": "oc_1a69bd0b7709507918dd2a27852c5ea2",
      "chat_type": "p2p",
      "message_type": "text",
      "content": "{\"text\":\"@_user_1 你已经整合完成了么\"}",
      "mentions": [
        {
          "key": "@_user_1",
          "id": {
            "user_id": "",
            "open_id": "ou_19c9ad75ddcc264feb16cb2497913b2b",
            "union_id": "on_136a750d61f0b040722db8d211832107"
          },
          "name": "太子",
          "tenant_key": "1aa0fbb1ff995944"
        }
      ],
      "user_agent": "Mozilla/5.0 (Linux; Android 13; 23013RK75C Build/TKQ1.220905.001; wv) AppleWebKit/537.36 (KHTML, like Gecko) Version/4.0 Chrome/120.0.6099.144 Mobile Safari/537.36 Lark/7.64.5 LarkLocale/zh_CN ChannelName/Lark appid/1664; appname/Lark; ttnet SDK-Version/7.64.13"
    }
  }
}
{
  "schema": "2.0",
  "header": {
    "event_id": "de6c3404bd334b8cb9a27fc9391f015b",
    "token": "",
    "create_time": "1777093946354",
    "event_type": "im.message.receive_v1",
    "tenant_key": "1aa0fbb1ff995944",
    "app_id": "cli_a94fc9a45978de17"
  },
  "event": {
    "sender": {
      "sender_id": {
        "user_id": "adaaf873",
        "open_id": "ou_667e83f2936ba15a84513bd4cf60c262",
        "union_id": "on_786ce923e717aa97f77720e7de0adb3f"
      },
      "sender_type": "user",
      "tenant_key": "1aa0fbb1ff995944"
    },
    "message": {
      "message_id": "om_x100b51f09d52bca0eeafe2a5c5fb0c7",
      "create_time": "1777093946046",
      "update_time": "1777093946046",
      "chat_id": "oc_1a69bd0b7709507918dd2a27852c5ea2",
      "chat_type": "p2p",
      "message_type": "text",
      "content": "{\"text\":\"@_user_1 你已经整合完成了么\"}",
      "mentions": [
        {
          "key": "@_user_1",
          "id": {
            "user_id": "",
            "open_id": "ou_19c9ad75ddcc264feb16cb2497913b2b",
            "union_id": "on_136a750d61f0b040722db8d211832107"
          },
          "name": "太子",
          "tenant_key": "1aa0fbb1ff995944"
        }
      ],
      "user_agent": "Mozilla/5.0 (Linux; Android 13; 23013RK75C Build/TKQ1.220905.001; wv) AppleWebKit/537.36 (KHTML, like Gecko) Version/4.0 Chrome/120.0.6099.144 Mobile Safari/537.36 Lark/7.64.5 LarkLocale/zh_CN ChannelName/Lark appid/1664; appname/Lark; ttnet SDK-Version/7.64.13"
    }
  }
}
{
  "schema": "2.0",
  "header": {
    "event_id": "4a818dc11ae8b1ed7a577c0c251f9acf",
    "token": "",
    "create_time": "1777094085495",
    "event_type": "im.message.receive_v1",
    "tenant_key": "1aa0fbb1ff995944",
    "app_id": "cli_a94fc9a45978de17"
  },
  "event": {
    "sender": {
      "sender_id": {
        "user_id": "adaaf873",
        "open_id": "ou_667e83f2936ba15a84513bd4cf60c262",
        "union_id": "on_786ce923e717aa97f77720e7de0adb3f"
      },
      "sender_type": "user",
      "tenant_key": "1aa0fbb1ff995944"
    },
    "message": {
      "message_id": "om_x100b51f0929f70a0eea7be7c2124d97",
      "create_time": "1777094085254",
      "update_time": "1777094085254",
      "chat_id": "oc_1a69bd0b7709507918dd2a27852c5ea2",
      "chat_type": "p2p",
      "message_type": "text",
      "content": "{\"text\":\"复核验收\"}",
      "user_agent": "Mozilla/5.0 (Linux; Android 13; 23013RK75C Build/TKQ1.220905.001; wv) AppleWebKit/537.36 (KHTML, like Gecko) Version/4.0 Chrome/120.0.6099.144 Mobile Safari/537.36 Lark/7.64.5 LarkLocale/zh_CN ChannelName/Lark appid/1664; appname/Lark; ttnet SDK-Version/7.64.13"
    }
  }
}
{
  "schema": "2.0",
  "header": {
    "event_id": "4a818dc11ae8b1ed7a577c0c251f9acf",
    "token": "",
    "create_time": "1777094085495",
    "event_type": "im.message.receive_v1",
    "tenant_key": "1aa0fbb1ff995944",
    "app_id": "cli_a94fc9a45978de17"
  },
  "event": {
    "sender": {
      "sender_id": {
        "user_id": "adaaf873",
        "open_id": "ou_667e83f2936ba15a84513bd4cf60c262",
        "union_id": "on_786ce923e717aa97f77720e7de0adb3f"
      },
      "sender_type": "user",
      "tenant_key": "1aa0fbb1ff995944"
    },
    "message": {
      "message_id": "om_x100b51f0929f70a0eea7be7c2124d97",
      "create_time": "1777094085254",
      "update_time": "1777094085254",
      "chat_id": "oc_1a69bd0b7709507918dd2a27852c5ea2",
      "chat_type": "p2p",
      "message_type": "text",
      "content": "{\"text\":\"复核验收\"}",
      "user_agent": "Mozilla/5.0 (Linux; Android 13; 23013RK75C Build/TKQ1.220905.001; wv) AppleWebKit/537.36 (KHTML, like Gecko) Version/4.0 Chrome/120.0.6099.144 Mobile Safari/537.36 Lark/7.64.5 LarkLocale/zh_CN ChannelName/Lark appid/1664; appname/Lark; ttnet SDK-Version/7.64.13"
    }
  }
}
{
  "schema": "2.0",
  "header": {
    "event_id": "2d6f6f17e56544afb3a467f78eb4cd88",
    "token": "",
    "create_time": "1777094256791",
    "event_type": "im.message.receive_v1",
    "tenant_key": "1aa0fbb1ff995944",
    "app_id": "cli_a94fc9a45978de17"
  },
  "event": {
    "sender": {
      "sender_id": {
        "user_id": "adaaf873",
        "open_id": "ou_667e83f2936ba15a84513bd4cf60c262",
        "union_id": "on_786ce923e717aa97f77720e7de0adb3f"
      },
      "sender_type": "user",
      "tenant_key": "1aa0fbb1ff995944"
    },
    "message": {
      "message_id": "om_x100b51f0a9c8f8a8ee85c2901e04ede",
      "create_time": "1777094256415",
      "update_time": "1777094256415",
      "chat_id": "oc_1a69bd0b7709507918dd2a27852c5ea2",
      "chat_type": "p2p",
      "message_type": "text",
      "content": "{\"text\":\"都需要检测验收一次\"}",
      "user_agent": "Mozilla/5.0 (Linux; Android 13; 23013RK75C Build/TKQ1.220905.001; wv) AppleWebKit/537.36 (KHTML, like Gecko) Version/4.0 Chrome/120.0.6099.144 Mobile Safari/537.36 Lark/7.64.5 LarkLocale/zh_CN ChannelName/Lark appid/1664; appname/Lark; ttnet SDK-Version/7.64.13"
    }
  }
}
{
  "schema": "2.0",
  "header": {
    "event_id": "de6c3404bd334b8cb9a27fc9391f015b",
    "token": "",
    "create_time": "1777093946354",
    "event_type": "im.message.receive_v1",
    "tenant_key": "1aa0fbb1ff995944",
    "app_id": "cli_a94fc9a45978de17"
  },
  "event": {
    "sender": {
      "sender_id": {
        "user_id": "adaaf873",
        "open_id": "ou_667e83f2936ba15a84513bd4cf60c262",
        "union_id": "on_786ce923e717aa97f77720e7de0adb3f"
      },
      "sender_type": "user",
      "tenant_key": "1aa0fbb1ff995944"
    },
    "message": {
      "message_id": "om_x100b51f09d52bca0eeafe2a5c5fb0c7",
      "create_time": "1777093946046",
      "update_time": "1777093946046",
      "chat_id": "oc_1a69bd0b7709507918dd2a27852c5ea2",
      "chat_type": "p2p",
      "message_type": "text",
      "content": "{\"text\":\"@_user_1 你已经整合完成了么\"}",
      "mentions": [
        {
          "key": "@_user_1",
          "id": {
            "user_id": "",
            "open_id": "ou_19c9ad75ddcc264feb16cb2497913b2b",
            "union_id": "on_136a750d61f0b040722db8d211832107"
          },
          "name": "太子",
          "tenant_key": "1aa0fbb1ff995944"
        }
      ],
      "user_agent": "Mozilla/5.0 (Linux; Android 13; 23013RK75C Build/TKQ1.220905.001; wv) AppleWebKit/537.36 (KHTML, like Gecko) Version/4.0 Chrome/120.0.6099.144 Mobile Safari/537.36 Lark/7.64.5 LarkLocale/zh_CN ChannelName/Lark appid/1664; appname/Lark; ttnet SDK-Version/7.64.13"
    }
  }
}
{
  "schema": "2.0",
  "header": {
    "event_id": "2d6f6f17e56544afb3a467f78eb4cd88",
    "token": "",
    "create_time": "1777094256791",
    "event_type": "im.message.receive_v1",
    "tenant_key": "1aa0fbb1ff995944",
    "app_id": "cli_a94fc9a45978de17"
  },
  "event": {
    "sender": {
      "sender_id": {
        "user_id": "adaaf873",
        "open_id": "ou_667e83f2936ba15a84513bd4cf60c262",
        "union_id": "on_786ce923e717aa97f77720e7de0adb3f"
      },
      "sender_type": "user",
      "tenant_key": "1aa0fbb1ff995944"
    },
    "message": {
      "message_id": "om_x100b51f0a9c8f8a8ee85c2901e04ede",
      "create_time": "1777094256415",
      "update_time": "1777094256415",
      "chat_id": "oc_1a69bd0b7709507918dd2a27852c5ea2",
      "chat_type": "p2p",
      "message_type": "text",
      "content": "{\"text\":\"都需要检测验收一次\"}",
      "user_agent": "Mozilla/5.0 (Linux; Android 13; 23013RK75C Build/TKQ1.220905.001; wv) AppleWebKit/537.36 (KHTML, like Gecko) Version/4.0 Chrome/120.0.6099.144 Mobile Safari/537.36 Lark/7.64.5 LarkLocale/zh_CN ChannelName/Lark appid/1664; appname/Lark; ttnet SDK-Version/7.64.13"
    }
  }
}
{
  "schema": "2.0",
  "header": {
    "event_id": "4a818dc11ae8b1ed7a577c0c251f9acf",
    "token": "",
    "create_time": "1777094085495",
    "event_type": "im.message.receive_v1",
    "tenant_key": "1aa0fbb1ff995944",
    "app_id": "cli_a94fc9a45978de17"
  },
  "event": {
    "sender": {
      "sender_id": {
        "user_id": "adaaf873",
        "open_id": "ou_667e83f2936ba15a84513bd4cf60c262",
        "union_id": "on_786ce923e717aa97f77720e7de0adb3f"
      },
      "sender_type": "user",
      "tenant_key": "1aa0fbb1ff995944"
    },
    "message": {
      "message_id": "om_x100b51f0929f70a0eea7be7c2124d97",
      "create_time": "1777094085254",
      "update_time": "1777094085254",
      "chat_id": "oc_1a69bd0b7709507918dd2a27852c5ea2",
      "chat_type": "p2p",
      "message_type": "text",
      "content": "{\"text\":\"复核验收\"}",
      "user_agent": "Mozilla/5.0 (Linux; Android 13; 23013RK75C Build/TKQ1.220905.001; wv) AppleWebKit/537.36 (KHTML, like Gecko) Version/4.0 Chrome/120.0.6099.144 Mobile Safari/537.36 Lark/7.64.5 LarkLocale/zh_CN ChannelName/Lark appid/1664; appname/Lark; ttnet SDK-Version/7.64.13"
    }
  }
}
{
  "schema": "2.0",
  "header": {
    "event_id": "4cf0f811041487e725ebb8e41de512bb",
    "token": "",
    "create_time": "1777094480039",
    "event_type": "im.message.receive_v1",
    "tenant_key": "1aa0fbb1ff995944",
    "app_id": "cli_a94fc9a45978de17"
  },
  "event": {
    "sender": {
      "sender_id": {
        "user_id": "adaaf873",
        "open_id": "ou_667e83f2936ba15a84513bd4cf60c262",
        "union_id": "on_786ce923e717aa97f77720e7de0adb3f"
      },
      "sender_type": "user",
      "tenant_key": "1aa0fbb1ff995944"
    },
    "message": {
      "message_id": "om_x100b51f0ba377930ee79b8ce4cfdc92",
      "create_time": "1777094479762",
      "update_time": "1777094479762",
      "chat_id": "oc_1a69bd0b7709507918dd2a27852c5ea2",
      "chat_type": "p2p",
      "message_type": "text",
      "content": "{\"text\":\"按当前工作区全部检查\"}",
      "user_agent": "Mozilla/5.0 (Linux; Android 13; 23013RK75C Build/TKQ1.220905.001; wv) AppleWebKit/537.36 (KHTML, like Gecko) Version/4.0 Chrome/120.0.6099.144 Mobile Safari/537.36 Lark/7.64.5 LarkLocale/zh_CN ChannelName/Lark appid/1664; appname/Lark; ttnet SDK-Version/7.64.13"
    }
  }
}
{
  "schema": "2.0",
  "header": {
    "event_id": "4cf0f811041487e725ebb8e41de512bb",
    "token": "",
    "create_time": "1777094480039",
    "event_type": "im.message.receive_v1",
    "tenant_key": "1aa0fbb1ff995944",
    "app_id": "cli_a94fc9a45978de17"
  },
  "event": {
    "sender": {
      "sender_id": {
        "user_id": "adaaf873",
        "open_id": "ou_667e83f2936ba15a84513bd4cf60c262",
        "union_id": "on_786ce923e717aa97f77720e7de0adb3f"
      },
      "sender_type": "user",
      "tenant_key": "1aa0fbb1ff995944"
    },
    "message": {
      "message_id": "om_x100b51f0ba377930ee79b8ce4cfdc92",
      "create_time": "1777094479762",
      "update_time": "1777094479762",
      "chat_id": "oc_1a69bd0b7709507918dd2a27852c5ea2",
      "chat_type": "p2p",
      "message_type": "text",
      "content": "{\"text\":\"按当前工作区全部检查\"}",
      "user_agent": "Mozilla/5.0 (Linux; Android 13; 23013RK75C Build/TKQ1.220905.001; wv) AppleWebKit/537.36 (KHTML, like Gecko) Version/4.0 Chrome/120.0.6099.144 Mobile Safari/537.36 Lark/7.64.5 LarkLocale/zh_CN ChannelName/Lark appid/1664; appname/Lark; ttnet SDK-Version/7.64.13"
    }
  }
}
{
  "schema": "2.0",
  "header": {
    "event_id": "35dc088758fee5719ecb35cb76a48b5a",
    "token": "",
    "create_time": "1777094549311",
    "event_type": "im.message.receive_v1",
    "tenant_key": "1aa0fbb1ff995944",
    "app_id": "cli_a94fc9a45978de17"
  },
  "event": {
    "sender": {
      "sender_id": {
        "user_id": "adaaf873",
        "open_id": "ou_667e83f2936ba15a84513bd4cf60c262",
        "union_id": "on_786ce923e717aa97f77720e7de0adb3f"
      },
      "sender_type": "user",
      "tenant_key": "1aa0fbb1ff995944"
    },
    "message": {
      "message_id": "om_x100b51f0b782bd30eeaf0e5d6995761",
      "create_time": "1777094549034",
      "update_time": "1777094549034",
      "chat_id": "oc_1a69bd0b7709507918dd2a27852c5ea2",
      "chat_type": "p2p",
      "message_type": "text",
      "content": "{\"text\":\"1 2 3都执行\"}",
      "user_agent": "Mozilla/5.0 (Linux; Android 13; 23013RK75C Build/TKQ1.220905.001; wv) AppleWebKit/537.36 (KHTML, like Gecko) Version/4.0 Chrome/120.0.6099.144 Mobile Safari/537.36 Lark/7.64.5 LarkLocale/zh_CN ChannelName/Lark appid/1664; appname/Lark; ttnet SDK-Version/7.64.13"
    }
  }
}
{
  "schema": "2.0",
  "header": {
    "event_id": "35dc088758fee5719ecb35cb76a48b5a",
    "token": "",
    "create_time": "1777094549311",
    "event_type": "im.message.receive_v1",
    "tenant_key": "1aa0fbb1ff995944",
    "app_id": "cli_a94fc9a45978de17"
  },
  "event": {
    "sender": {
      "sender_id": {
        "user_id": "adaaf873",
        "open_id": "ou_667e83f2936ba15a84513bd4cf60c262",
        "union_id": "on_786ce923e717aa97f77720e7de0adb3f"
      },
      "sender_type": "user",
      "tenant_key": "1aa0fbb1ff995944"
    },
    "message": {
      "message_id": "om_x100b51f0b782bd30eeaf0e5d6995761",
      "create_time": "1777094549034",
      "update_time": "1777094549034",
      "chat_id": "oc_1a69bd0b7709507918dd2a27852c5ea2",
      "chat_type": "p2p",
      "message_type": "text",
      "content": "{\"text\":\"1 2 3都执行\"}",
      "user_agent": "Mozilla/5.0 (Linux; Android 13; 23013RK75C Build/TKQ1.220905.001; wv) AppleWebKit/537.36 (KHTML, like Gecko) Version/4.0 Chrome/120.0.6099.144 Mobile Safari/537.36 Lark/7.64.5 LarkLocale/zh_CN ChannelName/Lark appid/1664; appname/Lark; ttnet SDK-Version/7.64.13"
    }
  }
}
{
  "schema": "2.0",
  "header": {
    "event_id": "4cf0f811041487e725ebb8e41de512bb",
    "token": "",
    "create_time": "1777094480039",
    "event_type": "im.message.receive_v1",
    "tenant_key": "1aa0fbb1ff995944",
    "app_id": "cli_a94fc9a45978de17"
  },
  "event": {
    "sender": {
      "sender_id": {
        "user_id": "adaaf873",
        "open_id": "ou_667e83f2936ba15a84513bd4cf60c262",
        "union_id": "on_786ce923e717aa97f77720e7de0adb3f"
      },
      "sender_type": "user",
      "tenant_key": "1aa0fbb1ff995944"
    },
    "message": {
      "message_id": "om_x100b51f0ba377930ee79b8ce4cfdc92",
      "create_time": "1777094479762",
      "update_time": "1777094479762",
      "chat_id": "oc_1a69bd0b7709507918dd2a27852c5ea2",
      "chat_type": "p2p",
      "message_type": "text",
      "content": "{\"text\":\"按当前工作区全部检查\"}",
      "user_agent": "Mozilla/5.0 (Linux; Android 13; 23013RK75C Build/TKQ1.220905.001; wv) AppleWebKit/537.36 (KHTML, like Gecko) Version/4.0 Chrome/120.0.6099.144 Mobile Safari/537.36 Lark/7.64.5 LarkLocale/zh_CN ChannelName/Lark appid/1664; appname/Lark; ttnet SDK-Version/7.64.13"
    }
  }
}
{
  "schema": "2.0",
  "header": {
    "event_id": "708038c3997673328c37a9d10899f943",
    "token": "",
    "create_time": "1777096101904",
    "event_type": "im.message.receive_v1",
    "tenant_key": "1aa0fbb1ff995944",
    "app_id": "cli_a94fc9a45978de17"
  },
  "event": {
    "sender": {
      "sender_id": {
        "user_id": "adaaf873",
        "open_id": "ou_667e83f2936ba15a84513bd4cf60c262",
        "union_id": "on_786ce923e717aa97f77720e7de0adb3f"
      },
      "sender_type": "user",
      "tenant_key": "1aa0fbb1ff995944"
    },
    "message": {
      "message_id": "om_x100b51f1149a2130ee72408b24b8834",
      "root_id": "om_x100b51f0b9ee88a4ee7bd8a50ce8b97",
      "parent_id": "om_x100b51f0b9ee88a4ee7bd8a50ce8b97",
      "create_time": "1777096101558",
      "update_time": "1777096101558",
      "chat_id": "oc_1a69bd0b7709507918dd2a27852c5ea2",
      "chat_type": "p2p",
      "message_type": "text",
      "content": "{\"text\":\"就是这个1 2 3 \"}",
      "user_agent": "Mozilla/5.0 (Linux; Android 13; 23013RK75C Build/TKQ1.220905.001; wv) AppleWebKit/537.36 (KHTML, like Gecko) Version/4.0 Chrome/120.0.6099.144 Mobile Safari/537.36 Lark/7.64.5 LarkLocale/zh_CN ChannelName/Lark appid/1664; appname/Lark; ttnet SDK-Version/7.64.13"
    }
  }
}
{
  "schema": "2.0",
  "header": {
    "event_id": "708038c3997673328c37a9d10899f943",
    "token": "",
    "create_time": "1777096101904",
    "event_type": "im.message.receive_v1",
    "tenant_key": "1aa0fbb1ff995944",
    "app_id": "cli_a94fc9a45978de17"
  },
  "event": {
    "sender": {
      "sender_id": {
        "user_id": "adaaf873",
        "open_id": "ou_667e83f2936ba15a84513bd4cf60c262",
        "union_id": "on_786ce923e717aa97f77720e7de0adb3f"
      },
      "sender_type": "user",
      "tenant_key": "1aa0fbb1ff995944"
    },
    "message": {
      "message_id": "om_x100b51f1149a2130ee72408b24b8834",
      "root_id": "om_x100b51f0b9ee88a4ee7bd8a50ce8b97",
      "parent_id": "om_x100b51f0b9ee88a4ee7bd8a50ce8b97",
      "create_time": "1777096101558",
      "update_time": "1777096101558",
      "chat_id": "oc_1a69bd0b7709507918dd2a27852c5ea2",
      "chat_type": "p2p",
      "message_type": "text",
      "content": "{\"text\":\"就是这个1 2 3 \"}",
      "user_agent": "Mozilla/5.0 (Linux; Android 13; 23013RK75C Build/TKQ1.220905.001; wv) AppleWebKit/537.36 (KHTML, like Gecko) Version/4.0 Chrome/120.0.6099.144 Mobile Safari/537.36 Lark/7.64.5 LarkLocale/zh_CN ChannelName/Lark appid/1664; appname/Lark; ttnet SDK-Version/7.64.13"
    }
  }
}
{
  "schema": "2.0",
  "header": {
    "event_id": "a4ae54d1d5730b5878025a3d445cc55c",
    "token": "",
    "create_time": "1777096210468",
    "event_type": "im.message.receive_v1",
    "tenant_key": "1aa0fbb1ff995944",
    "app_id": "cli_a94fc9a45978de17"
  },
  "event": {
    "sender": {
      "sender_id": {
        "user_id": "adaaf873",
        "open_id": "ou_667e83f2936ba15a84513bd4cf60c262",
        "union_id": "on_786ce923e717aa97f77720e7de0adb3f"
      },
      "sender_type": "user",
      "tenant_key": "1aa0fbb1ff995944"
    },
    "message": {
      "message_id": "om_x100b51f12fd2c8a0ee8594115d44d79",
      "create_time": "1777096210047",
      "update_time": "1777096210047",
      "chat_id": "oc_1a69bd0b7709507918dd2a27852c5ea2",
      "chat_type": "p2p",
      "message_type": "text",
      "content": "{\"text\":\"@_user_1 升级openclaw到最新版本 升级完成后进行自检并出具报告给我\"}",
      "mentions": [
        {
          "key": "@_user_1",
          "id": {
            "user_id": "",
            "open_id": "ou_19c9ad75ddcc264feb16cb2497913b2b",
            "union_id": "on_136a750d61f0b040722db8d211832107"
          },
          "name": "太子",
          "tenant_key": "1aa0fbb1ff995944"
        }
      ],
      "user_agent": "Mozilla/5.0 (Linux; Android 13; 23013RK75C Build/TKQ1.220905.001; wv) AppleWebKit/537.36 (KHTML, like Gecko) Version/4.0 Chrome/120.0.6099.144 Mobile Safari/537.36 Lark/7.64.5 LarkLocale/zh_CN ChannelName/Lark appid/1664; appname/Lark; ttnet SDK-Version/7.64.13"
    }
  }
}
{
  "schema": "2.0",
  "header": {
    "event_id": "a4ae54d1d5730b5878025a3d445cc55c",
    "token": "",
    "create_time": "1777096210468",
    "event_type": "im.message.receive_v1",
    "tenant_key": "1aa0fbb1ff995944",
    "app_id": "cli_a94fc9a45978de17"
  },
  "event": {
    "sender": {
      "sender_id": {
        "user_id": "adaaf873",
        "open_id": "ou_667e83f2936ba15a84513bd4cf60c262",
        "union_id": "on_786ce923e717aa97f77720e7de0adb3f"
      },
      "sender_type": "user",
      "tenant_key": "1aa0fbb1ff995944"
    },
    "message": {
      "message_id": "om_x100b51f12fd2c8a0ee8594115d44d79",
      "create_time": "1777096210047",
      "update_time": "1777096210047",
      "chat_id": "oc_1a69bd0b7709507918dd2a27852c5ea2",
      "chat_type": "p2p",
      "message_type": "text",
      "content": "{\"text\":\"@_user_1 升级openclaw到最新版本 升级完成后进行自检并出具报告给我\"}",
      "mentions": [
        {
          "key": "@_user_1",
          "id": {
            "user_id": "",
            "open_id": "ou_19c9ad75ddcc264feb16cb2497913b2b",
            "union_id": "on_136a750d61f0b040722db8d211832107"
          },
          "name": "太子",
          "tenant_key": "1aa0fbb1ff995944"
        }
      ],
      "user_agent": "Mozilla/5.0 (Linux; Android 13; 23013RK75C Build/TKQ1.220905.001; wv) AppleWebKit/537.36 (KHTML, like Gecko) Version/4.0 Chrome/120.0.6099.144 Mobile Safari/537.36 Lark/7.64.5 LarkLocale/zh_CN ChannelName/Lark appid/1664; appname/Lark; ttnet SDK-Version/7.64.13"
    }
  }
}
{
  "schema": "2.0",
  "header": {
    "event_id": "a4ae54d1d5730b5878025a3d445cc55c",
    "token": "",
    "create_time": "1777096210468",
    "event_type": "im.message.receive_v1",
    "tenant_key": "1aa0fbb1ff995944",
    "app_id": "cli_a94fc9a45978de17"
  },
  "event": {
    "sender": {
      "sender_id": {
        "user_id": "adaaf873",
        "open_id": "ou_667e83f2936ba15a84513bd4cf60c262",
        "union_id": "on_786ce923e717aa97f77720e7de0adb3f"
      },
      "sender_type": "user",
      "tenant_key": "1aa0fbb1ff995944"
    },
    "message": {
      "message_id": "om_x100b51f12fd2c8a0ee8594115d44d79",
      "create_time": "1777096210047",
      "update_time": "1777096210047",
      "chat_id": "oc_1a69bd0b7709507918dd2a27852c5ea2",
      "chat_type": "p2p",
      "message_type": "text",
      "content": "{\"text\":\"@_user_1 升级openclaw到最新版本 升级完成后进行自检并出具报告给我\"}",
      "mentions": [
        {
          "key": "@_user_1",
          "id": {
            "user_id": "",
            "open_id": "ou_19c9ad75ddcc264feb16cb2497913b2b",
            "union_id": "on_136a750d61f0b040722db8d211832107"
          },
          "name": "太子",
          "tenant_key": "1aa0fbb1ff995944"
        }
      ],
      "user_agent": "Mozilla/5.0 (Linux; Android 13; 23013RK75C Build/TKQ1.220905.001; wv) AppleWebKit/537.36 (KHTML, like Gecko) Version/4.0 Chrome/120.0.6099.144 Mobile Safari/537.36 Lark/7.64.5 LarkLocale/zh_CN ChannelName/Lark appid/1664; appname/Lark; ttnet SDK-Version/7.64.13"
    }
  }
}
{
  "schema": "2.0",
  "header": {
    "event_id": "a700ea7270370d19729fa8fc8bd2d022",
    "token": "",
    "create_time": "1777105931467",
    "event_type": "im.message.receive_v1",
    "tenant_key": "1aa0fbb1ff995944",
    "app_id": "cli_a94fc9a45978de17"
  },
  "event": {
    "sender": {
      "sender_id": {
        "user_id": "adaaf873",
        "open_id": "ou_667e83f2936ba15a84513bd4cf60c262",
        "union_id": "on_786ce923e717aa97f77720e7de0adb3f"
      },
      "sender_type": "user",
      "tenant_key": "1aa0fbb1ff995944"
    },
    "message": {
      "message_id": "om_x100b51f38e7c94a0ee8ceeef65d6321",
      "create_time": "1777105931161",
      "update_time": "1777105931161",
      "chat_id": "oc_1a69bd0b7709507918dd2a27852c5ea2",
      "chat_type": "p2p",
      "message_type": "text",
      "content": "{\"text\":\"@_user_1 https://github.com/sansan0/TrendRadar 看看这个 如何集成到我现在的框架里\"}",
      "mentions": [
        {
          "key": "@_user_1",
          "id": {
            "user_id": "",
            "open_id": "ou_19c9ad75ddcc264feb16cb2497913b2b",
            "union_id": "on_136a750d61f0b040722db8d211832107"
          },
          "name": "太子",
          "tenant_key": "1aa0fbb1ff995944"
        }
      ],
      "user_agent": "Mozilla/5.0 (Linux; Android 13; 23013RK75C Build/TKQ1.220905.001; wv) AppleWebKit/537.36 (KHTML, like Gecko) Version/4.0 Chrome/120.0.6099.144 Mobile Safari/537.36 Lark/7.64.5 LarkLocale/zh_CN ChannelName/Lark appid/1664; appname/Lark; ttnet SDK-Version/7.64.13"
    }
  }
}
{
  "schema": "2.0",
  "header": {
    "event_id": "a700ea7270370d19729fa8fc8bd2d022",
    "token": "",
    "create_time": "1777105931467",
    "event_type": "im.message.receive_v1",
    "tenant_key": "1aa0fbb1ff995944",
    "app_id": "cli_a94fc9a45978de17"
  },
  "event": {
    "sender": {
      "sender_id": {
        "user_id": "adaaf873",
        "open_id": "ou_667e83f2936ba15a84513bd4cf60c262",
        "union_id": "on_786ce923e717aa97f77720e7de0adb3f"
      },
      "sender_type": "user",
      "tenant_key": "1aa0fbb1ff995944"
    },
    "message": {
      "message_id": "om_x100b51f38e7c94a0ee8ceeef65d6321",
      "create_time": "1777105931161",
      "update_time": "1777105931161",
      "chat_id": "oc_1a69bd0b7709507918dd2a27852c5ea2",
      "chat_type": "p2p",
      "message_type": "text",
      "content": "{\"text\":\"@_user_1 https://github.com/sansan0/TrendRadar 看看这个 如何集成到我现在的框架里\"}",
      "mentions": [
        {
          "key": "@_user_1",
          "id": {
            "user_id": "",
            "open_id": "ou_19c9ad75ddcc264feb16cb2497913b2b",
            "union_id": "on_136a750d61f0b040722db8d211832107"
          },
          "name": "太子",
          "tenant_key": "1aa0fbb1ff995944"
        }
      ],
      "user_agent": "Mozilla/5.0 (Linux; Android 13; 23013RK75C Build/TKQ1.220905.001; wv) AppleWebKit/537.36 (KHTML, like Gecko) Version/4.0 Chrome/120.0.6099.144 Mobile Safari/537.36 Lark/7.64.5 LarkLocale/zh_CN ChannelName/Lark appid/1664; appname/Lark; ttnet SDK-Version/7.64.13"
    }
  }
}
{
  "schema": "2.0",
  "header": {
    "event_id": "a700ea7270370d19729fa8fc8bd2d022",
    "token": "",
    "create_time": "1777105931467",
    "event_type": "im.message.receive_v1",
    "tenant_key": "1aa0fbb1ff995944",
    "app_id": "cli_a94fc9a45978de17"
  },
  "event": {
    "sender": {
      "sender_id": {
        "user_id": "adaaf873",
        "open_id": "ou_667e83f2936ba15a84513bd4cf60c262",
        "union_id": "on_786ce923e717aa97f77720e7de0adb3f"
      },
      "sender_type": "user",
      "tenant_key": "1aa0fbb1ff995944"
    },
    "message": {
      "message_id": "om_x100b51f38e7c94a0ee8ceeef65d6321",
      "create_time": "1777105931161",
      "update_time": "1777105931161",
      "chat_id": "oc_1a69bd0b7709507918dd2a27852c5ea2",
      "chat_type": "p2p",
      "message_type": "text",
      "content": "{\"text\":\"@_user_1 https://github.com/sansan0/TrendRadar 看看这个 如何集成到我现在的框架里\"}",
      "mentions": [
        {
          "key": "@_user_1",
          "id": {
            "user_id": "",
            "open_id": "ou_19c9ad75ddcc264feb16cb2497913b2b",
            "union_id": "on_136a750d61f0b040722db8d211832107"
          },
          "name": "太子",
          "tenant_key": "1aa0fbb1ff995944"
        }
      ],
      "user_agent": "Mozilla/5.0 (Linux; Android 13; 23013RK75C Build/TKQ1.220905.001; wv) AppleWebKit/537.36 (KHTML, like Gecko) Version/4.0 Chrome/120.0.6099.144 Mobile Safari/537.36 Lark/7.64.5 LarkLocale/zh_CN ChannelName/Lark appid/1664; appname/Lark; ttnet SDK-Version/7.64.13"
    }
  }
}
{
  "schema": "2.0",
  "header": {
    "event_id": "cefc973b3a38eac297e9695cc8650048",
    "token": "",
    "create_time": "1777124176973",
    "event_type": "im.message.receive_v1",
    "tenant_key": "1aa0fbb1ff995944",
    "app_id": "cli_a94fc9a45978de17"
  },
  "event": {
    "sender": {
      "sender_id": {
        "user_id": "adaaf873",
        "open_id": "ou_667e83f2936ba15a84513bd4cf60c262",
        "union_id": "on_786ce923e717aa97f77720e7de0adb3f"
      },
      "sender_type": "user",
      "tenant_key": "1aa0fbb1ff995944"
    },
    "message": {
      "message_id": "om_x100b51f87bc54ca0ee887c157081bc4",
      "create_time": "1777124176667",
      "update_time": "1777124176667",
      "chat_id": "oc_6791bc79e6d6373ef078256b58b782d7",
      "chat_type": "group",
      "message_type": "text",
      "content": "{\"text\":\"@_user_1 排查这个问题原因 OpenClaw 调用失败：ReadTimeout(ReadTimeoutError(\\\"HTTPConnectionPool(host='192.168.1.212', port=18789): Read timed out. (read timeout=90)\\\"))\"}",
      "mentions": [
        {
          "key": "@_user_1",
          "id": {
            "user_id": "",
            "open_id": "ou_19c9ad75ddcc264feb16cb2497913b2b",
            "union_id": "on_136a750d61f0b040722db8d211832107"
          },
          "name": "太子",
          "tenant_key": "1aa0fbb1ff995944"
        }
      ],
      "user_agent": "Mozilla/5.0 (Linux; Android 13; 23013RK75C Build/TKQ1.220905.001; wv) AppleWebKit/537.36 (KHTML, like Gecko) Version/4.0 Chrome/120.0.6099.144 Mobile Safari/537.36 Lark/7.64.5 LarkLocale/zh_CN ChannelName/Lark appid/1664; appname/Lark; ttnet SDK-Version/7.64.13"
    }
  }
}
{
  "schema": "2.0",
  "header": {
    "event_id": "cefc973b3a38eac297e9695cc8650048",
    "token": "",
    "create_time": "1777124176973",
    "event_type": "im.message.receive_v1",
    "tenant_key": "1aa0fbb1ff995944",
    "app_id": "cli_a94fc9a45978de17"
  },
  "event": {
    "sender": {
      "sender_id": {
        "user_id": "adaaf873",
        "open_id": "ou_667e83f2936ba15a84513bd4cf60c262",
        "union_id": "on_786ce923e717aa97f77720e7de0adb3f"
      },
      "sender_type": "user",
      "tenant_key": "1aa0fbb1ff995944"
    },
    "message": {
      "message_id": "om_x100b51f87bc54ca0ee887c157081bc4",
      "create_time": "1777124176667",
      "update_time": "1777124176667",
      "chat_id": "oc_6791bc79e6d6373ef078256b58b782d7",
      "chat_type": "group",
      "message_type": "text",
      "content": "{\"text\":\"@_user_1 排查这个问题原因 OpenClaw 调用失败：ReadTimeout(ReadTimeoutError(\\\"HTTPConnectionPool(host='192.168.1.212', port=18789): Read timed out. (read timeout=90)\\\"))\"}",
      "mentions": [
        {
          "key": "@_user_1",
          "id": {
            "user_id": "",
            "open_id": "ou_19c9ad75ddcc264feb16cb2497913b2b",
            "union_id": "on_136a750d61f0b040722db8d211832107"
          },
          "name": "太子",
          "tenant_key": "1aa0fbb1ff995944"
        }
      ],
      "user_agent": "Mozilla/5.0 (Linux; Android 13; 23013RK75C Build/TKQ1.220905.001; wv) AppleWebKit/537.36 (KHTML, like Gecko) Version/4.0 Chrome/120.0.6099.144 Mobile Safari/537.36 Lark/7.64.5 LarkLocale/zh_CN ChannelName/Lark appid/1664; appname/Lark; ttnet SDK-Version/7.64.13"
    }
  }
}
{
  "schema": "2.0",
  "header": {
    "event_id": "cefc973b3a38eac297e9695cc8650048",
    "token": "",
    "create_time": "1777124176973",
    "event_type": "im.message.receive_v1",
    "tenant_key": "1aa0fbb1ff995944",
    "app_id": "cli_a94fc9a45978de17"
  },
  "event": {
    "sender": {
      "sender_id": {
        "user_id": "adaaf873",
        "open_id": "ou_667e83f2936ba15a84513bd4cf60c262",
        "union_id": "on_786ce923e717aa97f77720e7de0adb3f"
      },
      "sender_type": "user",
      "tenant_key": "1aa0fbb1ff995944"
    },
    "message": {
      "message_id": "om_x100b51f87bc54ca0ee887c157081bc4",
      "create_time": "1777124176667",
      "update_time": "1777124176667",
      "chat_id": "oc_6791bc79e6d6373ef078256b58b782d7",
      "chat_type": "group",
      "message_type": "text",
      "content": "{\"text\":\"@_user_1 排查这个问题原因 OpenClaw 调用失败：ReadTimeout(ReadTimeoutError(\\\"HTTPConnectionPool(host='192.168.1.212', port=18789): Read timed out. (read timeout=90)\\\"))\"}",
      "mentions": [
        {
          "key": "@_user_1",
          "id": {
            "user_id": "",
            "open_id": "ou_19c9ad75ddcc264feb16cb2497913b2b",
            "union_id": "on_136a750d61f0b040722db8d211832107"
          },
          "name": "太子",
          "tenant_key": "1aa0fbb1ff995944"
        }
      ],
      "user_agent": "Mozilla/5.0 (Linux; Android 13; 23013RK75C Build/TKQ1.220905.001; wv) AppleWebKit/537.36 (KHTML, like Gecko) Version/4.0 Chrome/120.0.6099.144 Mobile Safari/537.36 Lark/7.64.5 LarkLocale/zh_CN ChannelName/Lark appid/1664; appname/Lark; ttnet SDK-Version/7.64.13"
    }
  }
}
{
  "schema": "2.0",
  "header": {
    "event_id": "71f08114b8f621a0c534d8ef94398979",
    "token": "",
    "create_time": "1777370090353",
    "event_type": "im.message.receive_v1",
    "tenant_key": "1aa0fbb1ff995944",
    "app_id": "cli_a94fc9a45978de17"
  },
  "event": {
    "sender": {
      "sender_id": {
        "user_id": "adaaf873",
        "open_id": "ou_667e83f2936ba15a84513bd4cf60c262",
        "union_id": "on_786ce923e717aa97f77720e7de0adb3f"
      },
      "sender_type": "user",
      "tenant_key": "1aa0fbb1ff995944"
    },
    "message": {
      "message_id": "om_x100b503c7050cd38ee7c519a3587f68",
      "create_time": "1777370089906",
      "update_time": "1777370089906",
      "chat_id": "oc_6791bc79e6d6373ef078256b58b782d7",
      "chat_type": "group",
      "message_type": "text",
      "content": "{\"text\":\"@_user_1 检查一下github备份的进度和现目前状态\"}",
      "mentions": [
        {
          "key": "@_user_1",
          "id": {
            "user_id": "",
            "open_id": "ou_19c9ad75ddcc264feb16cb2497913b2b",
            "union_id": "on_136a750d61f0b040722db8d211832107"
          },
          "name": "太子",
          "tenant_key": "1aa0fbb1ff995944"
        }
      ],
      "user_agent": "Mozilla/5.0 (Linux; Android 13; 23013RK75C Build/TKQ1.220905.001; wv) AppleWebKit/537.36 (KHTML, like Gecko) Version/4.0 Chrome/120.0.6099.144 Mobile Safari/537.36 Lark/7.64.5 LarkLocale/zh_CN ChannelName/Lark appid/1664; appname/Lark; ttnet SDK-Version/7.64.13"
    }
  }
}
{
  "schema": "2.0",
  "header": {
    "event_id": "71f08114b8f621a0c534d8ef94398979",
    "token": "",
    "create_time": "1777370090353",
    "event_type": "im.message.receive_v1",
    "tenant_key": "1aa0fbb1ff995944",
    "app_id": "cli_a94fc9a45978de17"
  },
  "event": {
    "sender": {
      "sender_id": {
        "user_id": "adaaf873",
        "open_id": "ou_667e83f2936ba15a84513bd4cf60c262",
        "union_id": "on_786ce923e717aa97f77720e7de0adb3f"
      },
      "sender_type": "user",
      "tenant_key": "1aa0fbb1ff995944"
    },
    "message": {
      "message_id": "om_x100b503c7050cd38ee7c519a3587f68",
      "create_time": "1777370089906",
      "update_time": "1777370089906",
      "chat_id": "oc_6791bc79e6d6373ef078256b58b782d7",
      "chat_type": "group",
      "message_type": "text",
      "content": "{\"text\":\"@_user_1 检查一下github备份的进度和现目前状态\"}",
      "mentions": [
        {
          "key": "@_user_1",
          "id": {
            "user_id": "",
            "open_id": "ou_19c9ad75ddcc264feb16cb2497913b2b",
            "union_id": "on_136a750d61f0b040722db8d211832107"
          },
          "name": "太子",
          "tenant_key": "1aa0fbb1ff995944"
        }
      ],
      "user_agent": "Mozilla/5.0 (Linux; Android 13; 23013RK75C Build/TKQ1.220905.001; wv) AppleWebKit/537.36 (KHTML, like Gecko) Version/4.0 Chrome/120.0.6099.144 Mobile Safari/537.36 Lark/7.64.5 LarkLocale/zh_CN ChannelName/Lark appid/1664; appname/Lark; ttnet SDK-Version/7.64.13"
    }
  }
}
{
  "schema": "2.0",
  "header": {
    "event_id": "71f08114b8f621a0c534d8ef94398979",
    "token": "",
    "create_time": "1777370090353",
    "event_type": "im.message.receive_v1",
    "tenant_key": "1aa0fbb1ff995944",
    "app_id": "cli_a94fc9a45978de17"
  },
  "event": {
    "sender": {
      "sender_id": {
        "user_id": "adaaf873",
        "open_id": "ou_667e83f2936ba15a84513bd4cf60c262",
        "union_id": "on_786ce923e717aa97f77720e7de0adb3f"
      },
      "sender_type": "user",
      "tenant_key": "1aa0fbb1ff995944"
    },
    "message": {
      "message_id": "om_x100b503c7050cd38ee7c519a3587f68",
      "create_time": "1777370089906",
      "update_time": "1777370089906",
      "chat_id": "oc_6791bc79e6d6373ef078256b58b782d7",
      "chat_type": "group",
      "message_type": "text",
      "content": "{\"text\":\"@_user_1 检查一下github备份的进度和现目前状态\"}",
      "mentions": [
        {
          "key": "@_user_1",
          "id": {
            "user_id": "",
            "open_id": "ou_19c9ad75ddcc264feb16cb2497913b2b",
            "union_id": "on_136a750d61f0b040722db8d211832107"
          },
          "name": "太子",
          "tenant_key": "1aa0fbb1ff995944"
        }
      ],
      "user_agent": "Mozilla/5.0 (Linux; Android 13; 23013RK75C Build/TKQ1.220905.001; wv) AppleWebKit/537.36 (KHTML, like Gecko) Version/4.0 Chrome/120.0.6099.144 Mobile Safari/537.36 Lark/7.64.5 LarkLocale/zh_CN ChannelName/Lark appid/1664; appname/Lark; ttnet SDK-Version/7.64.13"
    }
  }
}
{
  "schema": "2.0",
  "header": {
    "event_id": "a90a6822fa0677d89c64ec9bd0dd8dfe",
    "token": "",
    "create_time": "1777370444459",
    "event_type": "im.message.receive_v1",
    "tenant_key": "1aa0fbb1ff995944",
    "app_id": "cli_a94fc9a45978de17"
  },
  "event": {
    "sender": {
      "sender_id": {
        "user_id": "adaaf873",
        "open_id": "ou_667e83f2936ba15a84513bd4cf60c262",
        "union_id": "on_786ce923e717aa97f77720e7de0adb3f"
      },
      "sender_type": "user",
      "tenant_key": "1aa0fbb1ff995944"
    },
    "message": {
      "message_id": "om_x100b503c1a736790ee70fcde33dc6be",
      "create_time": "1777370444024",
      "update_time": "1777370444024",
      "chat_id": "oc_1a69bd0b7709507918dd2a27852c5ea2",
      "chat_type": "p2p",
      "message_type": "text",
      "content": "{\"text\":\"继续\"}",
      "user_agent": "Mozilla/5.0 (Linux; Android 13; 23013RK75C Build/TKQ1.220905.001; wv) AppleWebKit/537.36 (KHTML, like Gecko) Version/4.0 Chrome/120.0.6099.144 Mobile Safari/537.36 Lark/7.64.5 LarkLocale/zh_CN ChannelName/Lark appid/1664; appname/Lark; ttnet SDK-Version/7.64.13"
    }
  }
}
{
  "schema": "2.0",
  "header": {
    "event_id": "a90a6822fa0677d89c64ec9bd0dd8dfe",
    "token": "",
    "create_time": "1777370444459",
    "event_type": "im.message.receive_v1",
    "tenant_key": "1aa0fbb1ff995944",
    "app_id": "cli_a94fc9a45978de17"
  },
  "event": {
    "sender": {
      "sender_id": {
        "user_id": "adaaf873",
        "open_id": "ou_667e83f2936ba15a84513bd4cf60c262",
        "union_id": "on_786ce923e717aa97f77720e7de0adb3f"
      },
      "sender_type": "user",
      "tenant_key": "1aa0fbb1ff995944"
    },
    "message": {
      "message_id": "om_x100b503c1a736790ee70fcde33dc6be",
      "create_time": "1777370444024",
      "update_time": "1777370444024",
      "chat_id": "oc_1a69bd0b7709507918dd2a27852c5ea2",
      "chat_type": "p2p",
      "message_type": "text",
      "content": "{\"text\":\"继续\"}",
      "user_agent": "Mozilla/5.0 (Linux; Android 13; 23013RK75C Build/TKQ1.220905.001; wv) AppleWebKit/537.36 (KHTML, like Gecko) Version/4.0 Chrome/120.0.6099.144 Mobile Safari/537.36 Lark/7.64.5 LarkLocale/zh_CN ChannelName/Lark appid/1664; appname/Lark; ttnet SDK-Version/7.64.13"
    }
  }
}
{
  "schema": "2.0",
  "header": {
    "event_id": "74ff4ff59754aca7e743d6ae3ef3468a",
    "token": "",
    "create_time": "1777370649217",
    "event_type": "im.message.receive_v1",
    "tenant_key": "1aa0fbb1ff995944",
    "app_id": "cli_a94fc9a45978de17"
  },
  "event": {
    "sender": {
      "sender_id": {
        "user_id": "adaaf873",
        "open_id": "ou_667e83f2936ba15a84513bd4cf60c262",
        "union_id": "on_786ce923e717aa97f77720e7de0adb3f"
      },
      "sender_type": "user",
      "tenant_key": "1aa0fbb1ff995944"
    },
    "message": {
      "message_id": "om_x100b503c2f4174a0ee843932e105486",
      "create_time": "1777370648902",
      "update_time": "1777370648902",
      "chat_id": "oc_1a69bd0b7709507918dd2a27852c5ea2",
      "chat_type": "p2p",
      "message_type": "text",
      "content": "{\"text\":\"你这个对话每次都不一样么 刚刚才发给你的消息你就已经记不住了\"}",
      "user_agent": "Mozilla/5.0 (Linux; Android 13; 23013RK75C Build/TKQ1.220905.001; wv) AppleWebKit/537.36 (KHTML, like Gecko) Version/4.0 Chrome/120.0.6099.144 Mobile Safari/537.36 Lark/7.64.5 LarkLocale/zh_CN ChannelName/Lark appid/1664; appname/Lark; ttnet SDK-Version/7.64.13"
    }
  }
}
{
  "schema": "2.0",
  "header": {
    "event_id": "74ff4ff59754aca7e743d6ae3ef3468a",
    "token": "",
    "create_time": "1777370649217",
    "event_type": "im.message.receive_v1",
    "tenant_key": "1aa0fbb1ff995944",
    "app_id": "cli_a94fc9a45978de17"
  },
  "event": {
    "sender": {
      "sender_id": {
        "user_id": "adaaf873",
        "open_id": "ou_667e83f2936ba15a84513bd4cf60c262",
        "union_id": "on_786ce923e717aa97f77720e7de0adb3f"
      },
      "sender_type": "user",
      "tenant_key": "1aa0fbb1ff995944"
    },
    "message": {
      "message_id": "om_x100b503c2f4174a0ee843932e105486",
      "create_time": "1777370648902",
      "update_time": "1777370648902",
      "chat_id": "oc_1a69bd0b7709507918dd2a27852c5ea2",
      "chat_type": "p2p",
      "message_type": "text",
      "content": "{\"text\":\"你这个对话每次都不一样么 刚刚才发给你的消息你就已经记不住了\"}",
      "user_agent": "Mozilla/5.0 (Linux; Android 13; 23013RK75C Build/TKQ1.220905.001; wv) AppleWebKit/537.36 (KHTML, like Gecko) Version/4.0 Chrome/120.0.6099.144 Mobile Safari/537.36 Lark/7.64.5 LarkLocale/zh_CN ChannelName/Lark appid/1664; appname/Lark; ttnet SDK-Version/7.64.13"
    }
  }
}
{
  "schema": "2.0",
  "header": {
    "event_id": "a90a6822fa0677d89c64ec9bd0dd8dfe",
    "token": "",
    "create_time": "1777370444459",
    "event_type": "im.message.receive_v1",
    "tenant_key": "1aa0fbb1ff995944",
    "app_id": "cli_a94fc9a45978de17"
  },
  "event": {
    "sender": {
      "sender_id": {
        "user_id": "adaaf873",
        "open_id": "ou_667e83f2936ba15a84513bd4cf60c262",
        "union_id": "on_786ce923e717aa97f77720e7de0adb3f"
      },
      "sender_type": "user",
      "tenant_key": "1aa0fbb1ff995944"
    },
    "message": {
      "message_id": "om_x100b503c1a736790ee70fcde33dc6be",
      "create_time": "1777370444024",
      "update_time": "1777370444024",
      "chat_id": "oc_1a69bd0b7709507918dd2a27852c5ea2",
      "chat_type": "p2p",
      "message_type": "text",
      "content": "{\"text\":\"继续\"}",
      "user_agent": "Mozilla/5.0 (Linux; Android 13; 23013RK75C Build/TKQ1.220905.001; wv) AppleWebKit/537.36 (KHTML, like Gecko) Version/4.0 Chrome/120.0.6099.144 Mobile Safari/537.36 Lark/7.64.5 LarkLocale/zh_CN ChannelName/Lark appid/1664; appname/Lark; ttnet SDK-Version/7.64.13"
    }
  }
}
{
  "schema": "2.0",
  "header": {
    "event_id": "5e1313166271a3cea796e8c39c7e546a",
    "token": "",
    "create_time": "1777387206567",
    "event_type": "im.message.receive_v1",
    "tenant_key": "1aa0fbb1ff995944",
    "app_id": "cli_a94fc9a45978de17"
  },
  "event": {
    "sender": {
      "sender_id": {
        "user_id": "adaaf873",
        "open_id": "ou_667e83f2936ba15a84513bd4cf60c262",
        "union_id": "on_786ce923e717aa97f77720e7de0adb3f"
      },
      "sender_type": "user",
      "tenant_key": "1aa0fbb1ff995944"
    },
    "message": {
      "message_id": "om_x100b503822af60a4ee772da62e32234",
      "create_time": "1777387206249",
      "update_time": "1777387206249",
      "chat_id": "oc_1a69bd0b7709507918dd2a27852c5ea2",
      "chat_type": "p2p",
      "message_type": "text",
      "content": "{\"text\":\"如何能够增强你的记忆问题\"}",
      "user_agent": "Mozilla/5.0 (Linux; Android 13; 23013RK75C Build/TKQ1.220905.001; wv) AppleWebKit/537.36 (KHTML, like Gecko) Version/4.0 Chrome/120.0.6099.144 Mobile Safari/537.36 Lark/7.64.5 LarkLocale/zh_CN ChannelName/Lark appid/1664; appname/Lark; ttnet SDK-Version/7.64.13"
    }
  }
}
{
  "schema": "2.0",
  "header": {
    "event_id": "5e1313166271a3cea796e8c39c7e546a",
    "token": "",
    "create_time": "1777387206567",
    "event_type": "im.message.receive_v1",
    "tenant_key": "1aa0fbb1ff995944",
    "app_id": "cli_a94fc9a45978de17"
  },
  "event": {
    "sender": {
      "sender_id": {
        "user_id": "adaaf873",
        "open_id": "ou_667e83f2936ba15a84513bd4cf60c262",
        "union_id": "on_786ce923e717aa97f77720e7de0adb3f"
      },
      "sender_type": "user",
      "tenant_key": "1aa0fbb1ff995944"
    },
    "message": {
      "message_id": "om_x100b503822af60a4ee772da62e32234",
      "create_time": "1777387206249",
      "update_time": "1777387206249",
      "chat_id": "oc_1a69bd0b7709507918dd2a27852c5ea2",
      "chat_type": "p2p",
      "message_type": "text",
      "content": "{\"text\":\"如何能够增强你的记忆问题\"}",
      "user_agent": "Mozilla/5.0 (Linux; Android 13; 23013RK75C Build/TKQ1.220905.001; wv) AppleWebKit/537.36 (KHTML, like Gecko) Version/4.0 Chrome/120.0.6099.144 Mobile Safari/537.36 Lark/7.64.5 LarkLocale/zh_CN ChannelName/Lark appid/1664; appname/Lark; ttnet SDK-Version/7.64.13"
    }
  }
}
{
  "schema": "2.0",
  "header": {
    "event_id": "d520e5b5a0eda119bd537da0d097de50",
    "token": "",
    "create_time": "1777395984087",
    "event_type": "im.message.receive_v1",
    "tenant_key": "1aa0fbb1ff995944",
    "app_id": "cli_a94fc9a45978de17"
  },
  "event": {
    "sender": {
      "sender_id": {
        "user_id": "adaaf873",
        "open_id": "ou_667e83f2936ba15a84513bd4cf60c262",
        "union_id": "on_786ce923e717aa97f77720e7de0adb3f"
      },
      "sender_type": "user",
      "tenant_key": "1aa0fbb1ff995944"
    },
    "message": {
      "message_id": "om_x100b503ade31e0a0ee899c9b45ee8da",
      "create_time": "1777395983843",
      "update_time": "1777395983843",
      "chat_id": "oc_6791bc79e6d6373ef078256b58b782d7",
      "chat_type": "group",
      "message_type": "text",
      "content": "{\"text\":\"@_user_1 你应该怎么称呼我\"}",
      "mentions": [
        {
          "key": "@_user_1",
          "id": {
            "user_id": "",
            "open_id": "ou_19c9ad75ddcc264feb16cb2497913b2b",
            "union_id": "on_136a750d61f0b040722db8d211832107"
          },
          "name": "太子",
          "tenant_key": "1aa0fbb1ff995944"
        }
      ],
      "user_agent": "Mozilla/5.0 (Linux; Android 13; 23013RK75C Build/TKQ1.220905.001; wv) AppleWebKit/537.36 (KHTML, like Gecko) Version/4.0 Chrome/120.0.6099.144 Mobile Safari/537.36 Lark/7.64.5 LarkLocale/zh_CN ChannelName/Lark appid/1664; appname/Lark; ttnet SDK-Version/7.64.13"
    }
  }
}
{
  "schema": "2.0",
  "header": {
    "event_id": "d520e5b5a0eda119bd537da0d097de50",
    "token": "",
    "create_time": "1777395984087",
    "event_type": "im.message.receive_v1",
    "tenant_key": "1aa0fbb1ff995944",
    "app_id": "cli_a94fc9a45978de17"
  },
  "event": {
    "sender": {
      "sender_id": {
        "user_id": "adaaf873",
        "open_id": "ou_667e83f2936ba15a84513bd4cf60c262",
        "union_id": "on_786ce923e717aa97f77720e7de0adb3f"
      },
      "sender_type": "user",
      "tenant_key": "1aa0fbb1ff995944"
    },
    "message": {
      "message_id": "om_x100b503ade31e0a0ee899c9b45ee8da",
      "create_time": "1777395983843",
      "update_time": "1777395983843",
      "chat_id": "oc_6791bc79e6d6373ef078256b58b782d7",
      "chat_type": "group",
      "message_type": "text",
      "content": "{\"text\":\"@_user_1 你应该怎么称呼我\"}",
      "mentions": [
        {
          "key": "@_user_1",
          "id": {
            "user_id": "",
            "open_id": "ou_19c9ad75ddcc264feb16cb2497913b2b",
            "union_id": "on_136a750d61f0b040722db8d211832107"
          },
          "name": "太子",
          "tenant_key": "1aa0fbb1ff995944"
        }
      ],
      "user_agent": "Mozilla/5.0 (Linux; Android 13; 23013RK75C Build/TKQ1.220905.001; wv) AppleWebKit/537.36 (KHTML, like Gecko) Version/4.0 Chrome/120.0.6099.144 Mobile Safari/537.36 Lark/7.64.5 LarkLocale/zh_CN ChannelName/Lark appid/1664; appname/Lark; ttnet SDK-Version/7.64.13"
    }
  }
}
{
  "schema": "2.0",
  "header": {
    "event_id": "575f101298c0b7c7e341f56305d46b25",
    "token": "",
    "create_time": "1777396280537",
    "event_type": "im.message.receive_v1",
    "tenant_key": "1aa0fbb1ff995944",
    "app_id": "cli_a94fc9a45978de17"
  },
  "event": {
    "sender": {
      "sender_id": {
        "user_id": "adaaf873",
        "open_id": "ou_667e83f2936ba15a84513bd4cf60c262",
        "union_id": "on_786ce923e717aa97f77720e7de0adb3f"
      },
      "sender_type": "user",
      "tenant_key": "1aa0fbb1ff995944"
    },
    "message": {
      "message_id": "om_x100b503aed4c98a0eeaeeea2ef088c8",
      "create_time": "1777396280134",
      "update_time": "1777396280134",
      "chat_id": "oc_1a69bd0b7709507918dd2a27852c5ea2",
      "chat_type": "p2p",
      "message_type": "text",
      "content": "{\"text\":\"你默认应该怎么跟我说话\"}",
      "user_agent": "Mozilla/5.0 (Windows NT 10.0; Win64; x64) AppleWebKit/537.36 (KHTML, like Gecko) Chrome/131.0.6778.268 Safari/537.36 Lark/7.65.9 LarkLocale/zh_CN ttnet SDK-Version/7.65.14"
    }
  }
}
{
  "schema": "2.0",
  "header": {
    "event_id": "575f101298c0b7c7e341f56305d46b25",
    "token": "",
    "create_time": "1777396280537",
    "event_type": "im.message.receive_v1",
    "tenant_key": "1aa0fbb1ff995944",
    "app_id": "cli_a94fc9a45978de17"
  },
  "event": {
    "sender": {
      "sender_id": {
        "user_id": "adaaf873",
        "open_id": "ou_667e83f2936ba15a84513bd4cf60c262",
        "union_id": "on_786ce923e717aa97f77720e7de0adb3f"
      },
      "sender_type": "user",
      "tenant_key": "1aa0fbb1ff995944"
    },
    "message": {
      "message_id": "om_x100b503aed4c98a0eeaeeea2ef088c8",
      "create_time": "1777396280134",
      "update_time": "1777396280134",
      "chat_id": "oc_1a69bd0b7709507918dd2a27852c5ea2",
      "chat_type": "p2p",
      "message_type": "text",
      "content": "{\"text\":\"你默认应该怎么跟我说话\"}",
      "user_agent": "Mozilla/5.0 (Windows NT 10.0; Win64; x64) AppleWebKit/537.36 (KHTML, like Gecko) Chrome/131.0.6778.268 Safari/537.36 Lark/7.65.9 LarkLocale/zh_CN ttnet SDK-Version/7.65.14"
    }
  }
}
{
  "schema": "2.0",
  "header": {
    "event_id": "41c8de75ff05890b1bf6aa9c76470660",
    "token": "",
    "create_time": "1777398936829",
    "event_type": "im.message.receive_v1",
    "tenant_key": "1aa0fbb1ff995944",
    "app_id": "cli_a94fc9a45978de17"
  },
  "event": {
    "sender": {
      "sender_id": {
        "user_id": "adaaf873",
        "open_id": "ou_667e83f2936ba15a84513bd4cf60c262",
        "union_id": "on_786ce923e717aa97f77720e7de0adb3f"
      },
      "sender_type": "user",
      "tenant_key": "1aa0fbb1ff995944"
    },
    "message": {
      "message_id": "om_x100b503b07458ca4ee7185fa0e015b0",
      "create_time": "1777398936589",
      "update_time": "1777398936589",
      "chat_id": "oc_1a69bd0b7709507918dd2a27852c5ea2",
      "chat_type": "p2p",
      "message_type": "text",
      "content": "{\"text\":\"你该怎么称呼我\"}",
      "user_agent": "Mozilla/5.0 (Windows NT 10.0; Win64; x64) AppleWebKit/537.36 (KHTML, like Gecko) Chrome/131.0.6778.268 Safari/537.36 Lark/7.65.9 LarkLocale/zh_CN ttnet SDK-Version/7.65.14"
    }
  }
}
{
  "schema": "2.0",
  "header": {
    "event_id": "41c8de75ff05890b1bf6aa9c76470660",
    "token": "",
    "create_time": "1777398936829",
    "event_type": "im.message.receive_v1",
    "tenant_key": "1aa0fbb1ff995944",
    "app_id": "cli_a94fc9a45978de17"
  },
  "event": {
    "sender": {
      "sender_id": {
        "user_id": "adaaf873",
        "open_id": "ou_667e83f2936ba15a84513bd4cf60c262",
        "union_id": "on_786ce923e717aa97f77720e7de0adb3f"
      },
      "sender_type": "user",
      "tenant_key": "1aa0fbb1ff995944"
    },
    "message": {
      "message_id": "om_x100b503b07458ca4ee7185fa0e015b0",
      "create_time": "1777398936589",
      "update_time": "1777398936589",
      "chat_id": "oc_1a69bd0b7709507918dd2a27852c5ea2",
      "chat_type": "p2p",
      "message_type": "text",
      "content": "{\"text\":\"你该怎么称呼我\"}",
      "user_agent": "Mozilla/5.0 (Windows NT 10.0; Win64; x64) AppleWebKit/537.36 (KHTML, like Gecko) Chrome/131.0.6778.268 Safari/537.36 Lark/7.65.9 LarkLocale/zh_CN ttnet SDK-Version/7.65.14"
    }
  }
}
{
  "schema": "2.0",
  "header": {
    "event_id": "f62bb3f2f002fbe0730cb05270547f29",
    "token": "",
    "create_time": "1777399026702",
    "event_type": "im.message.receive_v1",
    "tenant_key": "1aa0fbb1ff995944",
    "app_id": "cli_a94fc9a45978de17"
  },
  "event": {
    "sender": {
      "sender_id": {
        "user_id": "adaaf873",
        "open_id": "ou_667e83f2936ba15a84513bd4cf60c262",
        "union_id": "on_786ce923e717aa97f77720e7de0adb3f"
      },
      "sender_type": "user",
      "tenant_key": "1aa0fbb1ff995944"
    },
    "message": {
      "message_id": "om_x100b503b01e82ca0ee82925ab3bbb05",
      "create_time": "1777399026406",
      "update_time": "1777399026406",
      "chat_id": "oc_6791bc79e6d6373ef078256b58b782d7",
      "chat_type": "group",
      "message_type": "text",
      "content": "{\"text\":\"@_user_1 你该怎么称呼我\"}",
      "mentions": [
        {
          "key": "@_user_1",
          "id": {
            "user_id": "",
            "open_id": "ou_19c9ad75ddcc264feb16cb2497913b2b",
            "union_id": "on_136a750d61f0b040722db8d211832107"
          },
          "name": "太子",
          "tenant_key": "1aa0fbb1ff995944"
        }
      ],
      "user_agent": "Mozilla/5.0 (Windows NT 10.0; Win64; x64) AppleWebKit/537.36 (KHTML, like Gecko) Chrome/131.0.6778.268 Safari/537.36 Lark/7.65.9 LarkLocale/zh_CN ttnet SDK-Version/7.65.14"
    }
  }
}
{
  "schema": "2.0",
  "header": {
    "event_id": "f62bb3f2f002fbe0730cb05270547f29",
    "token": "",
    "create_time": "1777399026702",
    "event_type": "im.message.receive_v1",
    "tenant_key": "1aa0fbb1ff995944",
    "app_id": "cli_a94fc9a45978de17"
  },
  "event": {
    "sender": {
      "sender_id": {
        "user_id": "adaaf873",
        "open_id": "ou_667e83f2936ba15a84513bd4cf60c262",
        "union_id": "on_786ce923e717aa97f77720e7de0adb3f"
      },
      "sender_type": "user",
      "tenant_key": "1aa0fbb1ff995944"
    },
    "message": {
      "message_id": "om_x100b503b01e82ca0ee82925ab3bbb05",
      "create_time": "1777399026406",
      "update_time": "1777399026406",
      "chat_id": "oc_6791bc79e6d6373ef078256b58b782d7",
      "chat_type": "group",
      "message_type": "text",
      "content": "{\"text\":\"@_user_1 你该怎么称呼我\"}",
      "mentions": [
        {
          "key": "@_user_1",
          "id": {
            "user_id": "",
            "open_id": "ou_19c9ad75ddcc264feb16cb2497913b2b",
            "union_id": "on_136a750d61f0b040722db8d211832107"
          },
          "name": "太子",
          "tenant_key": "1aa0fbb1ff995944"
        }
      ],
      "user_agent": "Mozilla/5.0 (Windows NT 10.0; Win64; x64) AppleWebKit/537.36 (KHTML, like Gecko) Chrome/131.0.6778.268 Safari/537.36 Lark/7.65.9 LarkLocale/zh_CN ttnet SDK-Version/7.65.14"
    }
  }
}
{
  "schema": "2.0",
  "header": {
    "event_id": "0c3b4be5feb2bb2ddeee7e3f4f45d70e",
    "token": "",
    "create_time": "1777399456115",
    "event_type": "im.message.receive_v1",
    "tenant_key": "1aa0fbb1ff995944",
    "app_id": "cli_a94fc9a45978de17"
  },
  "event": {
    "sender": {
      "sender_id": {
        "user_id": "adaaf873",
        "open_id": "ou_667e83f2936ba15a84513bd4cf60c262",
        "union_id": "on_786ce923e717aa97f77720e7de0adb3f"
      },
      "sender_type": "user",
      "tenant_key": "1aa0fbb1ff995944"
    },
    "message": {
      "message_id": "om_x100b503b273148a0ee894abb02934c7",
      "create_time": "1777399455880",
      "update_time": "1777399455880",
      "chat_id": "oc_1a69bd0b7709507918dd2a27852c5ea2",
      "chat_type": "p2p",
      "message_type": "text",
      "content": "{\"text\":\"你该怎么称呼我？\"}",
      "user_agent": "Mozilla/5.0 (Windows NT 10.0; Win64; x64) AppleWebKit/537.36 (KHTML, like Gecko) Chrome/131.0.6778.268 Safari/537.36 Lark/7.65.9 LarkLocale/zh_CN ttnet SDK-Version/7.65.14"
    }
  }
}
{
  "schema": "2.0",
  "header": {
    "event_id": "0c3b4be5feb2bb2ddeee7e3f4f45d70e",
    "token": "",
    "create_time": "1777399456115",
    "event_type": "im.message.receive_v1",
    "tenant_key": "1aa0fbb1ff995944",
    "app_id": "cli_a94fc9a45978de17"
  },
  "event": {
    "sender": {
      "sender_id": {
        "user_id": "adaaf873",
        "open_id": "ou_667e83f2936ba15a84513bd4cf60c262",
        "union_id": "on_786ce923e717aa97f77720e7de0adb3f"
      },
      "sender_type": "user",
      "tenant_key": "1aa0fbb1ff995944"
    },
    "message": {
      "message_id": "om_x100b503b273148a0ee894abb02934c7",
      "create_time": "1777399455880",
      "update_time": "1777399455880",
      "chat_id": "oc_1a69bd0b7709507918dd2a27852c5ea2",
      "chat_type": "p2p",
      "message_type": "text",
      "content": "{\"text\":\"你该怎么称呼我？\"}",
      "user_agent": "Mozilla/5.0 (Windows NT 10.0; Win64; x64) AppleWebKit/537.36 (KHTML, like Gecko) Chrome/131.0.6778.268 Safari/537.36 Lark/7.65.9 LarkLocale/zh_CN ttnet SDK-Version/7.65.14"
    }
  }
}
{
  "schema": "2.0",
  "header": {
    "event_id": "f3d40a9a2928f23b0b97f4373c6b4814",
    "token": "",
    "create_time": "1777399609772",
    "event_type": "im.message.receive_v1",
    "tenant_key": "1aa0fbb1ff995944",
    "app_id": "cli_a94fc9a45978de17"
  },
  "event": {
    "sender": {
      "sender_id": {
        "user_id": "adaaf873",
        "open_id": "ou_667e83f2936ba15a84513bd4cf60c262",
        "union_id": "on_786ce923e717aa97f77720e7de0adb3f"
      },
      "sender_type": "user",
      "tenant_key": "1aa0fbb1ff995944"
    },
    "message": {
      "message_id": "om_x100b503b3d5b04a0ee89681024ab038",
      "create_time": "1777399609467",
      "update_time": "1777399609467",
      "chat_id": "oc_1a69bd0b7709507918dd2a27852c5ea2",
      "chat_type": "p2p",
      "message_type": "text",
      "content": "{\"text\":\"你该怎么称呼我？\"}",
      "user_agent": "Mozilla/5.0 (Windows NT 10.0; Win64; x64) AppleWebKit/537.36 (KHTML, like Gecko) Chrome/131.0.6778.268 Safari/537.36 Lark/7.65.9 LarkLocale/zh_CN ttnet SDK-Version/7.65.14"
    }
  }
}
{
  "schema": "2.0",
  "header": {
    "event_id": "f3d40a9a2928f23b0b97f4373c6b4814",
    "token": "",
    "create_time": "1777399609772",
    "event_type": "im.message.receive_v1",
    "tenant_key": "1aa0fbb1ff995944",
    "app_id": "cli_a94fc9a45978de17"
  },
  "event": {
    "sender": {
      "sender_id": {
        "user_id": "adaaf873",
        "open_id": "ou_667e83f2936ba15a84513bd4cf60c262",
        "union_id": "on_786ce923e717aa97f77720e7de0adb3f"
      },
      "sender_type": "user",
      "tenant_key": "1aa0fbb1ff995944"
    },
    "message": {
      "message_id": "om_x100b503b3d5b04a0ee89681024ab038",
      "create_time": "1777399609467",
      "update_time": "1777399609467",
      "chat_id": "oc_1a69bd0b7709507918dd2a27852c5ea2",
      "chat_type": "p2p",
      "message_type": "text",
      "content": "{\"text\":\"你该怎么称呼我？\"}",
      "user_agent": "Mozilla/5.0 (Windows NT 10.0; Win64; x64) AppleWebKit/537.36 (KHTML, like Gecko) Chrome/131.0.6778.268 Safari/537.36 Lark/7.65.9 LarkLocale/zh_CN ttnet SDK-Version/7.65.14"
    }
  }
}
{
  "schema": "2.0",
  "header": {
    "event_id": "d79e28d80cd27b1d4b5067ec596d6dbb",
    "token": "",
    "create_time": "1777399964559",
    "event_type": "im.message.receive_v1",
    "tenant_key": "1aa0fbb1ff995944",
    "app_id": "cli_a94fc9a45978de17"
  },
  "event": {
    "sender": {
      "sender_id": {
        "user_id": "adaaf873",
        "open_id": "ou_667e83f2936ba15a84513bd4cf60c262",
        "union_id": "on_786ce923e717aa97f77720e7de0adb3f"
      },
      "sender_type": "user",
      "tenant_key": "1aa0fbb1ff995944"
    },
    "message": {
      "message_id": "om_x100b503bc709bca0eead63833712f1e",
      "create_time": "1777399964326",
      "update_time": "1777399964326",
      "chat_id": "oc_1a69bd0b7709507918dd2a27852c5ea2",
      "chat_type": "p2p",
      "message_type": "text",
      "content": "{\"text\":\"你该怎么称呼我？\"}",
      "user_agent": "Mozilla/5.0 (Windows NT 10.0; Win64; x64) AppleWebKit/537.36 (KHTML, like Gecko) Chrome/131.0.6778.268 Safari/537.36 Lark/7.65.9 LarkLocale/zh_CN ttnet SDK-Version/7.65.14"
    }
  }
}
{
  "schema": "2.0",
  "header": {
    "event_id": "d79e28d80cd27b1d4b5067ec596d6dbb",
    "token": "",
    "create_time": "1777399964559",
    "event_type": "im.message.receive_v1",
    "tenant_key": "1aa0fbb1ff995944",
    "app_id": "cli_a94fc9a45978de17"
  },
  "event": {
    "sender": {
      "sender_id": {
        "user_id": "adaaf873",
        "open_id": "ou_667e83f2936ba15a84513bd4cf60c262",
        "union_id": "on_786ce923e717aa97f77720e7de0adb3f"
      },
      "sender_type": "user",
      "tenant_key": "1aa0fbb1ff995944"
    },
    "message": {
      "message_id": "om_x100b503bc709bca0eead63833712f1e",
      "create_time": "1777399964326",
      "update_time": "1777399964326",
      "chat_id": "oc_1a69bd0b7709507918dd2a27852c5ea2",
      "chat_type": "p2p",
      "message_type": "text",
      "content": "{\"text\":\"你该怎么称呼我？\"}",
      "user_agent": "Mozilla/5.0 (Windows NT 10.0; Win64; x64) AppleWebKit/537.36 (KHTML, like Gecko) Chrome/131.0.6778.268 Safari/537.36 Lark/7.65.9 LarkLocale/zh_CN ttnet SDK-Version/7.65.14"
    }
  }
}
{
  "schema": "2.0",
  "header": {
    "event_id": "cf8cf6bad71a009cd9b8771d60840096",
    "token": "",
    "create_time": "1777402478088",
    "event_type": "im.message.receive_v1",
    "tenant_key": "1aa0fbb1ff995944",
    "app_id": "cli_a94fc9a45978de17"
  },
  "event": {
    "sender": {
      "sender_id": {
        "user_id": "adaaf873",
        "open_id": "ou_667e83f2936ba15a84513bd4cf60c262",
        "union_id": "on_786ce923e717aa97f77720e7de0adb3f"
      },
      "sender_type": "user",
      "tenant_key": "1aa0fbb1ff995944"
    },
    "message": {
      "message_id": "om_x100b5024681518a8ee82d0ff6e182dc",
      "create_time": "1777402477613",
      "update_time": "1777402477613",
      "chat_id": "oc_1a69bd0b7709507918dd2a27852c5ea2",
      "chat_type": "p2p",
      "message_type": "text",
      "content": "{\"text\":\"你该怎么称呼我？\"}",
      "user_agent": "Mozilla/5.0 (Windows NT 10.0; Win64; x64) AppleWebKit/537.36 (KHTML, like Gecko) Chrome/131.0.6778.268 Safari/537.36 Lark/7.65.9 LarkLocale/zh_CN ttnet SDK-Version/7.65.14"
    }
  }
}
{
  "schema": "2.0",
  "header": {
    "event_id": "0fc77f69f28d4cc85daeb25722e2c3a2",
    "token": "",
    "create_time": "1777401903316",
    "event_type": "im.message.receive_v1",
    "tenant_key": "1aa0fbb1ff995944",
    "app_id": "cli_a94fc9a45978de17"
  },
  "event": {
    "sender": {
      "sender_id": {
        "user_id": "adaaf873",
        "open_id": "ou_667e83f2936ba15a84513bd4cf60c262",
        "union_id": "on_786ce923e717aa97f77720e7de0adb3f"
      },
      "sender_type": "user",
      "tenant_key": "1aa0fbb1ff995944"
    },
    "message": {
      "message_id": "om_x100b50244c3dbca0eea7d9b7d4e4614",
      "create_time": "1777401903077",
      "update_time": "1777401903077",
      "chat_id": "oc_1a69bd0b7709507918dd2a27852c5ea2",
      "chat_type": "p2p",
      "message_type": "text",
      "content": "{\"text\":\"你该怎么称呼我？\"}",
      "user_agent": "Mozilla/5.0 (Windows NT 10.0; Win64; x64) AppleWebKit/537.36 (KHTML, like Gecko) Chrome/131.0.6778.268 Safari/537.36 Lark/7.65.9 LarkLocale/zh_CN ttnet SDK-Version/7.65.14"
    }
  }
}
{
  "schema": "2.0",
  "header": {
    "event_id": "2852ab401fa58ea81f1cba0bfd65c3e9",
    "token": "",
    "create_time": "1777541574251",
    "event_type": "im.message.receive_v1",
    "tenant_key": "1aa0fbb1ff995944",
    "app_id": "cli_a94fc9a45978de17"
  },
  "event": {
    "sender": {
      "sender_id": {
        "user_id": "adaaf873",
        "open_id": "ou_667e83f2936ba15a84513bd4cf60c262",
        "union_id": "on_786ce923e717aa97f77720e7de0adb3f"
      },
      "sender_type": "user",
      "tenant_key": "1aa0fbb1ff995944"
    },
    "message": {
      "message_id": "om_x100b5006529390a0ee7b65a6554818a",
      "create_time": "1777541573971",
      "update_time": "1777541573971",
      "chat_id": "oc_6791bc79e6d6373ef078256b58b782d7",
      "chat_type": "group",
      "message_type": "text",
      "content": "{\"text\":\"@_user_1 你可以继续执行dnf后端设计么 查询下上下文和跨话题文件\"}",
      "mentions": [
        {
          "key": "@_user_1",
          "id": {
            "user_id": "",
            "open_id": "ou_19c9ad75ddcc264feb16cb2497913b2b",
            "union_id": "on_136a750d61f0b040722db8d211832107"
          },
          "name": "太子",
          "tenant_key": "1aa0fbb1ff995944"
        }
      ],
      "user_agent": "Mozilla/5.0 (Linux; Android 13; 23013RK75C Build/TKQ1.220905.001; wv) AppleWebKit/537.36 (KHTML, like Gecko) Version/4.0 Chrome/120.0.6099.144 Mobile Safari/537.36 Lark/7.64.5 LarkLocale/zh_CN ChannelName/Lark appid/1664; appname/Lark; ttnet SDK-Version/7.64.13"
    }
  }
}
{
  "schema": "2.0",
  "header": {
    "event_id": "2852ab401fa58ea81f1cba0bfd65c3e9",
    "token": "",
    "create_time": "1777541574251",
    "event_type": "im.message.receive_v1",
    "tenant_key": "1aa0fbb1ff995944",
    "app_id": "cli_a94fc9a45978de17"
  },
  "event": {
    "sender": {
      "sender_id": {
        "user_id": "adaaf873",
        "open_id": "ou_667e83f2936ba15a84513bd4cf60c262",
        "union_id": "on_786ce923e717aa97f77720e7de0adb3f"
      },
      "sender_type": "user",
      "tenant_key": "1aa0fbb1ff995944"
    },
    "message": {
      "message_id": "om_x100b5006529390a0ee7b65a6554818a",
      "create_time": "1777541573971",
      "update_time": "1777541573971",
      "chat_id": "oc_6791bc79e6d6373ef078256b58b782d7",
      "chat_type": "group",
      "message_type": "text",
      "content": "{\"text\":\"@_user_1 你可以继续执行dnf后端设计么 查询下上下文和跨话题文件\"}",
      "mentions": [
        {
          "key": "@_user_1",
          "id": {
            "user_id": "",
            "open_id": "ou_19c9ad75ddcc264feb16cb2497913b2b",
            "union_id": "on_136a750d61f0b040722db8d211832107"
          },
          "name": "太子",
          "tenant_key": "1aa0fbb1ff995944"
        }
      ],
      "user_agent": "Mozilla/5.0 (Linux; Android 13; 23013RK75C Build/TKQ1.220905.001; wv) AppleWebKit/537.36 (KHTML, like Gecko) Version/4.0 Chrome/120.0.6099.144 Mobile Safari/537.36 Lark/7.64.5 LarkLocale/zh_CN ChannelName/Lark appid/1664; appname/Lark; ttnet SDK-Version/7.64.13"
    }
  }
}
{
  "schema": "2.0",
  "header": {
    "event_id": "764e08f6be67869aa2d1f105d70e7de8",
    "token": "",
    "create_time": "1777541700749",
    "event_type": "im.message.receive_v1",
    "tenant_key": "1aa0fbb1ff995944",
    "app_id": "cli_a94fc9a45978de17"
  },
  "event": {
    "sender": {
      "sender_id": {
        "user_id": "adaaf873",
        "open_id": "ou_667e83f2936ba15a84513bd4cf60c262",
        "union_id": "on_786ce923e717aa97f77720e7de0adb3f"
      },
      "sender_type": "user",
      "tenant_key": "1aa0fbb1ff995944"
    },
    "message": {
      "message_id": "om_x100b50066a8b94a8eea1fb04288795d",
      "create_time": "1777541700456",
      "update_time": "1777541700456",
      "chat_id": "oc_1a69bd0b7709507918dd2a27852c5ea2",
      "chat_type": "p2p",
      "message_type": "text",
      "content": "{\"text\":\"你自己进行规划 我只需要一个结果 \"}",
      "user_agent": "Mozilla/5.0 (Linux; Android 13; 23013RK75C Build/TKQ1.220905.001; wv) AppleWebKit/537.36 (KHTML, like Gecko) Version/4.0 Chrome/120.0.6099.144 Mobile Safari/537.36 Lark/7.64.5 LarkLocale/zh_CN ChannelName/Lark appid/1664; appname/Lark; ttnet SDK-Version/7.64.13"
    }
  }
}
{
  "schema": "2.0",
  "header": {
    "event_id": "764e08f6be67869aa2d1f105d70e7de8",
    "token": "",
    "create_time": "1777541700749",
    "event_type": "im.message.receive_v1",
    "tenant_key": "1aa0fbb1ff995944",
    "app_id": "cli_a94fc9a45978de17"
  },
  "event": {
    "sender": {
      "sender_id": {
        "user_id": "adaaf873",
        "open_id": "ou_667e83f2936ba15a84513bd4cf60c262",
        "union_id": "on_786ce923e717aa97f77720e7de0adb3f"
      },
      "sender_type": "user",
      "tenant_key": "1aa0fbb1ff995944"
    },
    "message": {
      "message_id": "om_x100b50066a8b94a8eea1fb04288795d",
      "create_time": "1777541700456",
      "update_time": "1777541700456",
      "chat_id": "oc_1a69bd0b7709507918dd2a27852c5ea2",
      "chat_type": "p2p",
      "message_type": "text",
      "content": "{\"text\":\"你自己进行规划 我只需要一个结果 \"}",
      "user_agent": "Mozilla/5.0 (Linux; Android 13; 23013RK75C Build/TKQ1.220905.001; wv) AppleWebKit/537.36 (KHTML, like Gecko) Version/4.0 Chrome/120.0.6099.144 Mobile Safari/537.36 Lark/7.64.5 LarkLocale/zh_CN ChannelName/Lark appid/1664; appname/Lark; ttnet SDK-Version/7.64.13"
    }
  }
}
{
  "schema": "2.0",
  "header": {
    "event_id": "f269e599e9db0de99f350df44750613a",
    "token": "",
    "create_time": "1777541738926",
    "event_type": "im.message.receive_v1",
    "tenant_key": "1aa0fbb1ff995944",
    "app_id": "cli_a94fc9a45978de17"
  },
  "event": {
    "sender": {
      "sender_id": {
        "user_id": "adaaf873",
        "open_id": "ou_667e83f2936ba15a84513bd4cf60c262",
        "union_id": "on_786ce923e717aa97f77720e7de0adb3f"
      },
      "sender_type": "user",
      "tenant_key": "1aa0fbb1ff995944"
    },
    "message": {
      "message_id": "om_x100b5006686ac8a0eeac9b93c9af8c8",
      "create_time": "1777541738518",
      "update_time": "1777541738518",
      "chat_id": "oc_1a69bd0b7709507918dd2a27852c5ea2",
      "chat_type": "p2p",
      "message_type": "text",
      "content": "{\"text\":\"上文的那个设计进行推进到最后 \"}",
      "user_agent": "Mozilla/5.0 (Linux; Android 13; 23013RK75C Build/TKQ1.220905.001; wv) AppleWebKit/537.36 (KHTML, like Gecko) Version/4.0 Chrome/120.0.6099.144 Mobile Safari/537.36 Lark/7.64.5 LarkLocale/zh_CN ChannelName/Lark appid/1664; appname/Lark; ttnet SDK-Version/7.64.13"
    }
  }
}
{
  "schema": "2.0",
  "header": {
    "event_id": "f269e599e9db0de99f350df44750613a",
    "token": "",
    "create_time": "1777541738926",
    "event_type": "im.message.receive_v1",
    "tenant_key": "1aa0fbb1ff995944",
    "app_id": "cli_a94fc9a45978de17"
  },
  "event": {
    "sender": {
      "sender_id": {
        "user_id": "adaaf873",
        "open_id": "ou_667e83f2936ba15a84513bd4cf60c262",
        "union_id": "on_786ce923e717aa97f77720e7de0adb3f"
      },
      "sender_type": "user",
      "tenant_key": "1aa0fbb1ff995944"
    },
    "message": {
      "message_id": "om_x100b5006686ac8a0eeac9b93c9af8c8",
      "create_time": "1777541738518",
      "update_time": "1777541738518",
      "chat_id": "oc_1a69bd0b7709507918dd2a27852c5ea2",
      "chat_type": "p2p",
      "message_type": "text",
      "content": "{\"text\":\"上文的那个设计进行推进到最后 \"}",
      "user_agent": "Mozilla/5.0 (Linux; Android 13; 23013RK75C Build/TKQ1.220905.001; wv) AppleWebKit/537.36 (KHTML, like Gecko) Version/4.0 Chrome/120.0.6099.144 Mobile Safari/537.36 Lark/7.64.5 LarkLocale/zh_CN ChannelName/Lark appid/1664; appname/Lark; ttnet SDK-Version/7.64.13"
    }
  }
}
{
  "schema": "2.0",
  "header": {
    "event_id": "3d68149789c2b0cd001015f8aa71ff67",
    "token": "",
    "create_time": "1777541860783",
    "event_type": "im.message.receive_v1",
    "tenant_key": "1aa0fbb1ff995944",
    "app_id": "cli_a94fc9a45978de17"
  },
  "event": {
    "sender": {
      "sender_id": {
        "user_id": "adaaf873",
        "open_id": "ou_667e83f2936ba15a84513bd4cf60c262",
        "union_id": "on_786ce923e717aa97f77720e7de0adb3f"
      },
      "sender_type": "user",
      "tenant_key": "1aa0fbb1ff995944"
    },
    "message": {
      "message_id": "om_x100b5006608868a8eeaf32fe63b99b6",
      "create_time": "1777541860435",
      "update_time": "1777541860435",
      "chat_id": "oc_1a69bd0b7709507918dd2a27852c5ea2",
      "chat_type": "p2p",
      "message_type": "text",
      "content": "{\"text\":\"进行跨话题搜索 是关于dnf管理的设计\"}",
      "user_agent": "Mozilla/5.0 (Linux; Android 13; 23013RK75C Build/TKQ1.220905.001; wv) AppleWebKit/537.36 (KHTML, like Gecko) Version/4.0 Chrome/120.0.6099.144 Mobile Safari/537.36 Lark/7.64.5 LarkLocale/zh_CN ChannelName/Lark appid/1664; appname/Lark; ttnet SDK-Version/7.64.13"
    }
  }
}
{
  "schema": "2.0",
  "header": {
    "event_id": "3d68149789c2b0cd001015f8aa71ff67",
    "token": "",
    "create_time": "1777541860783",
    "event_type": "im.message.receive_v1",
    "tenant_key": "1aa0fbb1ff995944",
    "app_id": "cli_a94fc9a45978de17"
  },
  "event": {
    "sender": {
      "sender_id": {
        "user_id": "adaaf873",
        "open_id": "ou_667e83f2936ba15a84513bd4cf60c262",
        "union_id": "on_786ce923e717aa97f77720e7de0adb3f"
      },
      "sender_type": "user",
      "tenant_key": "1aa0fbb1ff995944"
    },
    "message": {
      "message_id": "om_x100b5006608868a8eeaf32fe63b99b6",
      "create_time": "1777541860435",
      "update_time": "1777541860435",
      "chat_id": "oc_1a69bd0b7709507918dd2a27852c5ea2",
      "chat_type": "p2p",
      "message_type": "text",
      "content": "{\"text\":\"进行跨话题搜索 是关于dnf管理的设计\"}",
      "user_agent": "Mozilla/5.0 (Linux; Android 13; 23013RK75C Build/TKQ1.220905.001; wv) AppleWebKit/537.36 (KHTML, like Gecko) Version/4.0 Chrome/120.0.6099.144 Mobile Safari/537.36 Lark/7.64.5 LarkLocale/zh_CN ChannelName/Lark appid/1664; appname/Lark; ttnet SDK-Version/7.64.13"
    }
  }
}
{
  "schema": "2.0",
  "header": {
    "event_id": "2852ab401fa58ea81f1cba0bfd65c3e9",
    "token": "",
    "create_time": "1777541574251",
    "event_type": "im.message.receive_v1",
    "tenant_key": "1aa0fbb1ff995944",
    "app_id": "cli_a94fc9a45978de17"
  },
  "event": {
    "sender": {
      "sender_id": {
        "user_id": "adaaf873",
        "open_id": "ou_667e83f2936ba15a84513bd4cf60c262",
        "union_id": "on_786ce923e717aa97f77720e7de0adb3f"
      },
      "sender_type": "user",
      "tenant_key": "1aa0fbb1ff995944"
    },
    "message": {
      "message_id": "om_x100b5006529390a0ee7b65a6554818a",
      "create_time": "1777541573971",
      "update_time": "1777541573971",
      "chat_id": "oc_6791bc79e6d6373ef078256b58b782d7",
      "chat_type": "group",
      "message_type": "text",
      "content": "{\"text\":\"@_user_1 你可以继续执行dnf后端设计么 查询下上下文和跨话题文件\"}",
      "mentions": [
        {
          "key": "@_user_1",
          "id": {
            "user_id": "",
            "open_id": "ou_19c9ad75ddcc264feb16cb2497913b2b",
            "union_id": "on_136a750d61f0b040722db8d211832107"
          },
          "name": "太子",
          "tenant_key": "1aa0fbb1ff995944"
        }
      ],
      "user_agent": "Mozilla/5.0 (Linux; Android 13; 23013RK75C Build/TKQ1.220905.001; wv) AppleWebKit/537.36 (KHTML, like Gecko) Version/4.0 Chrome/120.0.6099.144 Mobile Safari/537.36 Lark/7.64.5 LarkLocale/zh_CN ChannelName/Lark appid/1664; appname/Lark; ttnet SDK-Version/7.64.13"
    }
  }
}
{
  "schema": "2.0",
  "header": {
    "event_id": "906359585ffe482611cc3512e59dfea5",
    "token": "",
    "create_time": "1777541931599",
    "event_type": "im.message.receive_v1",
    "tenant_key": "1aa0fbb1ff995944",
    "app_id": "cli_a94fc9a45978de17"
  },
  "event": {
    "sender": {
      "sender_id": {
        "user_id": "adaaf873",
        "open_id": "ou_667e83f2936ba15a84513bd4cf60c262",
        "union_id": "on_786ce923e717aa97f77720e7de0adb3f"
      },
      "sender_type": "user",
      "tenant_key": "1aa0fbb1ff995944"
    },
    "message": {
      "message_id": "om_x100b50067c7c00a0eeae3532b4984b6",
      "create_time": "1777541931220",
      "update_time": "1777541931220",
      "chat_id": "oc_1a69bd0b7709507918dd2a27852c5ea2",
      "chat_type": "p2p",
      "message_type": "text",
      "content": "{\"text\":\"可以，皇上，相关上下文我已经接上了。  \\n当前跨话题材料主要在这几份：`docs/superpowers/specs/2026-04-30-dnf-dual-repo-design.md`、`docs/superpowers/plans/2026-04-30-dnf-dual-repo-implementation-plan.md`、`docs/ops-baseline/2026-04-30-dnf-104-baseline.md`，核心结论是：新后台走 `Go backend + Vue frontend`，采用“后台自有管理库 + llnut 适配层 + PVF 索引层”的分层方案。  \\n现阶段计划里，后端主线已经到：先做认证/RBAC/审计骨架，再做 `adapter/llnut` 的只读查询，之后才开放 GM 写操作和 PVF 联动。  \\n如果继续推进“后端设计”本身，我建议下一步先把 **Go 后端内部模块边界 + 数据库 schema + 核心 API 清单** 定死，这样后面实现不会漂。  \\n我先问一个关键问题：皇上这次要我优先细化哪一块——**A. 后端架构分层**、**B. 数据库 schema**、**C. API 设计**？  这一个 你检索一下\"}",
      "user_agent": "Mozilla/5.0 (Linux; Android 13; 23013RK75C Build/TKQ1.220905.001; wv) AppleWebKit/537.36 (KHTML, like Gecko) Version/4.0 Chrome/120.0.6099.144 Mobile Safari/537.36 Lark/7.64.5 LarkLocale/zh_CN ChannelName/Lark appid/1664; appname/Lark; ttnet SDK-Version/7.64.13"
    }
  }
}
{
  "schema": "2.0",
  "header": {
    "event_id": "906359585ffe482611cc3512e59dfea5",
    "token": "",
    "create_time": "1777541931599",
    "event_type": "im.message.receive_v1",
    "tenant_key": "1aa0fbb1ff995944",
    "app_id": "cli_a94fc9a45978de17"
  },
  "event": {
    "sender": {
      "sender_id": {
        "user_id": "adaaf873",
        "open_id": "ou_667e83f2936ba15a84513bd4cf60c262",
        "union_id": "on_786ce923e717aa97f77720e7de0adb3f"
      },
      "sender_type": "user",
      "tenant_key": "1aa0fbb1ff995944"
    },
    "message": {
      "message_id": "om_x100b50067c7c00a0eeae3532b4984b6",
      "create_time": "1777541931220",
      "update_time": "1777541931220",
      "chat_id": "oc_1a69bd0b7709507918dd2a27852c5ea2",
      "chat_type": "p2p",
      "message_type": "text",
      "content": "{\"text\":\"可以，皇上，相关上下文我已经接上了。  \\n当前跨话题材料主要在这几份：`docs/superpowers/specs/2026-04-30-dnf-dual-repo-design.md`、`docs/superpowers/plans/2026-04-30-dnf-dual-repo-implementation-plan.md`、`docs/ops-baseline/2026-04-30-dnf-104-baseline.md`，核心结论是：新后台走 `Go backend + Vue frontend`，采用“后台自有管理库 + llnut 适配层 + PVF 索引层”的分层方案。  \\n现阶段计划里，后端主线已经到：先做认证/RBAC/审计骨架，再做 `adapter/llnut` 的只读查询，之后才开放 GM 写操作和 PVF 联动。  \\n如果继续推进“后端设计”本身，我建议下一步先把 **Go 后端内部模块边界 + 数据库 schema + 核心 API 清单** 定死，这样后面实现不会漂。  \\n我先问一个关键问题：皇上这次要我优先细化哪一块——**A. 后端架构分层**、**B. 数据库 schema**、**C. API 设计**？  这一个 你检索一下\"}",
      "user_agent": "Mozilla/5.0 (Linux; Android 13; 23013RK75C Build/TKQ1.220905.001; wv) AppleWebKit/537.36 (KHTML, like Gecko) Version/4.0 Chrome/120.0.6099.144 Mobile Safari/537.36 Lark/7.64.5 LarkLocale/zh_CN ChannelName/Lark appid/1664; appname/Lark; ttnet SDK-Version/7.64.13"
    }
  }
}
{
  "schema": "2.0",
  "header": {
    "event_id": "f269e599e9db0de99f350df44750613a",
    "token": "",
    "create_time": "1777541738926",
    "event_type": "im.message.receive_v1",
    "tenant_key": "1aa0fbb1ff995944",
    "app_id": "cli_a94fc9a45978de17"
  },
  "event": {
    "sender": {
      "sender_id": {
        "user_id": "adaaf873",
        "open_id": "ou_667e83f2936ba15a84513bd4cf60c262",
        "union_id": "on_786ce923e717aa97f77720e7de0adb3f"
      },
      "sender_type": "user",
      "tenant_key": "1aa0fbb1ff995944"
    },
    "message": {
      "message_id": "om_x100b5006686ac8a0eeac9b93c9af8c8",
      "create_time": "1777541738518",
      "update_time": "1777541738518",
      "chat_id": "oc_1a69bd0b7709507918dd2a27852c5ea2",
      "chat_type": "p2p",
      "message_type": "text",
      "content": "{\"text\":\"上文的那个设计进行推进到最后 \"}",
      "user_agent": "Mozilla/5.0 (Linux; Android 13; 23013RK75C Build/TKQ1.220905.001; wv) AppleWebKit/537.36 (KHTML, like Gecko) Version/4.0 Chrome/120.0.6099.144 Mobile Safari/537.36 Lark/7.64.5 LarkLocale/zh_CN ChannelName/Lark appid/1664; appname/Lark; ttnet SDK-Version/7.64.13"
    }
  }
}
{
  "schema": "2.0",
  "header": {
    "event_id": "3d68149789c2b0cd001015f8aa71ff67",
    "token": "",
    "create_time": "1777541860783",
    "event_type": "im.message.receive_v1",
    "tenant_key": "1aa0fbb1ff995944",
    "app_id": "cli_a94fc9a45978de17"
  },
  "event": {
    "sender": {
      "sender_id": {
        "user_id": "adaaf873",
        "open_id": "ou_667e83f2936ba15a84513bd4cf60c262",
        "union_id": "on_786ce923e717aa97f77720e7de0adb3f"
      },
      "sender_type": "user",
      "tenant_key": "1aa0fbb1ff995944"
    },
    "message": {
      "message_id": "om_x100b5006608868a8eeaf32fe63b99b6",
      "create_time": "1777541860435",
      "update_time": "1777541860435",
      "chat_id": "oc_1a69bd0b7709507918dd2a27852c5ea2",
      "chat_type": "p2p",
      "message_type": "text",
      "content": "{\"text\":\"进行跨话题搜索 是关于dnf管理的设计\"}",
      "user_agent": "Mozilla/5.0 (Linux; Android 13; 23013RK75C Build/TKQ1.220905.001; wv) AppleWebKit/537.36 (KHTML, like Gecko) Version/4.0 Chrome/120.0.6099.144 Mobile Safari/537.36 Lark/7.64.5 LarkLocale/zh_CN ChannelName/Lark appid/1664; appname/Lark; ttnet SDK-Version/7.64.13"
    }
  }
}
{
  "schema": "2.0",
  "header": {
    "event_id": "906359585ffe482611cc3512e59dfea5",
    "token": "",
    "create_time": "1777541931599",
    "event_type": "im.message.receive_v1",
    "tenant_key": "1aa0fbb1ff995944",
    "app_id": "cli_a94fc9a45978de17"
  },
  "event": {
    "sender": {
      "sender_id": {
        "user_id": "adaaf873",
        "open_id": "ou_667e83f2936ba15a84513bd4cf60c262",
        "union_id": "on_786ce923e717aa97f77720e7de0adb3f"
      },
      "sender_type": "user",
      "tenant_key": "1aa0fbb1ff995944"
    },
    "message": {
      "message_id": "om_x100b50067c7c00a0eeae3532b4984b6",
      "create_time": "1777541931220",
      "update_time": "1777541931220",
      "chat_id": "oc_1a69bd0b7709507918dd2a27852c5ea2",
      "chat_type": "p2p",
      "message_type": "text",
      "content": "{\"text\":\"可以，皇上，相关上下文我已经接上了。  \\n当前跨话题材料主要在这几份：`docs/superpowers/specs/2026-04-30-dnf-dual-repo-design.md`、`docs/superpowers/plans/2026-04-30-dnf-dual-repo-implementation-plan.md`、`docs/ops-baseline/2026-04-30-dnf-104-baseline.md`，核心结论是：新后台走 `Go backend + Vue frontend`，采用“后台自有管理库 + llnut 适配层 + PVF 索引层”的分层方案。  \\n现阶段计划里，后端主线已经到：先做认证/RBAC/审计骨架，再做 `adapter/llnut` 的只读查询，之后才开放 GM 写操作和 PVF 联动。  \\n如果继续推进“后端设计”本身，我建议下一步先把 **Go 后端内部模块边界 + 数据库 schema + 核心 API 清单** 定死，这样后面实现不会漂。  \\n我先问一个关键问题：皇上这次要我优先细化哪一块——**A. 后端架构分层**、**B. 数据库 schema**、**C. API 设计**？  这一个 你检索一下\"}",
      "user_agent": "Mozilla/5.0 (Linux; Android 13; 23013RK75C Build/TKQ1.220905.001; wv) AppleWebKit/537.36 (KHTML, like Gecko) Version/4.0 Chrome/120.0.6099.144 Mobile Safari/537.36 Lark/7.64.5 LarkLocale/zh_CN ChannelName/Lark appid/1664; appname/Lark; ttnet SDK-Version/7.64.13"
    }
  }
}
{
  "schema": "2.0",
  "header": {
    "event_id": "6b2bd27de927043444221a0cbfdb822c",
    "token": "",
    "create_time": "1777542317884",
    "event_type": "im.message.receive_v1",
    "tenant_key": "1aa0fbb1ff995944",
    "app_id": "cli_a94fc9a45978de17"
  },
  "event": {
    "sender": {
      "sender_id": {
        "user_id": "adaaf873",
        "open_id": "ou_667e83f2936ba15a84513bd4cf60c262",
        "union_id": "on_786ce923e717aa97f77720e7de0adb3f"
      },
      "sender_type": "user",
      "tenant_key": "1aa0fbb1ff995944"
    },
    "message": {
      "message_id": "om_x100b5006041aac2ceea3aba859c02c4",
      "create_time": "1777542317517",
      "update_time": "1777542317517",
      "chat_id": "oc_1a69bd0b7709507918dd2a27852c5ea2",
      "chat_type": "p2p",
      "message_type": "text",
      "content": "{\"text\":\"你继续设计\"}",
      "user_agent": "Mozilla/5.0 (Linux; Android 13; 23013RK75C Build/TKQ1.220905.001; wv) AppleWebKit/537.36 (KHTML, like Gecko) Version/4.0 Chrome/120.0.6099.144 Mobile Safari/537.36 Lark/7.64.5 LarkLocale/zh_CN ChannelName/Lark appid/1664; appname/Lark; ttnet SDK-Version/7.64.13"
    }
  }
}
{
  "schema": "2.0",
  "header": {
    "event_id": "6b2bd27de927043444221a0cbfdb822c",
    "token": "",
    "create_time": "1777542317884",
    "event_type": "im.message.receive_v1",
    "tenant_key": "1aa0fbb1ff995944",
    "app_id": "cli_a94fc9a45978de17"
  },
  "event": {
    "sender": {
      "sender_id": {
        "user_id": "adaaf873",
        "open_id": "ou_667e83f2936ba15a84513bd4cf60c262",
        "union_id": "on_786ce923e717aa97f77720e7de0adb3f"
      },
      "sender_type": "user",
      "tenant_key": "1aa0fbb1ff995944"
    },
    "message": {
      "message_id": "om_x100b5006041aac2ceea3aba859c02c4",
      "create_time": "1777542317517",
      "update_time": "1777542317517",
      "chat_id": "oc_1a69bd0b7709507918dd2a27852c5ea2",
      "chat_type": "p2p",
      "message_type": "text",
      "content": "{\"text\":\"你继续设计\"}",
      "user_agent": "Mozilla/5.0 (Linux; Android 13; 23013RK75C Build/TKQ1.220905.001; wv) AppleWebKit/537.36 (KHTML, like Gecko) Version/4.0 Chrome/120.0.6099.144 Mobile Safari/537.36 Lark/7.64.5 LarkLocale/zh_CN ChannelName/Lark appid/1664; appname/Lark; ttnet SDK-Version/7.64.13"
    }
  }
}
{
  "schema": "2.0",
  "header": {
    "event_id": "6b2bd27de927043444221a0cbfdb822c",
    "token": "",
    "create_time": "1777542317884",
    "event_type": "im.message.receive_v1",
    "tenant_key": "1aa0fbb1ff995944",
    "app_id": "cli_a94fc9a45978de17"
  },
  "event": {
    "sender": {
      "sender_id": {
        "user_id": "adaaf873",
        "open_id": "ou_667e83f2936ba15a84513bd4cf60c262",
        "union_id": "on_786ce923e717aa97f77720e7de0adb3f"
      },
      "sender_type": "user",
      "tenant_key": "1aa0fbb1ff995944"
    },
    "message": {
      "message_id": "om_x100b5006041aac2ceea3aba859c02c4",
      "create_time": "1777542317517",
      "update_time": "1777542317517",
      "chat_id": "oc_1a69bd0b7709507918dd2a27852c5ea2",
      "chat_type": "p2p",
      "message_type": "text",
      "content": "{\"text\":\"你继续设计\"}",
      "user_agent": "Mozilla/5.0 (Linux; Android 13; 23013RK75C Build/TKQ1.220905.001; wv) AppleWebKit/537.36 (KHTML, like Gecko) Version/4.0 Chrome/120.0.6099.144 Mobile Safari/537.36 Lark/7.64.5 LarkLocale/zh_CN ChannelName/Lark appid/1664; appname/Lark; ttnet SDK-Version/7.64.13"
    }
  }
}
{
  "schema": "2.0",
  "header": {
    "event_id": "d701e2032734da62b4bb3c7dc35afb86",
    "token": "",
    "create_time": "1777544521499",
    "event_type": "im.message.receive_v1",
    "tenant_key": "1aa0fbb1ff995944",
    "app_id": "cli_a94fc9a45978de17"
  },
  "event": {
    "sender": {
      "sender_id": {
        "user_id": "adaaf873",
        "open_id": "ou_667e83f2936ba15a84513bd4cf60c262",
        "union_id": "on_786ce923e717aa97f77720e7de0adb3f"
      },
      "sender_type": "user",
      "tenant_key": "1aa0fbb1ff995944"
    },
    "message": {
      "message_id": "om_x100b50069a5c90b0ee7b58508116a1d",
      "create_time": "1777544521142",
      "update_time": "1777544521142",
      "chat_id": "oc_1a69bd0b7709507918dd2a27852c5ea2",
      "chat_type": "p2p",
      "message_type": "text",
      "content": "{\"text\":\"a b c都要执行\"}",
      "user_agent": "Mozilla/5.0 (Linux; Android 13; 23013RK75C Build/TKQ1.220905.001; wv) AppleWebKit/537.36 (KHTML, like Gecko) Version/4.0 Chrome/120.0.6099.144 Mobile Safari/537.36 Lark/7.64.5 LarkLocale/zh_CN ChannelName/Lark appid/1664; appname/Lark; ttnet SDK-Version/7.64.13"
    }
  }
}
{
  "schema": "2.0",
  "header": {
    "event_id": "d701e2032734da62b4bb3c7dc35afb86",
    "token": "",
    "create_time": "1777544521499",
    "event_type": "im.message.receive_v1",
    "tenant_key": "1aa0fbb1ff995944",
    "app_id": "cli_a94fc9a45978de17"
  },
  "event": {
    "sender": {
      "sender_id": {
        "user_id": "adaaf873",
        "open_id": "ou_667e83f2936ba15a84513bd4cf60c262",
        "union_id": "on_786ce923e717aa97f77720e7de0adb3f"
      },
      "sender_type": "user",
      "tenant_key": "1aa0fbb1ff995944"
    },
    "message": {
      "message_id": "om_x100b50069a5c90b0ee7b58508116a1d",
      "create_time": "1777544521142",
      "update_time": "1777544521142",
      "chat_id": "oc_1a69bd0b7709507918dd2a27852c5ea2",
      "chat_type": "p2p",
      "message_type": "text",
      "content": "{\"text\":\"a b c都要执行\"}",
      "user_agent": "Mozilla/5.0 (Linux; Android 13; 23013RK75C Build/TKQ1.220905.001; wv) AppleWebKit/537.36 (KHTML, like Gecko) Version/4.0 Chrome/120.0.6099.144 Mobile Safari/537.36 Lark/7.64.5 LarkLocale/zh_CN ChannelName/Lark appid/1664; appname/Lark; ttnet SDK-Version/7.64.13"
    }
  }
}
{
  "schema": "2.0",
  "header": {
    "event_id": "346d01f9a7712aedcf53f6b9ae00117e",
    "token": "",
    "create_time": "1777544565507",
    "event_type": "im.message.receive_v1",
    "tenant_key": "1aa0fbb1ff995944",
    "app_id": "cli_a94fc9a45978de17"
  },
  "event": {
    "sender": {
      "sender_id": {
        "user_id": "adaaf873",
        "open_id": "ou_667e83f2936ba15a84513bd4cf60c262",
        "union_id": "on_786ce923e717aa97f77720e7de0adb3f"
      },
      "sender_type": "user",
      "tenant_key": "1aa0fbb1ff995944"
    },
    "message": {
      "message_id": "om_x100b5006998334a0eea50e793da860a",
      "create_time": "1777544565073",
      "update_time": "1777544565073",
      "chat_id": "oc_1a69bd0b7709507918dd2a27852c5ea2",
      "chat_type": "p2p",
      "message_type": "image",
      "content": "{\"image_key\":\"img_v3_02118_1cbd7768-06e7-443f-9610-0b0cebadd8ix\"}",
      "user_agent": "Mozilla/5.0 (Linux; Android 13; 23013RK75C Build/TKQ1.220905.001; wv) AppleWebKit/537.36 (KHTML, like Gecko) Version/4.0 Chrome/120.0.6099.144 Mobile Safari/537.36 Lark/7.64.5 LarkLocale/zh_CN ChannelName/Lark appid/1664; appname/Lark; ttnet SDK-Version/7.64.13"
    }
  }
}
{
  "schema": "2.0",
  "header": {
    "event_id": "346d01f9a7712aedcf53f6b9ae00117e",
    "token": "",
    "create_time": "1777544565507",
    "event_type": "im.message.receive_v1",
    "tenant_key": "1aa0fbb1ff995944",
    "app_id": "cli_a94fc9a45978de17"
  },
  "event": {
    "sender": {
      "sender_id": {
        "user_id": "adaaf873",
        "open_id": "ou_667e83f2936ba15a84513bd4cf60c262",
        "union_id": "on_786ce923e717aa97f77720e7de0adb3f"
      },
      "sender_type": "user",
      "tenant_key": "1aa0fbb1ff995944"
    },
    "message": {
      "message_id": "om_x100b5006998334a0eea50e793da860a",
      "create_time": "1777544565073",
      "update_time": "1777544565073",
      "chat_id": "oc_1a69bd0b7709507918dd2a27852c5ea2",
      "chat_type": "p2p",
      "message_type": "image",
      "content": "{\"image_key\":\"img_v3_02118_1cbd7768-06e7-443f-9610-0b0cebadd8ix\"}",
      "user_agent": "Mozilla/5.0 (Linux; Android 13; 23013RK75C Build/TKQ1.220905.001; wv) AppleWebKit/537.36 (KHTML, like Gecko) Version/4.0 Chrome/120.0.6099.144 Mobile Safari/537.36 Lark/7.64.5 LarkLocale/zh_CN ChannelName/Lark appid/1664; appname/Lark; ttnet SDK-Version/7.64.13"
    }
  }
}
{
  "schema": "2.0",
  "header": {
    "event_id": "2dc9ce3453fff648b5f882057a2e6c8b",
    "token": "",
    "create_time": "1777544589487",
    "event_type": "im.message.receive_v1",
    "tenant_key": "1aa0fbb1ff995944",
    "app_id": "cli_a94fc9a45978de17"
  },
  "event": {
    "sender": {
      "sender_id": {
        "user_id": "adaaf873",
        "open_id": "ou_667e83f2936ba15a84513bd4cf60c262",
        "union_id": "on_786ce923e717aa97f77720e7de0adb3f"
      },
      "sender_type": "user",
      "tenant_key": "1aa0fbb1ff995944"
    },
    "message": {
      "message_id": "om_x100b5006961f18a0ee7e1515d90cba3",
      "create_time": "1777544589226",
      "update_time": "1777544589226",
      "chat_id": "oc_1a69bd0b7709507918dd2a27852c5ea2",
      "chat_type": "p2p",
      "message_type": "text",
      "content": "{\"text\":\"你的记忆为什么在同一个窗口马上就会丢失 如何加强和改善\"}",
      "user_agent": "Mozilla/5.0 (Linux; Android 13; 23013RK75C Build/TKQ1.220905.001; wv) AppleWebKit/537.36 (KHTML, like Gecko) Version/4.0 Chrome/120.0.6099.144 Mobile Safari/537.36 Lark/7.64.5 LarkLocale/zh_CN ChannelName/Lark appid/1664; appname/Lark; ttnet SDK-Version/7.64.13"
    }
  }
}
{
  "schema": "2.0",
  "header": {
    "event_id": "2dc9ce3453fff648b5f882057a2e6c8b",
    "token": "",
    "create_time": "1777544589487",
    "event_type": "im.message.receive_v1",
    "tenant_key": "1aa0fbb1ff995944",
    "app_id": "cli_a94fc9a45978de17"
  },
  "event": {
    "sender": {
      "sender_id": {
        "user_id": "adaaf873",
        "open_id": "ou_667e83f2936ba15a84513bd4cf60c262",
        "union_id": "on_786ce923e717aa97f77720e7de0adb3f"
      },
      "sender_type": "user",
      "tenant_key": "1aa0fbb1ff995944"
    },
    "message": {
      "message_id": "om_x100b5006961f18a0ee7e1515d90cba3",
      "create_time": "1777544589226",
      "update_time": "1777544589226",
      "chat_id": "oc_1a69bd0b7709507918dd2a27852c5ea2",
      "chat_type": "p2p",
      "message_type": "text",
      "content": "{\"text\":\"你的记忆为什么在同一个窗口马上就会丢失 如何加强和改善\"}",
      "user_agent": "Mozilla/5.0 (Linux; Android 13; 23013RK75C Build/TKQ1.220905.001; wv) AppleWebKit/537.36 (KHTML, like Gecko) Version/4.0 Chrome/120.0.6099.144 Mobile Safari/537.36 Lark/7.64.5 LarkLocale/zh_CN ChannelName/Lark appid/1664; appname/Lark; ttnet SDK-Version/7.64.13"
    }
  }
}
{
  "schema": "2.0",
  "header": {
    "event_id": "5a78df019f2cd868988d12ebb35a929e",
    "token": "",
    "create_time": "1777544806410",
    "event_type": "im.message.receive_v1",
    "tenant_key": "1aa0fbb1ff995944",
    "app_id": "cli_a94fc9a45978de17"
  },
  "event": {
    "sender": {
      "sender_id": {
        "user_id": "adaaf873",
        "open_id": "ou_667e83f2936ba15a84513bd4cf60c262",
        "union_id": "on_786ce923e717aa97f77720e7de0adb3f"
      },
      "sender_type": "user",
      "tenant_key": "1aa0fbb1ff995944"
    },
    "message": {
      "message_id": "om_x100b5006a890653ceea4d57804a4d20",
      "create_time": "1777544805945",
      "update_time": "1777544805945",
      "chat_id": "oc_1a69bd0b7709507918dd2a27852c5ea2",
      "chat_type": "p2p",
      "message_type": "text",
      "content": "{\"text\":\"你有记忆模板 为什么还是记不住\"}",
      "user_agent": "Mozilla/5.0 (Linux; Android 13; 23013RK75C Build/TKQ1.220905.001; wv) AppleWebKit/537.36 (KHTML, like Gecko) Version/4.0 Chrome/120.0.6099.144 Mobile Safari/537.36 Lark/7.64.5 LarkLocale/zh_CN ChannelName/Lark appid/1664; appname/Lark; ttnet SDK-Version/7.64.13"
    }
  }
}
{
  "schema": "2.0",
  "header": {
    "event_id": "ec3cbafd5cdfd09aa83e70b0a2ca5ba3",
    "token": "",
    "create_time": "1777544811283",
    "event_type": "im.message.receive_v1",
    "tenant_key": "1aa0fbb1ff995944",
    "app_id": "cli_a94fc9a45978de17"
  },
  "event": {
    "sender": {
      "sender_id": {
        "user_id": "adaaf873",
        "open_id": "ou_667e83f2936ba15a84513bd4cf60c262",
        "union_id": "on_786ce923e717aa97f77720e7de0adb3f"
      },
      "sender_type": "user",
      "tenant_key": "1aa0fbb1ff995944"
    },
    "message": {
      "message_id": "om_x100b5006a86004a8eeaf9bf97f1e58a",
      "create_time": "1777544810929",
      "update_time": "1777544810929",
      "chat_id": "oc_1a69bd0b7709507918dd2a27852c5ea2",
      "chat_type": "p2p",
      "message_type": "text",
      "content": "{\"text\":\"是不是没有生效\"}",
      "user_agent": "Mozilla/5.0 (Linux; Android 13; 23013RK75C Build/TKQ1.220905.001; wv) AppleWebKit/537.36 (KHTML, like Gecko) Version/4.0 Chrome/120.0.6099.144 Mobile Safari/537.36 Lark/7.64.5 LarkLocale/zh_CN ChannelName/Lark appid/1664; appname/Lark; ttnet SDK-Version/7.64.13"
    }
  }
}
{
  "schema": "2.0",
  "header": {
    "event_id": "5a78df019f2cd868988d12ebb35a929e",
    "token": "",
    "create_time": "1777544806410",
    "event_type": "im.message.receive_v1",
    "tenant_key": "1aa0fbb1ff995944",
    "app_id": "cli_a94fc9a45978de17"
  },
  "event": {
    "sender": {
      "sender_id": {
        "user_id": "adaaf873",
        "open_id": "ou_667e83f2936ba15a84513bd4cf60c262",
        "union_id": "on_786ce923e717aa97f77720e7de0adb3f"
      },
      "sender_type": "user",
      "tenant_key": "1aa0fbb1ff995944"
    },
    "message": {
      "message_id": "om_x100b5006a890653ceea4d57804a4d20",
      "create_time": "1777544805945",
      "update_time": "1777544805945",
      "chat_id": "oc_1a69bd0b7709507918dd2a27852c5ea2",
      "chat_type": "p2p",
      "message_type": "text",
      "content": "{\"text\":\"你有记忆模板 为什么还是记不住\"}",
      "user_agent": "Mozilla/5.0 (Linux; Android 13; 23013RK75C Build/TKQ1.220905.001; wv) AppleWebKit/537.36 (KHTML, like Gecko) Version/4.0 Chrome/120.0.6099.144 Mobile Safari/537.36 Lark/7.64.5 LarkLocale/zh_CN ChannelName/Lark appid/1664; appname/Lark; ttnet SDK-Version/7.64.13"
    }
  }
}
{
  "schema": "2.0",
  "header": {
    "event_id": "ec3cbafd5cdfd09aa83e70b0a2ca5ba3",
    "token": "",
    "create_time": "1777544811283",
    "event_type": "im.message.receive_v1",
    "tenant_key": "1aa0fbb1ff995944",
    "app_id": "cli_a94fc9a45978de17"
  },
  "event": {
    "sender": {
      "sender_id": {
        "user_id": "adaaf873",
        "open_id": "ou_667e83f2936ba15a84513bd4cf60c262",
        "union_id": "on_786ce923e717aa97f77720e7de0adb3f"
      },
      "sender_type": "user",
      "tenant_key": "1aa0fbb1ff995944"
    },
    "message": {
      "message_id": "om_x100b5006a86004a8eeaf9bf97f1e58a",
      "create_time": "1777544810929",
      "update_time": "1777544810929",
      "chat_id": "oc_1a69bd0b7709507918dd2a27852c5ea2",
      "chat_type": "p2p",
      "message_type": "text",
      "content": "{\"text\":\"是不是没有生效\"}",
      "user_agent": "Mozilla/5.0 (Linux; Android 13; 23013RK75C Build/TKQ1.220905.001; wv) AppleWebKit/537.36 (KHTML, like Gecko) Version/4.0 Chrome/120.0.6099.144 Mobile Safari/537.36 Lark/7.64.5 LarkLocale/zh_CN ChannelName/Lark appid/1664; appname/Lark; ttnet SDK-Version/7.64.13"
    }
  }
}
{
  "schema": "2.0",
  "header": {
    "event_id": "622581cdb880eb6ae9e0375f56d052c7",
    "token": "",
    "create_time": "1777544907699",
    "event_type": "im.message.receive_v1",
    "tenant_key": "1aa0fbb1ff995944",
    "app_id": "cli_a94fc9a45978de17"
  },
  "event": {
    "sender": {
      "sender_id": {
        "user_id": "adaaf873",
        "open_id": "ou_667e83f2936ba15a84513bd4cf60c262",
        "union_id": "on_786ce923e717aa97f77720e7de0adb3f"
      },
      "sender_type": "user",
      "tenant_key": "1aa0fbb1ff995944"
    },
    "message": {
      "message_id": "om_x100b5006a27b84a0ee7793f6c5adb6f",
      "create_time": "1777544907444",
      "update_time": "1777544907444",
      "chat_id": "oc_1a69bd0b7709507918dd2a27852c5ea2",
      "chat_type": "p2p",
      "message_type": "text",
      "content": "{\"text\":\"记忆规划模板\"}",
      "user_agent": "Mozilla/5.0 (Linux; Android 13; 23013RK75C Build/TKQ1.220905.001; wv) AppleWebKit/537.36 (KHTML, like Gecko) Version/4.0 Chrome/120.0.6099.144 Mobile Safari/537.36 Lark/7.64.5 LarkLocale/zh_CN ChannelName/Lark appid/1664; appname/Lark; ttnet SDK-Version/7.64.13"
    }
  }
}
{
  "schema": "2.0",
  "header": {
    "event_id": "622581cdb880eb6ae9e0375f56d052c7",
    "token": "",
    "create_time": "1777544907699",
    "event_type": "im.message.receive_v1",
    "tenant_key": "1aa0fbb1ff995944",
    "app_id": "cli_a94fc9a45978de17"
  },
  "event": {
    "sender": {
      "sender_id": {
        "user_id": "adaaf873",
        "open_id": "ou_667e83f2936ba15a84513bd4cf60c262",
        "union_id": "on_786ce923e717aa97f77720e7de0adb3f"
      },
      "sender_type": "user",
      "tenant_key": "1aa0fbb1ff995944"
    },
    "message": {
      "message_id": "om_x100b5006a27b84a0ee7793f6c5adb6f",
      "create_time": "1777544907444",
      "update_time": "1777544907444",
      "chat_id": "oc_1a69bd0b7709507918dd2a27852c5ea2",
      "chat_type": "p2p",
      "message_type": "text",
      "content": "{\"text\":\"记忆规划模板\"}",
      "user_agent": "Mozilla/5.0 (Linux; Android 13; 23013RK75C Build/TKQ1.220905.001; wv) AppleWebKit/537.36 (KHTML, like Gecko) Version/4.0 Chrome/120.0.6099.144 Mobile Safari/537.36 Lark/7.64.5 LarkLocale/zh_CN ChannelName/Lark appid/1664; appname/Lark; ttnet SDK-Version/7.64.13"
    }
  }
}
{
  "schema": "2.0",
  "header": {
    "event_id": "5a78df019f2cd868988d12ebb35a929e",
    "token": "",
    "create_time": "1777544806410",
    "event_type": "im.message.receive_v1",
    "tenant_key": "1aa0fbb1ff995944",
    "app_id": "cli_a94fc9a45978de17"
  },
  "event": {
    "sender": {
      "sender_id": {
        "user_id": "adaaf873",
        "open_id": "ou_667e83f2936ba15a84513bd4cf60c262",
        "union_id": "on_786ce923e717aa97f77720e7de0adb3f"
      },
      "sender_type": "user",
      "tenant_key": "1aa0fbb1ff995944"
    },
    "message": {
      "message_id": "om_x100b5006a890653ceea4d57804a4d20",
      "create_time": "1777544805945",
      "update_time": "1777544805945",
      "chat_id": "oc_1a69bd0b7709507918dd2a27852c5ea2",
      "chat_type": "p2p",
      "message_type": "text",
      "content": "{\"text\":\"你有记忆模板 为什么还是记不住\"}",
      "user_agent": "Mozilla/5.0 (Linux; Android 13; 23013RK75C Build/TKQ1.220905.001; wv) AppleWebKit/537.36 (KHTML, like Gecko) Version/4.0 Chrome/120.0.6099.144 Mobile Safari/537.36 Lark/7.64.5 LarkLocale/zh_CN ChannelName/Lark appid/1664; appname/Lark; ttnet SDK-Version/7.64.13"
    }
  }
}
{
  "schema": "2.0",
  "header": {
    "event_id": "ec3cbafd5cdfd09aa83e70b0a2ca5ba3",
    "token": "",
    "create_time": "1777544811283",
    "event_type": "im.message.receive_v1",
    "tenant_key": "1aa0fbb1ff995944",
    "app_id": "cli_a94fc9a45978de17"
  },
  "event": {
    "sender": {
      "sender_id": {
        "user_id": "adaaf873",
        "open_id": "ou_667e83f2936ba15a84513bd4cf60c262",
        "union_id": "on_786ce923e717aa97f77720e7de0adb3f"
      },
      "sender_type": "user",
      "tenant_key": "1aa0fbb1ff995944"
    },
    "message": {
      "message_id": "om_x100b5006a86004a8eeaf9bf97f1e58a",
      "create_time": "1777544810929",
      "update_time": "1777544810929",
      "chat_id": "oc_1a69bd0b7709507918dd2a27852c5ea2",
      "chat_type": "p2p",
      "message_type": "text",
      "content": "{\"text\":\"是不是没有生效\"}",
      "user_agent": "Mozilla/5.0 (Linux; Android 13; 23013RK75C Build/TKQ1.220905.001; wv) AppleWebKit/537.36 (KHTML, like Gecko) Version/4.0 Chrome/120.0.6099.144 Mobile Safari/537.36 Lark/7.64.5 LarkLocale/zh_CN ChannelName/Lark appid/1664; appname/Lark; ttnet SDK-Version/7.64.13"
    }
  }
}
{
  "schema": "2.0",
  "header": {
    "event_id": "7c9b4ee41544f9ab956514707ed93b21",
    "token": "",
    "create_time": "1777546829132",
    "event_type": "im.message.receive_v1",
    "tenant_key": "1aa0fbb1ff995944",
    "app_id": "cli_a94fc9a45978de17"
  },
  "event": {
    "sender": {
      "sender_id": {
        "user_id": "adaaf873",
        "open_id": "ou_667e83f2936ba15a84513bd4cf60c262",
        "union_id": "on_786ce923e717aa97f77720e7de0adb3f"
      },
      "sender_type": "user",
      "tenant_key": "1aa0fbb1ff995944"
    },
    "message": {
      "message_id": "om_x100b50072a0658a4eea78cd980a36c8",
      "create_time": "1777546828823",
      "update_time": "1777546828823",
      "chat_id": "oc_1a69bd0b7709507918dd2a27852c5ea2",
      "chat_type": "p2p",
      "message_type": "text",
      "content": "{\"text\":\"继续\"}",
      "user_agent": "Mozilla/5.0 (Linux; Android 13; 23013RK75C Build/TKQ1.220905.001; wv) AppleWebKit/537.36 (KHTML, like Gecko) Version/4.0 Chrome/120.0.6099.144 Mobile Safari/537.36 Lark/7.64.5 LarkLocale/zh_CN ChannelName/Lark appid/1664; appname/Lark; ttnet SDK-Version/7.64.13"
    }
  }
}
{
  "schema": "2.0",
  "header": {
    "event_id": "7c9b4ee41544f9ab956514707ed93b21",
    "token": "",
    "create_time": "1777546829132",
    "event_type": "im.message.receive_v1",
    "tenant_key": "1aa0fbb1ff995944",
    "app_id": "cli_a94fc9a45978de17"
  },
  "event": {
    "sender": {
      "sender_id": {
        "user_id": "adaaf873",
        "open_id": "ou_667e83f2936ba15a84513bd4cf60c262",
        "union_id": "on_786ce923e717aa97f77720e7de0adb3f"
      },
      "sender_type": "user",
      "tenant_key": "1aa0fbb1ff995944"
    },
    "message": {
      "message_id": "om_x100b50072a0658a4eea78cd980a36c8",
      "create_time": "1777546828823",
      "update_time": "1777546828823",
      "chat_id": "oc_1a69bd0b7709507918dd2a27852c5ea2",
      "chat_type": "p2p",
      "message_type": "text",
      "content": "{\"text\":\"继续\"}",
      "user_agent": "Mozilla/5.0 (Linux; Android 13; 23013RK75C Build/TKQ1.220905.001; wv) AppleWebKit/537.36 (KHTML, like Gecko) Version/4.0 Chrome/120.0.6099.144 Mobile Safari/537.36 Lark/7.64.5 LarkLocale/zh_CN ChannelName/Lark appid/1664; appname/Lark; ttnet SDK-Version/7.64.13"
    }
  }
}
{
  "schema": "2.0",
  "header": {
    "event_id": "7c9b4ee41544f9ab956514707ed93b21",
    "token": "",
    "create_time": "1777546829132",
    "event_type": "im.message.receive_v1",
    "tenant_key": "1aa0fbb1ff995944",
    "app_id": "cli_a94fc9a45978de17"
  },
  "event": {
    "sender": {
      "sender_id": {
        "user_id": "adaaf873",
        "open_id": "ou_667e83f2936ba15a84513bd4cf60c262",
        "union_id": "on_786ce923e717aa97f77720e7de0adb3f"
      },
      "sender_type": "user",
      "tenant_key": "1aa0fbb1ff995944"
    },
    "message": {
      "message_id": "om_x100b50072a0658a4eea78cd980a36c8",
      "create_time": "1777546828823",
      "update_time": "1777546828823",
      "chat_id": "oc_1a69bd0b7709507918dd2a27852c5ea2",
      "chat_type": "p2p",
      "message_type": "text",
      "content": "{\"text\":\"继续\"}",
      "user_agent": "Mozilla/5.0 (Linux; Android 13; 23013RK75C Build/TKQ1.220905.001; wv) AppleWebKit/537.36 (KHTML, like Gecko) Version/4.0 Chrome/120.0.6099.144 Mobile Safari/537.36 Lark/7.64.5 LarkLocale/zh_CN ChannelName/Lark appid/1664; appname/Lark; ttnet SDK-Version/7.64.13"
    }
  }
}
{
  "schema": "2.0",
  "header": {
    "event_id": "4e79324ae6f1a9c56902d929db43070d",
    "token": "",
    "create_time": "1777558053958",
    "event_type": "im.message.receive_v1",
    "tenant_key": "1aa0fbb1ff995944",
    "app_id": "cli_a94fc9a45978de17"
  },
  "event": {
    "sender": {
      "sender_id": {
        "user_id": "adaaf873",
        "open_id": "ou_667e83f2936ba15a84513bd4cf60c262",
        "union_id": "on_786ce923e717aa97f77720e7de0adb3f"
      },
      "sender_type": "user",
      "tenant_key": "1aa0fbb1ff995944"
    },
    "message": {
      "message_id": "om_x100b50026c95f134eea4529a61c2e88",
      "create_time": "1777558053604",
      "update_time": "1777558053604",
      "chat_id": "oc_1a69bd0b7709507918dd2a27852c5ea2",
      "chat_type": "p2p",
      "message_type": "text",
      "content": "{\"text\":\"为什么又调用失败\"}",
      "user_agent": "Mozilla/5.0 (Linux; Android 13; 23013RK75C Build/TKQ1.220905.001; wv) AppleWebKit/537.36 (KHTML, like Gecko) Version/4.0 Chrome/120.0.6099.144 Mobile Safari/537.36 Lark/7.64.5 LarkLocale/zh_CN ChannelName/Lark appid/1664; appname/Lark; ttnet SDK-Version/7.64.13"
    }
  }
}
{
  "schema": "2.0",
  "header": {
    "event_id": "4e79324ae6f1a9c56902d929db43070d",
    "token": "",
    "create_time": "1777558053958",
    "event_type": "im.message.receive_v1",
    "tenant_key": "1aa0fbb1ff995944",
    "app_id": "cli_a94fc9a45978de17"
  },
  "event": {
    "sender": {
      "sender_id": {
        "user_id": "adaaf873",
        "open_id": "ou_667e83f2936ba15a84513bd4cf60c262",
        "union_id": "on_786ce923e717aa97f77720e7de0adb3f"
      },
      "sender_type": "user",
      "tenant_key": "1aa0fbb1ff995944"
    },
    "message": {
      "message_id": "om_x100b50026c95f134eea4529a61c2e88",
      "create_time": "1777558053604",
      "update_time": "1777558053604",
      "chat_id": "oc_1a69bd0b7709507918dd2a27852c5ea2",
      "chat_type": "p2p",
      "message_type": "text",
      "content": "{\"text\":\"为什么又调用失败\"}",
      "user_agent": "Mozilla/5.0 (Linux; Android 13; 23013RK75C Build/TKQ1.220905.001; wv) AppleWebKit/537.36 (KHTML, like Gecko) Version/4.0 Chrome/120.0.6099.144 Mobile Safari/537.36 Lark/7.64.5 LarkLocale/zh_CN ChannelName/Lark appid/1664; appname/Lark; ttnet SDK-Version/7.64.13"
    }
  }
}
{
  "schema": "2.0",
  "header": {
    "event_id": "4e79324ae6f1a9c56902d929db43070d",
    "token": "",
    "create_time": "1777558053958",
    "event_type": "im.message.receive_v1",
    "tenant_key": "1aa0fbb1ff995944",
    "app_id": "cli_a94fc9a45978de17"
  },
  "event": {
    "sender": {
      "sender_id": {
        "user_id": "adaaf873",
        "open_id": "ou_667e83f2936ba15a84513bd4cf60c262",
        "union_id": "on_786ce923e717aa97f77720e7de0adb3f"
      },
      "sender_type": "user",
      "tenant_key": "1aa0fbb1ff995944"
    },
    "message": {
      "message_id": "om_x100b50026c95f134eea4529a61c2e88",
      "create_time": "1777558053604",
      "update_time": "1777558053604",
      "chat_id": "oc_1a69bd0b7709507918dd2a27852c5ea2",
      "chat_type": "p2p",
      "message_type": "text",
      "content": "{\"text\":\"为什么又调用失败\"}",
      "user_agent": "Mozilla/5.0 (Linux; Android 13; 23013RK75C Build/TKQ1.220905.001; wv) AppleWebKit/537.36 (KHTML, like Gecko) Version/4.0 Chrome/120.0.6099.144 Mobile Safari/537.36 Lark/7.64.5 LarkLocale/zh_CN ChannelName/Lark appid/1664; appname/Lark; ttnet SDK-Version/7.64.13"
    }
  }
}
{
  "schema": "2.0",
  "header": {
    "event_id": "e1faddaa4508897d780ac258f5de1503",
    "token": "",
    "create_time": "1777564054272",
    "event_type": "im.message.receive_v1",
    "tenant_key": "1aa0fbb1ff995944",
    "app_id": "cli_a94fc9a45978de17"
  },
  "event": {
    "sender": {
      "sender_id": {
        "user_id": "adaaf873",
        "open_id": "ou_667e83f2936ba15a84513bd4cf60c262",
        "union_id": "on_786ce923e717aa97f77720e7de0adb3f"
      },
      "sender_type": "user",
      "tenant_key": "1aa0fbb1ff995944"
    },
    "message": {
      "message_id": "om_x100b5003d792bca4eea61a7a8baf5cf",
      "create_time": "1777564054027",
      "update_time": "1777564054027",
      "chat_id": "oc_1a69bd0b7709507918dd2a27852c5ea2",
      "chat_type": "p2p",
      "message_type": "text",
      "content": "{\"text\":\"排查问题\"}",
      "user_agent": "Mozilla/5.0 (Linux; Android 13; 23013RK75C Build/TKQ1.220905.001; wv) AppleWebKit/537.36 (KHTML, like Gecko) Version/4.0 Chrome/120.0.6099.144 Mobile Safari/537.36 Lark/7.64.5 LarkLocale/zh_CN ChannelName/Lark appid/1664; appname/Lark; ttnet SDK-Version/7.64.13"
    }
  }
}
{
  "schema": "2.0",
  "header": {
    "event_id": "e1faddaa4508897d780ac258f5de1503",
    "token": "",
    "create_time": "1777564054272",
    "event_type": "im.message.receive_v1",
    "tenant_key": "1aa0fbb1ff995944",
    "app_id": "cli_a94fc9a45978de17"
  },
  "event": {
    "sender": {
      "sender_id": {
        "user_id": "adaaf873",
        "open_id": "ou_667e83f2936ba15a84513bd4cf60c262",
        "union_id": "on_786ce923e717aa97f77720e7de0adb3f"
      },
      "sender_type": "user",
      "tenant_key": "1aa0fbb1ff995944"
    },
    "message": {
      "message_id": "om_x100b5003d792bca4eea61a7a8baf5cf",
      "create_time": "1777564054027",
      "update_time": "1777564054027",
      "chat_id": "oc_1a69bd0b7709507918dd2a27852c5ea2",
      "chat_type": "p2p",
      "message_type": "text",
      "content": "{\"text\":\"排查问题\"}",
      "user_agent": "Mozilla/5.0 (Linux; Android 13; 23013RK75C Build/TKQ1.220905.001; wv) AppleWebKit/537.36 (KHTML, like Gecko) Version/4.0 Chrome/120.0.6099.144 Mobile Safari/537.36 Lark/7.64.5 LarkLocale/zh_CN ChannelName/Lark appid/1664; appname/Lark; ttnet SDK-Version/7.64.13"
    }
  }
}
{
  "schema": "2.0",
  "header": {
    "event_id": "e1faddaa4508897d780ac258f5de1503",
    "token": "",
    "create_time": "1777564054272",
    "event_type": "im.message.receive_v1",
    "tenant_key": "1aa0fbb1ff995944",
    "app_id": "cli_a94fc9a45978de17"
  },
  "event": {
    "sender": {
      "sender_id": {
        "user_id": "adaaf873",
        "open_id": "ou_667e83f2936ba15a84513bd4cf60c262",
        "union_id": "on_786ce923e717aa97f77720e7de0adb3f"
      },
      "sender_type": "user",
      "tenant_key": "1aa0fbb1ff995944"
    },
    "message": {
      "message_id": "om_x100b5003d792bca4eea61a7a8baf5cf",
      "create_time": "1777564054027",
      "update_time": "1777564054027",
      "chat_id": "oc_1a69bd0b7709507918dd2a27852c5ea2",
      "chat_type": "p2p",
      "message_type": "text",
      "content": "{\"text\":\"排查问题\"}",
      "user_agent": "Mozilla/5.0 (Linux; Android 13; 23013RK75C Build/TKQ1.220905.001; wv) AppleWebKit/537.36 (KHTML, like Gecko) Version/4.0 Chrome/120.0.6099.144 Mobile Safari/537.36 Lark/7.64.5 LarkLocale/zh_CN ChannelName/Lark appid/1664; appname/Lark; ttnet SDK-Version/7.64.13"
    }
  }
}
{
  "schema": "2.0",
  "header": {
    "event_id": "ae32bf5e084b1f135a2661e8946855e7",
    "token": "",
    "create_time": "1777602587788",
    "event_type": "im.message.receive_v1",
    "tenant_key": "1aa0fbb1ff995944",
    "app_id": "cli_a94fc9a45978de17"
  },
  "event": {
    "sender": {
      "sender_id": {
        "user_id": "adaaf873",
        "open_id": "ou_667e83f2936ba15a84513bd4cf60c262",
        "union_id": "on_786ce923e717aa97f77720e7de0adb3f"
      },
      "sender_type": "user",
      "tenant_key": "1aa0fbb1ff995944"
    },
    "message": {
      "message_id": "om_x100b50754f7aecaceeaa560f9745e51",
      "create_time": "1777602587528",
      "update_time": "1777602587528",
      "chat_id": "oc_6791bc79e6d6373ef078256b58b782d7",
      "chat_type": "group",
      "message_type": "text",
      "content": "{\"text\":\"@_user_1 升级hermes到最新版本并检测\"}",
      "mentions": [
        {
          "key": "@_user_1",
          "id": {
            "user_id": "",
            "open_id": "ou_19c9ad75ddcc264feb16cb2497913b2b",
            "union_id": "on_136a750d61f0b040722db8d211832107"
          },
          "name": "太子",
          "tenant_key": "1aa0fbb1ff995944"
        }
      ],
      "user_agent": "Mozilla/5.0 (Linux; Android 13; 23013RK75C Build/TKQ1.220905.001; wv) AppleWebKit/537.36 (KHTML, like Gecko) Version/4.0 Chrome/120.0.6099.144 Mobile Safari/537.36 Lark/7.64.5 LarkLocale/zh_CN ChannelName/Lark appid/1664; appname/Lark; ttnet SDK-Version/7.64.13"
    }
  }
}
{
  "schema": "2.0",
  "header": {
    "event_id": "ae32bf5e084b1f135a2661e8946855e7",
    "token": "",
    "create_time": "1777602587788",
    "event_type": "im.message.receive_v1",
    "tenant_key": "1aa0fbb1ff995944",
    "app_id": "cli_a94fc9a45978de17"
  },
  "event": {
    "sender": {
      "sender_id": {
        "user_id": "adaaf873",
        "open_id": "ou_667e83f2936ba15a84513bd4cf60c262",
        "union_id": "on_786ce923e717aa97f77720e7de0adb3f"
      },
      "sender_type": "user",
      "tenant_key": "1aa0fbb1ff995944"
    },
    "message": {
      "message_id": "om_x100b50754f7aecaceeaa560f9745e51",
      "create_time": "1777602587528",
      "update_time": "1777602587528",
      "chat_id": "oc_6791bc79e6d6373ef078256b58b782d7",
      "chat_type": "group",
      "message_type": "text",
      "content": "{\"text\":\"@_user_1 升级hermes到最新版本并检测\"}",
      "mentions": [
        {
          "key": "@_user_1",
          "id": {
            "user_id": "",
            "open_id": "ou_19c9ad75ddcc264feb16cb2497913b2b",
            "union_id": "on_136a750d61f0b040722db8d211832107"
          },
          "name": "太子",
          "tenant_key": "1aa0fbb1ff995944"
        }
      ],
      "user_agent": "Mozilla/5.0 (Linux; Android 13; 23013RK75C Build/TKQ1.220905.001; wv) AppleWebKit/537.36 (KHTML, like Gecko) Version/4.0 Chrome/120.0.6099.144 Mobile Safari/537.36 Lark/7.64.5 LarkLocale/zh_CN ChannelName/Lark appid/1664; appname/Lark; ttnet SDK-Version/7.64.13"
    }
  }
}
{
  "schema": "2.0",
  "header": {
    "event_id": "909810e45842bc38c12f31309b316e07",
    "token": "",
    "create_time": "1777614992419",
    "event_type": "im.message.receive_v1",
    "tenant_key": "1aa0fbb1ff995944",
    "app_id": "cli_a94fc9a45978de17"
  },
  "event": {
    "sender": {
      "sender_id": {
        "user_id": "adaaf873",
        "open_id": "ou_667e83f2936ba15a84513bd4cf60c262",
        "union_id": "on_786ce923e717aa97f77720e7de0adb3f"
      },
      "sender_type": "user",
      "tenant_key": "1aa0fbb1ff995944"
    },
    "message": {
      "message_id": "om_x100b5070463028a0ee7e64925747ee0",
      "create_time": "1777614991936",
      "update_time": "1777614991936",
      "chat_id": "oc_1a69bd0b7709507918dd2a27852c5ea2",
      "chat_type": "p2p",
      "message_type": "text",
      "content": "{\"text\":\"升级hermes到最新版本\"}",
      "user_agent": "Mozilla/5.0 (Linux; Android 13; 23013RK75C Build/TKQ1.220905.001; wv) AppleWebKit/537.36 (KHTML, like Gecko) Version/4.0 Chrome/120.0.6099.144 Mobile Safari/537.36 Lark/7.64.5 LarkLocale/zh_CN ChannelName/Lark appid/1664; appname/Lark; ttnet SDK-Version/7.64.13"
    }
  }
}
{
  "schema": "2.0",
  "header": {
    "event_id": "909810e45842bc38c12f31309b316e07",
    "token": "",
    "create_time": "1777614992419",
    "event_type": "im.message.receive_v1",
    "tenant_key": "1aa0fbb1ff995944",
    "app_id": "cli_a94fc9a45978de17"
  },
  "event": {
    "sender": {
      "sender_id": {
        "user_id": "adaaf873",
        "open_id": "ou_667e83f2936ba15a84513bd4cf60c262",
        "union_id": "on_786ce923e717aa97f77720e7de0adb3f"
      },
      "sender_type": "user",
      "tenant_key": "1aa0fbb1ff995944"
    },
    "message": {
      "message_id": "om_x100b5070463028a0ee7e64925747ee0",
      "create_time": "1777614991936",
      "update_time": "1777614991936",
      "chat_id": "oc_1a69bd0b7709507918dd2a27852c5ea2",
      "chat_type": "p2p",
      "message_type": "text",
      "content": "{\"text\":\"升级hermes到最新版本\"}",
      "user_agent": "Mozilla/5.0 (Linux; Android 13; 23013RK75C Build/TKQ1.220905.001; wv) AppleWebKit/537.36 (KHTML, like Gecko) Version/4.0 Chrome/120.0.6099.144 Mobile Safari/537.36 Lark/7.64.5 LarkLocale/zh_CN ChannelName/Lark appid/1664; appname/Lark; ttnet SDK-Version/7.64.13"
    }
  }
}
{
  "schema": "2.0",
  "header": {
    "event_id": "909810e45842bc38c12f31309b316e07",
    "token": "",
    "create_time": "1777614992419",
    "event_type": "im.message.receive_v1",
    "tenant_key": "1aa0fbb1ff995944",
    "app_id": "cli_a94fc9a45978de17"
  },
  "event": {
    "sender": {
      "sender_id": {
        "user_id": "adaaf873",
        "open_id": "ou_667e83f2936ba15a84513bd4cf60c262",
        "union_id": "on_786ce923e717aa97f77720e7de0adb3f"
      },
      "sender_type": "user",
      "tenant_key": "1aa0fbb1ff995944"
    },
    "message": {
      "message_id": "om_x100b5070463028a0ee7e64925747ee0",
      "create_time": "1777614991936",
      "update_time": "1777614991936",
      "chat_id": "oc_1a69bd0b7709507918dd2a27852c5ea2",
      "chat_type": "p2p",
      "message_type": "text",
      "content": "{\"text\":\"升级hermes到最新版本\"}",
      "user_agent": "Mozilla/5.0 (Linux; Android 13; 23013RK75C Build/TKQ1.220905.001; wv) AppleWebKit/537.36 (KHTML, like Gecko) Version/4.0 Chrome/120.0.6099.144 Mobile Safari/537.36 Lark/7.64.5 LarkLocale/zh_CN ChannelName/Lark appid/1664; appname/Lark; ttnet SDK-Version/7.64.13"
    }
  }
}
{
  "schema": "2.0",
  "header": {
    "event_id": "93ad005b0f7b564f9094c4e9c35b71ea",
    "token": "",
    "create_time": "1777615553439",
    "event_type": "im.message.receive_v1",
    "tenant_key": "1aa0fbb1ff995944",
    "app_id": "cli_a94fc9a45978de17"
  },
  "event": {
    "sender": {
      "sender_id": {
        "user_id": "adaaf873",
        "open_id": "ou_667e83f2936ba15a84513bd4cf60c262",
        "union_id": "on_786ce923e717aa97f77720e7de0adb3f"
      },
      "sender_type": "user",
      "tenant_key": "1aa0fbb1ff995944"
    },
    "message": {
      "message_id": "om_x100b507062dfbca4eea29c76aca08fb",
      "create_time": "1777615553203",
      "update_time": "1777615553203",
      "chat_id": "oc_1a69bd0b7709507918dd2a27852c5ea2",
      "chat_type": "p2p",
      "message_type": "text",
      "content": "{\"text\":\"2\"}",
      "user_agent": "Mozilla/5.0 (Linux; Android 13; 23013RK75C Build/TKQ1.220905.001; wv) AppleWebKit/537.36 (KHTML, like Gecko) Version/4.0 Chrome/120.0.6099.144 Mobile Safari/537.36 Lark/7.64.5 LarkLocale/zh_CN ChannelName/Lark appid/1664; appname/Lark; ttnet SDK-Version/7.64.13"
    }
  }
}
{
  "schema": "2.0",
  "header": {
    "event_id": "93ad005b0f7b564f9094c4e9c35b71ea",
    "token": "",
    "create_time": "1777615553439",
    "event_type": "im.message.receive_v1",
    "tenant_key": "1aa0fbb1ff995944",
    "app_id": "cli_a94fc9a45978de17"
  },
  "event": {
    "sender": {
      "sender_id": {
        "user_id": "adaaf873",
        "open_id": "ou_667e83f2936ba15a84513bd4cf60c262",
        "union_id": "on_786ce923e717aa97f77720e7de0adb3f"
      },
      "sender_type": "user",
      "tenant_key": "1aa0fbb1ff995944"
    },
    "message": {
      "message_id": "om_x100b507062dfbca4eea29c76aca08fb",
      "create_time": "1777615553203",
      "update_time": "1777615553203",
      "chat_id": "oc_1a69bd0b7709507918dd2a27852c5ea2",
      "chat_type": "p2p",
      "message_type": "text",
      "content": "{\"text\":\"2\"}",
      "user_agent": "Mozilla/5.0 (Linux; Android 13; 23013RK75C Build/TKQ1.220905.001; wv) AppleWebKit/537.36 (KHTML, like Gecko) Version/4.0 Chrome/120.0.6099.144 Mobile Safari/537.36 Lark/7.64.5 LarkLocale/zh_CN ChannelName/Lark appid/1664; appname/Lark; ttnet SDK-Version/7.64.13"
    }
  }
}
{
  "schema": "2.0",
  "header": {
    "event_id": "93a50ceed13d7bd54f92be6390cd5211",
    "token": "",
    "create_time": "1777636138037",
    "event_type": "im.message.receive_v1",
    "tenant_key": "1aa0fbb1ff995944",
    "app_id": "cli_a94fc9a45978de17"
  },
  "event": {
    "sender": {
      "sender_id": {
        "user_id": "adaaf873",
        "open_id": "ou_667e83f2936ba15a84513bd4cf60c262",
        "union_id": "on_786ce923e717aa97f77720e7de0adb3f"
      },
      "sender_type": "user",
      "tenant_key": "1aa0fbb1ff995944"
    },
    "message": {
      "message_id": "om_x100b507d7c5630a0ee7e2b046a9c4c6",
      "create_time": "1777636137806",
      "update_time": "1777636137806",
      "chat_id": "oc_1a69bd0b7709507918dd2a27852c5ea2",
      "chat_type": "p2p",
      "message_type": "text",
      "content": "{\"text\":\"结果如何\"}",
      "user_agent": "Mozilla/5.0 (Linux; Android 13; 23013RK75C Build/TKQ1.220905.001; wv) AppleWebKit/537.36 (KHTML, like Gecko) Version/4.0 Chrome/120.0.6099.144 Mobile Safari/537.36 Lark/7.64.5 LarkLocale/zh_CN ChannelName/Lark appid/1664; appname/Lark; ttnet SDK-Version/7.64.13"
    }
  }
}
{
  "schema": "2.0",
  "header": {
    "event_id": "93a50ceed13d7bd54f92be6390cd5211",
    "token": "",
    "create_time": "1777636138037",
    "event_type": "im.message.receive_v1",
    "tenant_key": "1aa0fbb1ff995944",
    "app_id": "cli_a94fc9a45978de17"
  },
  "event": {
    "sender": {
      "sender_id": {
        "user_id": "adaaf873",
        "open_id": "ou_667e83f2936ba15a84513bd4cf60c262",
        "union_id": "on_786ce923e717aa97f77720e7de0adb3f"
      },
      "sender_type": "user",
      "tenant_key": "1aa0fbb1ff995944"
    },
    "message": {
      "message_id": "om_x100b507d7c5630a0ee7e2b046a9c4c6",
      "create_time": "1777636137806",
      "update_time": "1777636137806",
      "chat_id": "oc_1a69bd0b7709507918dd2a27852c5ea2",
      "chat_type": "p2p",
      "message_type": "text",
      "content": "{\"text\":\"结果如何\"}",
      "user_agent": "Mozilla/5.0 (Linux; Android 13; 23013RK75C Build/TKQ1.220905.001; wv) AppleWebKit/537.36 (KHTML, like Gecko) Version/4.0 Chrome/120.0.6099.144 Mobile Safari/537.36 Lark/7.64.5 LarkLocale/zh_CN ChannelName/Lark appid/1664; appname/Lark; ttnet SDK-Version/7.64.13"
    }
  }
}
