[2026-06-14 06:53:04.210 +00:00] [INF] [4] Emby.Server.Implementations.AppBase.BaseConfigurationManager: Setting cache path: "/cache"
[2026-06-14 06:53:04.386 +00:00] [INF] [11] Jellyfin.Server.ServerSetupApp.SetupServer: Kestrel is listening on "0.0.0.0"
[2026-06-14 06:53:04.435 +00:00] [INF] [11] Main: Jellyfin version: "10.11.10"
[2026-06-14 06:53:04.438 +00:00] [INF] [11] Main: Environment Variables: ["[JELLYFIN_DATA_DIR, /config]", "[JELLYFIN_FFMPEG, /usr/lib/jellyfin-ffmpeg/ffmpeg]", "[JELLYFIN_LOG_DIR, /config/log]", "[JELLYFIN_CONFIG_DIR, /config/config]", "[JELLYFIN_CACHE_DIR, /cache]", "[JELLYFIN_WEB_DIR, /jellyfin/jellyfin-web]"]
[2026-06-14 06:53:04.441 +00:00] [INF] [11] Main: Arguments: ["/jellyfin/jellyfin.dll"]
[2026-06-14 06:53:04.441 +00:00] [INF] [11] Main: Operating system: "Debian GNU/Linux 13 (trixie)"
[2026-06-14 06:53:04.441 +00:00] [INF] [11] Main: Architecture: X64
[2026-06-14 06:53:04.442 +00:00] [INF] [11] Main: 64-Bit Process: True
[2026-06-14 06:53:04.442 +00:00] [INF] [11] Main: User Interactive: True
[2026-06-14 06:53:04.442 +00:00] [INF] [11] Main: Processor count: 8
[2026-06-14 06:53:04.442 +00:00] [INF] [11] Main: Program data path: "/config"
[2026-06-14 06:53:04.442 +00:00] [INF] [11] Main: Log directory path: "/config/log"
[2026-06-14 06:53:04.442 +00:00] [INF] [11] Main: Config directory path: "/config/config"
[2026-06-14 06:53:04.442 +00:00] [INF] [11] Main: Cache path: "/cache"
[2026-06-14 06:53:04.442 +00:00] [INF] [11] Main: Temp directory path: "/tmp/jellyfin"
[2026-06-14 06:53:04.442 +00:00] [INF] [11] Main: Web resources path: "/jellyfin/jellyfin-web"
[2026-06-14 06:53:04.442 +00:00] [INF] [11] Main: Application directory: "/jellyfin/"
[2026-06-14 06:53:04.451 +00:00] [INF] [11] Jellyfin.Server.Startup: Storage path `"/config/data"` (Fixed) successfully checked with "15.5GiB" free which is over the minimum of "2GiB".
[2026-06-14 06:53:04.451 +00:00] [INF] [11] Jellyfin.Server.Startup: Storage path `"/cache"` (Fixed) successfully checked with "15.5GiB" free which is over the minimum of "2GiB".
[2026-06-14 06:53:04.451 +00:00] [INF] [11] Jellyfin.Server.Startup: Storage path `"/config"` (Fixed) successfully checked with "15.5GiB" free which is over the minimum of "2GiB".
[2026-06-14 06:53:04.472 +00:00] [INF] [11] Emby.Server.Implementations.AppBase.BaseConfigurationManager: Setting cache path: "/cache"
[2026-06-14 06:53:04.501 +00:00] [INF] [11] Jellyfin.Database.Providers.Sqlite.SqliteDatabaseProvider: SQLite connection string: "Data Source=/config/data/jellyfin.db;Cache=Default;Default Timeout=30;Pooling=True"
[2026-06-14 06:53:04.504 +00:00] [INF] [11] Jellyfin.Database.Providers.Sqlite.SqliteDatabaseProvider: SQLITE connection pragma command set to: 
"PRAGMA locking_mode=NORMAL;
PRAGMA journal_size_limit=134217728;
PRAGMA synchronous=1;
PRAGMA temp_store=2;
"
[2026-06-14 06:53:04.504 +00:00] [INF] [11] Jellyfin.Database.Implementations.Locking.NoLockBehavior: The database locking mode has been set to: NoLock.
[2026-06-14 06:53:04.519 +00:00] [INF] [11] Jellyfin.Server.Migrations.JellyfinMigrationService: Initialise Migration service.
[2026-06-14 06:53:04.520 +00:00] [INF] [11] Jellyfin.Server.Migrations.JellyfinMigrationService: System initialisation detected. Seed data.
[2026-06-14 06:53:05.406 +00:00] [INF] [11] Jellyfin.Server.Migrations.JellyfinMigrationService: Seed migration null-"UpdateNormalizedUsername".
[2026-06-14 06:53:05.415 +00:00] [INF] [11] Jellyfin.Server.Migrations.JellyfinMigrationService: Seed migration null-"CleanMusicArtist".
[2026-06-14 06:53:05.416 +00:00] [INF] [11] Jellyfin.Server.Migrations.JellyfinMigrationService: Seed migration ef103419-8451-40d8-9f34-d1a8e93a1679-"CreateUserLoggingConfigFile".
[2026-06-14 06:53:05.421 +00:00] [INF] [11] Jellyfin.Server.Migrations.JellyfinMigrationService: Seed migration 4124c2cd-e939-4ffb-9be9-9b311c413638-"DisableTranscodingThrottling".
[2026-06-14 06:53:05.422 +00:00] [INF] [11] Jellyfin.Server.Migrations.JellyfinMigrationService: Seed migration cf6fabc2-9fbe-4933-84a5-ffe52ef22a58-"FixAudioData".
[2026-06-14 06:53:05.422 +00:00] [INF] [11] Jellyfin.Server.Migrations.JellyfinMigrationService: Seed migration null-"FixDates".
[2026-06-14 06:53:05.422 +00:00] [INF] [11] Jellyfin.Server.Migrations.JellyfinMigrationService: Seed migration null-"FixLibrarySubtitleDownloadLanguages".
[2026-06-14 06:53:05.423 +00:00] [INF] [11] Jellyfin.Server.Migrations.JellyfinMigrationService: Seed migration 615dfa9e-2497-4dbb-a472-61938b752c5b-"FixPlaylistOwner".
[2026-06-14 06:53:05.423 +00:00] [INF] [11] Jellyfin.Server.Migrations.JellyfinMigrationService: Seed migration 3793eb59-bc8c-456c-8b9f-bd5a62a42978-"MigrateActivityLogDb".
[2026-06-14 06:53:05.423 +00:00] [INF] [11] Jellyfin.Server.Migrations.JellyfinMigrationService: Seed migration 5bd72f41-e6f3-4f60-90aa-09869abe0e22-"MigrateAuthenticationDb".
[2026-06-14 06:53:05.423 +00:00] [INF] [11] Jellyfin.Server.Migrations.JellyfinMigrationService: Seed migration 06387815-c3cc-421f-a888-fb5f9992bea8-"MigrateDisplayPreferencesDb".
[2026-06-14 06:53:05.424 +00:00] [INF] [11] Jellyfin.Server.Migrations.JellyfinMigrationService: Seed migration null-"MigrateKeyframeData".
[2026-06-14 06:53:05.424 +00:00] [INF] [11] Jellyfin.Server.Migrations.JellyfinMigrationService: Seed migration null-"MigrateLibraryDb".
[2026-06-14 06:53:05.424 +00:00] [INF] [11] Jellyfin.Server.Migrations.JellyfinMigrationService: Seed migration null-"MigrateLibraryDbCompatibilityCheck".
[2026-06-14 06:53:05.425 +00:00] [INF] [11] Jellyfin.Server.Migrations.JellyfinMigrationService: Seed migration null-"MigrateLibraryUserData".
[2026-06-14 06:53:05.425 +00:00] [INF] [11] Jellyfin.Server.Migrations.JellyfinMigrationService: Seed migration null-"MigrateRatingLevels".
[2026-06-14 06:53:05.425 +00:00] [INF] [11] Jellyfin.Server.Migrations.JellyfinMigrationService: Seed migration 5c4b82a2-f053-4009-bd05-b6fcad82f14c-"MigrateUserDb".
[2026-06-14 06:53:05.425 +00:00] [INF] [11] Jellyfin.Server.Migrations.JellyfinMigrationService: Seed migration null-"MoveExtractedFiles".
[2026-06-14 06:53:05.426 +00:00] [INF] [11] Jellyfin.Server.Migrations.JellyfinMigrationService: Seed migration null-"RefreshInternalDateModified".
[2026-06-14 06:53:05.426 +00:00] [INF] [11] Jellyfin.Server.Migrations.JellyfinMigrationService: Seed migration a81f75e0-8f43-416f-a5e8-516ccab4d8cc-"RemoveDownloadImagesInAdvance".
[2026-06-14 06:53:05.426 +00:00] [INF] [11] Jellyfin.Server.Migrations.JellyfinMigrationService: Seed migration acbe17b7-8435-4a83-8b64-6fcf162cb9bd-"RemoveDuplicateExtras".
[2026-06-14 06:53:05.426 +00:00] [INF] [11] Jellyfin.Server.Migrations.JellyfinMigrationService: Seed migration 96c156a2-7a13-4b3b-a8b8-fb80c94d20c0-"RemoveDuplicatePlaylistChildren".
[2026-06-14 06:53:05.427 +00:00] [INF] [11] Jellyfin.Server.Migrations.JellyfinMigrationService: Seed migration null-"ReseedFolderFlag".
[2026-06-14 06:53:05.427 +00:00] [INF] [11] Jellyfin.Server.Migrations.JellyfinMigrationService: Seed migration 9b354818-94d5-4b68-ac49-e35cb85f9d84-"CreateNetworkConfiguration".
[2026-06-14 06:53:05.427 +00:00] [INF] [11] Jellyfin.Server.Migrations.JellyfinMigrationService: Seed migration a8e61960-7726-4450-8f3d-82c12daabbcb-"MigrateEncodingOptions".
[2026-06-14 06:53:05.427 +00:00] [INF] [11] Jellyfin.Server.Migrations.JellyfinMigrationService: Seed migration a6dcacf4-c057-4ef9-80d3-61cef9ddb4f0-"MigrateMusicBrainzTimeout".
[2026-06-14 06:53:05.428 +00:00] [INF] [11] Jellyfin.Server.Migrations.JellyfinMigrationService: Seed migration 4fb5c950-1991-11ee-9b4b-0800200c9a66-"MigrateNetworkConfiguration".
[2026-06-14 06:53:05.428 +00:00] [INF] [11] Jellyfin.Server.Migrations.JellyfinMigrationService: Seed migration e73b777d-cd5c-4e71-957a-b86b3660b7cf-"RenameEnableGroupingIntoCollections".
[2026-06-14 06:53:05.437 +00:00] [INF] [11] Jellyfin.Server.Migrations.JellyfinMigrationService: Migration system initialisation completed.
[2026-06-14 06:53:05.445 +00:00] [INF] [11] Jellyfin.Server.Migrations.JellyfinMigrationService: There are 0 migrations for stage PreInitialisation.
[2026-06-14 06:53:05.450 +00:00] [INF] [11] Emby.Server.Implementations.AppBase.BaseConfigurationManager: Setting cache path: "/cache"
[2026-06-14 06:53:05.455 +00:00] [INF] [11] Emby.Server.Implementations.ApplicationHost: Loading assemblies
[2026-06-14 06:53:05.471 +00:00] [INF] [11] Jellyfin.Networking.Manager.NetworkManager: Defined LAN subnets: ["127.0.0.1/8", "10.0.0.0/8", "172.16.0.0/12", "192.168.0.0/16"]
[2026-06-14 06:53:05.471 +00:00] [INF] [11] Jellyfin.Networking.Manager.NetworkManager: Defined LAN exclusions: []
[2026-06-14 06:53:05.471 +00:00] [INF] [11] Jellyfin.Networking.Manager.NetworkManager: Used LAN subnets: ["127.0.0.1/8", "10.0.0.0/8", "172.16.0.0/12", "192.168.0.0/16"]
[2026-06-14 06:53:05.472 +00:00] [INF] [11] Jellyfin.Networking.Manager.NetworkManager: Filtered interface addresses: ["127.0.0.1", "172.17.0.2"]
[2026-06-14 06:53:05.472 +00:00] [INF] [11] Jellyfin.Networking.Manager.NetworkManager: Bind Addresses ["0.0.0.0"]
[2026-06-14 06:53:05.472 +00:00] [INF] [11] Jellyfin.Networking.Manager.NetworkManager: Remote IP filter is "Allowlist"
[2026-06-14 06:53:05.472 +00:00] [INF] [11] Jellyfin.Networking.Manager.NetworkManager: Filtered subnets: []
[2026-06-14 06:53:05.502 +00:00] [INF] [11] Jellyfin.Database.Providers.Sqlite.SqliteDatabaseProvider: SQLite connection string: "Data Source=/config/data/jellyfin.db;Cache=Default;Default Timeout=30;Pooling=True"
[2026-06-14 06:53:05.502 +00:00] [INF] [11] Jellyfin.Database.Providers.Sqlite.SqliteDatabaseProvider: SQLITE connection pragma command set to: 
"PRAGMA locking_mode=NORMAL;
PRAGMA journal_size_limit=134217728;
PRAGMA synchronous=1;
PRAGMA temp_store=2;
"
[2026-06-14 06:53:05.502 +00:00] [INF] [11] Jellyfin.Database.Implementations.Locking.NoLockBehavior: The database locking mode has been set to: NoLock.
[2026-06-14 06:53:05.504 +00:00] [INF] [11] Main: Prepare system for possible migrations
[2026-06-14 06:53:05.519 +00:00] [INF] [11] Main: A migration will attempt to modify the jellyfin.db, will attempt to backup the file now.
[2026-06-14 06:53:05.520 +00:00] [INF] [11] Main: Jellyfin database has been backed up as "20260614065305"
[2026-06-14 06:53:05.521 +00:00] [INF] [11] Jellyfin.Server.Migrations.JellyfinMigrationService: There are 0 migrations for stage CoreInitialisation.
[2026-06-14 06:53:05.522 +00:00] [INF] [11] InternalDatabaseMigration: Perform migration "20200514181226_AddActivityLog"
[2026-06-14 06:53:05.541 +00:00] [INF] [11] InternalDatabaseMigration: Migration "20200514181226_AddActivityLog" was successfully applied
[2026-06-14 06:53:05.541 +00:00] [INF] [11] InternalDatabaseMigration: Perform migration "20200613202153_AddUsers"
[2026-06-14 06:53:05.559 +00:00] [INF] [11] InternalDatabaseMigration: Migration "20200613202153_AddUsers" was successfully applied
[2026-06-14 06:53:05.559 +00:00] [INF] [11] InternalDatabaseMigration: Perform migration "20200728005145_AddDisplayPreferences"
[2026-06-14 06:53:05.568 +00:00] [INF] [11] InternalDatabaseMigration: Migration "20200728005145_AddDisplayPreferences" was successfully applied
[2026-06-14 06:53:05.568 +00:00] [INF] [11] InternalDatabaseMigration: Perform migration "20200905220533_FixDisplayPreferencesIndex"
[2026-06-14 06:53:05.572 +00:00] [INF] [11] InternalDatabaseMigration: Migration "20200905220533_FixDisplayPreferencesIndex" was successfully applied
[2026-06-14 06:53:05.572 +00:00] [INF] [11] InternalDatabaseMigration: Perform migration "20201004171403_AddMaxActiveSessions"
[2026-06-14 06:53:05.578 +00:00] [INF] [11] InternalDatabaseMigration: Migration "20201004171403_AddMaxActiveSessions" was successfully applied
[2026-06-14 06:53:05.578 +00:00] [INF] [11] InternalDatabaseMigration: Perform migration "20201204223655_AddCustomDisplayPreferences"
[2026-06-14 06:53:05.589 +00:00] [INF] [11] InternalDatabaseMigration: Migration "20201204223655_AddCustomDisplayPreferences" was successfully applied
[2026-06-14 06:53:05.589 +00:00] [INF] [11] InternalDatabaseMigration: Perform migration "20210320181425_AddIndexesAndCollations"
[2026-06-14 06:53:05.598 +00:00] [WRN] [11] Microsoft.EntityFrameworkCore.Migrations: An operation of type '"SqlOperation"' will be attempted while a rebuild of table '"ImageInfos"' is pending. The database may not be in an expected state. Review the SQL generated by this migration to help diagnose any failures. Consider moving these operations to a subsequent migration.
[2026-06-14 06:53:05.598 +00:00] [WRN] [11] Microsoft.EntityFrameworkCore.Migrations: An operation of type '"SqlOperation"' will be attempted while a rebuild of table '"ImageInfos"' is pending. The database may not be in an expected state. Review the SQL generated by this migration to help diagnose any failures. Consider moving these operations to a subsequent migration.
[2026-06-14 06:53:05.599 +00:00] [WRN] [11] Microsoft.EntityFrameworkCore.Migrations: An operation of type '"SqlOperation"' will be attempted while a rebuild of table '"Permissions"' is pending. The database may not be in an expected state. Review the SQL generated by this migration to help diagnose any failures. Consider moving these operations to a subsequent migration.
[2026-06-14 06:53:05.599 +00:00] [WRN] [11] Microsoft.EntityFrameworkCore.Migrations: An operation of type '"SqlOperation"' will be attempted while a rebuild of table '"Permissions"' is pending. The database may not be in an expected state. Review the SQL generated by this migration to help diagnose any failures. Consider moving these operations to a subsequent migration.
[2026-06-14 06:53:05.599 +00:00] [WRN] [11] Microsoft.EntityFrameworkCore.Migrations: An operation of type '"SqlOperation"' will be attempted while a rebuild of table '"Preferences"' is pending. The database may not be in an expected state. Review the SQL generated by this migration to help diagnose any failures. Consider moving these operations to a subsequent migration.
[2026-06-14 06:53:05.599 +00:00] [WRN] [11] Microsoft.EntityFrameworkCore.Migrations: An operation of type '"SqlOperation"' will be attempted while a rebuild of table '"Preferences"' is pending. The database may not be in an expected state. Review the SQL generated by this migration to help diagnose any failures. Consider moving these operations to a subsequent migration.
[2026-06-14 06:53:05.600 +00:00] [WRN] [11] Microsoft.EntityFrameworkCore.Migrations: An operation of type '"SqlOperation"' will be attempted while a rebuild of table '"Users"' is pending. The database may not be in an expected state. Review the SQL generated by this migration to help diagnose any failures. Consider moving these operations to a subsequent migration.
[2026-06-14 06:53:05.600 +00:00] [WRN] [11] Microsoft.EntityFrameworkCore.Migrations: An operation of type '"SqlOperation"' will be attempted while a rebuild of table '"Users"' is pending. The database may not be in an expected state. Review the SQL generated by this migration to help diagnose any failures. Consider moving these operations to a subsequent migration.
[2026-06-14 06:53:05.606 +00:00] [INF] [11] InternalDatabaseMigration: Migration "20210320181425_AddIndexesAndCollations" was successfully applied
[2026-06-14 06:53:05.606 +00:00] [INF] [11] InternalDatabaseMigration: Perform migration "20210407110544_NullableCustomPrefValue"
[2026-06-14 06:53:05.613 +00:00] [INF] [11] InternalDatabaseMigration: Migration "20210407110544_NullableCustomPrefValue" was successfully applied
[2026-06-14 06:53:05.613 +00:00] [INF] [11] InternalDatabaseMigration: Perform migration "20210814002109_AddDevices"
[2026-06-14 06:53:05.619 +00:00] [INF] [11] InternalDatabaseMigration: Migration "20210814002109_AddDevices" was successfully applied
[2026-06-14 06:53:05.619 +00:00] [INF] [11] InternalDatabaseMigration: Perform migration "20221022080052_AddIndexActivityLogsDateCreated"
[2026-06-14 06:53:05.624 +00:00] [INF] [11] InternalDatabaseMigration: Migration "20221022080052_AddIndexActivityLogsDateCreated" was successfully applied
[2026-06-14 06:53:05.624 +00:00] [INF] [11] InternalDatabaseMigration: Perform migration "20230526173516_RemoveEasyPassword"
[2026-06-14 06:53:05.633 +00:00] [INF] [11] InternalDatabaseMigration: Migration "20230526173516_RemoveEasyPassword" was successfully applied
[2026-06-14 06:53:05.633 +00:00] [INF] [11] InternalDatabaseMigration: Perform migration "20230626233818_AddTrickplayInfos"
[2026-06-14 06:53:05.638 +00:00] [INF] [11] InternalDatabaseMigration: Migration "20230626233818_AddTrickplayInfos" was successfully applied
[2026-06-14 06:53:05.639 +00:00] [INF] [11] InternalDatabaseMigration: Perform migration "20230923170422_UserCastReceiver"
[2026-06-14 06:53:05.644 +00:00] [INF] [11] InternalDatabaseMigration: Migration "20230923170422_UserCastReceiver" was successfully applied
[2026-06-14 06:53:05.644 +00:00] [INF] [11] InternalDatabaseMigration: Perform migration "20240729140605_AddMediaSegments"
[2026-06-14 06:53:05.649 +00:00] [INF] [11] InternalDatabaseMigration: Migration "20240729140605_AddMediaSegments" was successfully applied
[2026-06-14 06:53:05.649 +00:00] [INF] [11] InternalDatabaseMigration: Perform migration "20240928082930_MarkSegmentProviderIdNonNullable"
[2026-06-14 06:53:05.657 +00:00] [INF] [11] InternalDatabaseMigration: Migration "20240928082930_MarkSegmentProviderIdNonNullable" was successfully applied
[2026-06-14 06:53:05.657 +00:00] [INF] [11] InternalDatabaseMigration: Perform migration "20241020103111_LibraryDbMigration"
[2026-06-14 06:53:05.687 +00:00] [INF] [11] InternalDatabaseMigration: Migration "20241020103111_LibraryDbMigration" was successfully applied
[2026-06-14 06:53:05.687 +00:00] [INF] [11] InternalDatabaseMigration: Perform migration "20241111131257_AddedCustomDataKey"
[2026-06-14 06:53:05.697 +00:00] [INF] [11] InternalDatabaseMigration: Migration "20241111131257_AddedCustomDataKey" was successfully applied
[2026-06-14 06:53:05.697 +00:00] [INF] [11] InternalDatabaseMigration: Perform migration "20241111135439_AddedCustomDataKeyKey"
[2026-06-14 06:53:05.717 +00:00] [INF] [11] InternalDatabaseMigration: Migration "20241111135439_AddedCustomDataKeyKey" was successfully applied
[2026-06-14 06:53:05.717 +00:00] [INF] [11] InternalDatabaseMigration: Perform migration "20241112152323_FixAncestorIdConfig"
[2026-06-14 06:53:05.738 +00:00] [INF] [11] InternalDatabaseMigration: Migration "20241112152323_FixAncestorIdConfig" was successfully applied
[2026-06-14 06:53:05.738 +00:00] [INF] [11] InternalDatabaseMigration: Perform migration "20241112232041_FixMediaStreams"
[2026-06-14 06:53:05.759 +00:00] [INF] [11] InternalDatabaseMigration: Migration "20241112232041_FixMediaStreams" was successfully applied
[2026-06-14 06:53:05.759 +00:00] [INF] [11] InternalDatabaseMigration: Perform migration "20241112234144_FixMediaStreams2"
[2026-06-14 06:53:05.781 +00:00] [INF] [11] InternalDatabaseMigration: Migration "20241112234144_FixMediaStreams2" was successfully applied
[2026-06-14 06:53:05.782 +00:00] [INF] [11] InternalDatabaseMigration: Perform migration "20241113133548_EnforceUniqueItemValue"
[2026-06-14 06:53:05.792 +00:00] [INF] [11] InternalDatabaseMigration: Migration "20241113133548_EnforceUniqueItemValue" was successfully applied
[2026-06-14 06:53:05.792 +00:00] [INF] [11] InternalDatabaseMigration: Perform migration "20250202021306_FixedCollation"
[2026-06-14 06:53:05.810 +00:00] [INF] [11] InternalDatabaseMigration: Migration "20250202021306_FixedCollation" was successfully applied
[2026-06-14 06:53:05.810 +00:00] [INF] [11] InternalDatabaseMigration: Perform migration "20250204092455_MakeStartEndDateNullable"
[2026-06-14 06:53:05.832 +00:00] [INF] [11] InternalDatabaseMigration: Migration "20250204092455_MakeStartEndDateNullable" was successfully applied
[2026-06-14 06:53:05.832 +00:00] [INF] [11] InternalDatabaseMigration: Perform migration "20250214031148_ChannelIdGuid"
[2026-06-14 06:53:05.842 +00:00] [INF] [11] InternalDatabaseMigration: Migration "20250214031148_ChannelIdGuid" was successfully applied
[2026-06-14 06:53:05.842 +00:00] [INF] [11] InternalDatabaseMigration: Perform migration "20250326065026_AddInheritedParentalRatingSubValue"
[2026-06-14 06:53:05.855 +00:00] [INF] [11] InternalDatabaseMigration: Migration "20250326065026_AddInheritedParentalRatingSubValue" was successfully applied
[2026-06-14 06:53:05.855 +00:00] [INF] [11] InternalDatabaseMigration: Perform migration "20250327101120_AddKeyframeData"
[2026-06-14 06:53:05.867 +00:00] [INF] [11] InternalDatabaseMigration: Migration "20250327101120_AddKeyframeData" was successfully applied
[2026-06-14 06:53:05.867 +00:00] [INF] [11] InternalDatabaseMigration: Perform migration "20250327171413_AddHdr10PlusFlag"
[2026-06-14 06:53:05.878 +00:00] [INF] [11] InternalDatabaseMigration: Migration "20250327171413_AddHdr10PlusFlag" was successfully applied
[2026-06-14 06:53:05.878 +00:00] [INF] [11] InternalDatabaseMigration: Perform migration "20250331182844_FixAttachmentMigration"
[2026-06-14 06:53:05.898 +00:00] [INF] [11] InternalDatabaseMigration: Migration "20250331182844_FixAttachmentMigration" was successfully applied
[2026-06-14 06:53:05.898 +00:00] [INF] [11] InternalDatabaseMigration: Perform migration "20250401142247_FixAncestors"
[2026-06-14 06:53:05.908 +00:00] [INF] [11] InternalDatabaseMigration: Migration "20250401142247_FixAncestors" was successfully applied
[2026-06-14 06:53:05.908 +00:00] [INF] [11] InternalDatabaseMigration: Perform migration "20250405075612_FixItemValuesIndices"
[2026-06-14 06:53:05.919 +00:00] [INF] [11] InternalDatabaseMigration: Migration "20250405075612_FixItemValuesIndices" was successfully applied
[2026-06-14 06:53:05.919 +00:00] [INF] [11] InternalDatabaseMigration: Perform migration "20250609115616_DetachUserDataInsteadOfDelete"
[2026-06-14 06:53:05.942 +00:00] [INF] [11] InternalDatabaseMigration: Migration "20250609115616_DetachUserDataInsteadOfDelete" was successfully applied
[2026-06-14 06:53:05.942 +00:00] [INF] [11] InternalDatabaseMigration: Perform migration "20250622170802_BaseItemImageInfoDateModifiedNullable"
[2026-06-14 06:53:05.963 +00:00] [INF] [11] InternalDatabaseMigration: Migration "20250622170802_BaseItemImageInfoDateModifiedNullable" was successfully applied
[2026-06-14 06:53:05.964 +00:00] [INF] [11] InternalDatabaseMigration: Perform migration "20250714044826_ResetJournalMode"
[2026-06-14 06:53:05.975 +00:00] [INF] [11] InternalDatabaseMigration: Migration "20250714044826_ResetJournalMode" was successfully applied
[2026-06-14 06:53:05.975 +00:00] [INF] [11] InternalDatabaseMigration: Perform migration "20250913211637_AddProperParentChildRelationBaseItemWithCascade"
[2026-06-14 06:53:06.000 +00:00] [INF] [11] InternalDatabaseMigration: Migration "20250913211637_AddProperParentChildRelationBaseItemWithCascade" was successfully applied
[2026-06-14 06:53:06.000 +00:00] [INF] [11] InternalDatabaseMigration: Perform migration "20250925203415_ExtendPeopleMapKey"
[2026-06-14 06:53:06.020 +00:00] [INF] [11] InternalDatabaseMigration: Migration "20250925203415_ExtendPeopleMapKey" was successfully applied
[2026-06-14 06:53:06.020 +00:00] [INF] [11] InternalDatabaseMigration: Perform migration "20260522092303_AddNormalizedUsername"
[2026-06-14 06:53:06.032 +00:00] [INF] [11] InternalDatabaseMigration: Migration "20260522092303_AddNormalizedUsername" was successfully applied
[2026-06-14 06:53:06.032 +00:00] [INF] [11] InternalDatabaseMigration: Perform migration "20260524120336_AddUniqueNormalizedUsernameIndex"
[2026-06-14 06:53:06.043 +00:00] [INF] [11] InternalDatabaseMigration: Migration "20260524120336_AddUniqueNormalizedUsernameIndex" was successfully applied
[2026-06-14 06:53:06.143 +00:00] [INF] [11] Emby.Server.Implementations.AppBase.BaseConfigurationManager: Saving system configuration
[2026-06-14 06:53:06.144 +00:00] [INF] [11] Emby.Server.Implementations.AppBase.BaseConfigurationManager: Setting cache path: "/cache"
[2026-06-14 06:53:06.146 +00:00] [INF] [11] Emby.Server.Implementations.Plugins.PluginManager: Loaded plugin: "TMDb" "10.11.10.0"
[2026-06-14 06:53:06.146 +00:00] [INF] [11] Emby.Server.Implementations.Plugins.PluginManager: Loaded plugin: "Studio Images" "10.11.10.0"
[2026-06-14 06:53:06.146 +00:00] [INF] [11] Emby.Server.Implementations.Plugins.PluginManager: Loaded plugin: "OMDb" "10.11.10.0"
[2026-06-14 06:53:06.151 +00:00] [INF] [11] Emby.Server.Implementations.Plugins.PluginManager: Loaded plugin: "MusicBrainz" "10.11.10.0"
[2026-06-14 06:53:06.151 +00:00] [INF] [11] Emby.Server.Implementations.Plugins.PluginManager: Loaded plugin: "AudioDB" "10.11.10.0"
[2026-06-14 06:53:06.169 +00:00] [INF] [11] Jellyfin.Server.Migrations.JellyfinMigrationService: There are 5 migrations for stage AppInitialisation.
[2026-06-14 06:53:06.169 +00:00] [INF] [11] InternalCodeMigration: Perform migration "20250420090000_AddDefaultPluginRepository"
[2026-06-14 06:53:06.170 +00:00] [INF] [11] Emby.Server.Implementations.AppBase.BaseConfigurationManager: Saving system configuration
[2026-06-14 06:53:06.170 +00:00] [INF] [11] Emby.Server.Implementations.AppBase.BaseConfigurationManager: Setting cache path: "/cache"
[2026-06-14 06:53:06.170 +00:00] [INF] [11] InternalCodeMigration: Migration "20250420090000_AddDefaultPluginRepository" was successfully applied
[2026-06-14 06:53:06.170 +00:00] [INF] [11] InternalCodeMigration: Perform migration "20250420110000_ReaddDefaultPluginRepository"
[2026-06-14 06:53:06.171 +00:00] [INF] [11] InternalCodeMigration: Migration "20250420110000_ReaddDefaultPluginRepository" was successfully applied
[2026-06-14 06:53:06.171 +00:00] [INF] [11] InternalCodeMigration: Perform migration "20250420160000_AddDefaultCastReceivers"
[2026-06-14 06:53:06.171 +00:00] [INF] [11] Emby.Server.Implementations.AppBase.BaseConfigurationManager: Saving system configuration
[2026-06-14 06:53:06.176 +00:00] [INF] [11] Emby.Server.Implementations.AppBase.BaseConfigurationManager: Setting cache path: "/cache"
[2026-06-14 06:53:06.177 +00:00] [INF] [11] InternalCodeMigration: Migration "20250420160000_AddDefaultCastReceivers" was successfully applied
[2026-06-14 06:53:06.177 +00:00] [INF] [11] InternalCodeMigration: Perform migration "20250420170000_UpdateDefaultPluginRepository"
[2026-06-14 06:53:06.177 +00:00] [INF] [11] Emby.Server.Implementations.AppBase.BaseConfigurationManager: Saving system configuration
[2026-06-14 06:53:06.177 +00:00] [INF] [11] Emby.Server.Implementations.AppBase.BaseConfigurationManager: Setting cache path: "/cache"
[2026-06-14 06:53:06.177 +00:00] [INF] [11] InternalCodeMigration: Migration "20250420170000_UpdateDefaultPluginRepository" was successfully applied
[2026-06-14 06:53:06.177 +00:00] [INF] [11] InternalCodeMigration: Perform migration "20250420230000_MoveTrickplayFiles"
[2026-06-14 06:53:06.417 +00:00] [INF] [11] Jellyfin.Server.Migrations.Routines.MoveTrickplayFiles: Checked: 5000 - Moved: 0 - Time: 00:00:00.2381636
[2026-06-14 06:53:06.417 +00:00] [INF] [11] Jellyfin.Server.Migrations.Routines.MoveTrickplayFiles: Moved 0 items in 00:00:00.2389271
[2026-06-14 06:53:06.417 +00:00] [INF] [11] InternalCodeMigration: Migration "20250420230000_MoveTrickplayFiles" was successfully applied
[2026-06-14 06:53:06.418 +00:00] [INF] [11] Main: Attempt to cleanup JellyfinDb backup.
[2026-06-14 06:53:06.476 +00:00] [INF] [6] Main: Kestrel is listening on "0.0.0.0"
[2026-06-14 06:53:06.495 +00:00] [WRN] [11] Microsoft.AspNetCore.DataProtection.KeyManagement.XmlKeyManager: No XML encryptor configured. Key {075618fb-e0ec-448d-ab28-19ef19df9c67} may be persisted to storage in unencrypted form.
[2026-06-14 06:53:06.767 +00:00] [WRN] [6] Microsoft.AspNetCore.StaticFiles.StaticFileMiddleware: The WebRootPath was not found: "/wwwroot". Static files may be unavailable.
[2026-06-14 06:53:06.996 +00:00] [INF] [6] Emby.Server.Implementations.ApplicationHost: Running startup tasks
[2026-06-14 06:53:07.001 +00:00] [INF] [6] Emby.Server.Implementations.ScheduledTasks.TaskManager: Daily trigger for "Generate Trickplay Images" set to fire at 2026-06-15 03:00:00.000 +00:00, which is 20:06:52.9982331 from now.
[2026-06-14 06:53:07.007 +00:00] [INF] [6] Emby.Server.Implementations.ScheduledTasks.TaskManager: Daily trigger for "Extract Chapter Images" set to fire at 2026-06-15 02:00:00.000 +00:00, which is 19:06:52.9923284 from now.
[2026-06-14 06:53:07.020 +00:00] [INF] [6] MediaBrowser.MediaEncoding.Encoder.MediaEncoder: Found ffmpeg version "7.1.3"
[2026-06-14 06:53:07.040 +00:00] [INF] [6] MediaBrowser.MediaEncoding.Encoder.MediaEncoder: Available "decoders": ["libdav1d", "av1", "av1_cuvid", "av1_qsv", "h264", "h264_qsv", "h264_cuvid", "hevc", "hevc_qsv", "hevc_cuvid", "mpeg2video", "mpeg2_qsv", "mpeg2_cuvid", "mpeg4", "mpeg4_cuvid", "msmpeg4", "vc1_qsv", "vc1_cuvid", "vp8", "libvpx", "vp8_cuvid", "vp8_qsv", "vp9", "libvpx-vp9", "vp9_cuvid", "vp9_qsv", "aac", "ac3", "ac4", "dca", "flac", "mp3", "truehd"]
[2026-06-14 06:53:07.051 +00:00] [INF] [6] MediaBrowser.MediaEncoding.Encoder.MediaEncoder: Available "encoders": ["libsvtav1", "av1_nvenc", "av1_qsv", "av1_amf", "av1_vaapi", "libx264", "h264_amf", "h264_nvenc", "h264_qsv", "h264_v4l2m2m", "h264_vaapi", "libx265", "hevc_amf", "hevc_nvenc", "hevc_qsv", "hevc_vaapi", "mjpeg_qsv", "mjpeg_vaapi", "aac", "libfdk_aac", "ac3", "alac", "dca", "flac", "libmp3lame", "libopus", "truehd", "libvorbis", "srt"]
[2026-06-14 06:53:07.060 +00:00] [INF] [6] MediaBrowser.MediaEncoding.Encoder.MediaEncoder: Available filters: ["bwdif_cuda", "bwdif_opencl", "deinterlace_qsv", "deinterlace_vaapi", "flip_vulkan", "hwupload_cuda", "hwupload_vaapi", "libplacebo", "overlay_opencl", "overlay_qsv", "overlay_vaapi", "overlay_vulkan", "overlay_cuda", "procamp_vaapi", "scale_cuda", "scale_opencl", "scale_qsv", "scale_vaapi", "scale_vulkan", "tonemapx", "tonemap_cuda", "tonemap_opencl", "tonemap_vaapi", "transpose_cuda", "transpose_opencl", "transpose_vaapi", "transpose_vulkan", "vpp_qsv", "yadif_cuda", "yadif_opencl", "zscale", "alphasrc"]
[2026-06-14 06:53:07.491 +00:00] [INF] [6] MediaBrowser.MediaEncoding.Encoder.MediaEncoder: Available hwaccel types: ["cuda", "vaapi", "qsv", "drm", "opencl", "vulkan"]
[2026-06-14 06:53:09.624 +00:00] [INF] [6] MediaBrowser.MediaEncoding.Encoder.MediaEncoder: FFmpeg: "/usr/lib/jellyfin-ffmpeg/ffmpeg"
[2026-06-14 06:53:09.625 +00:00] [INF] [6] Emby.Server.Implementations.ApplicationHost: ServerId: "389be4f871cd435ea45aa0d524ca6c9f"
[2026-06-14 06:53:09.625 +00:00] [INF] [6] Emby.Server.Implementations.ApplicationHost: Core startup complete
[2026-06-14 06:53:09.625 +00:00] [INF] [6] Main: Startup complete 0:00:05.8095668
[2026-06-14 06:53:10.033 +00:00] [INF] [4] Emby.Server.Implementations.ScheduledTasks.TaskManager: "Clean Transcode Directory" Completed after 0 minute(s) and 0 seconds
[2026-06-14 06:53:10.039 +00:00] [INF] [20] Emby.Server.Implementations.ScheduledTasks.TaskManager: "Clean up collections and playlists" Completed after 0 minute(s) and 0 seconds
[2026-06-14 06:53:12.667 +00:00] [INF] [10] Emby.Server.Implementations.ScheduledTasks.TaskManager: "Update Plugins" Completed after 0 minute(s) and 2 seconds
[2026-06-14 08:45:17.854 +00:00] [INF] [1] Emby.Server.Implementations.AppBase.BaseConfigurationManager: Setting cache path: "/cache"
[2026-06-14 08:45:18.170 +00:00] [INF] [7] Jellyfin.Server.ServerSetupApp.SetupServer: Kestrel is listening on "0.0.0.0"
[2026-06-14 08:45:18.246 +00:00] [INF] [7] Main: Jellyfin version: "10.11.10"
[2026-06-14 08:45:18.254 +00:00] [INF] [7] Main: Environment Variables: ["[JELLYFIN_WEB_DIR, /jellyfin/jellyfin-web]", "[JELLYFIN_CACHE_DIR, /cache]", "[JELLYFIN_CONFIG_DIR, /config/config]", "[JELLYFIN_DATA_DIR, /config]", "[JELLYFIN_FFMPEG, /usr/lib/jellyfin-ffmpeg/ffmpeg]", "[JELLYFIN_LOG_DIR, /config/log]"]
[2026-06-14 08:45:18.260 +00:00] [INF] [7] Main: Arguments: ["/jellyfin/jellyfin.dll"]
[2026-06-14 08:45:18.261 +00:00] [INF] [7] Main: Operating system: "Debian GNU/Linux 13 (trixie)"
[2026-06-14 08:45:18.261 +00:00] [INF] [7] Main: Architecture: X64
[2026-06-14 08:45:18.263 +00:00] [INF] [7] Main: 64-Bit Process: True
[2026-06-14 08:45:18.263 +00:00] [INF] [7] Main: User Interactive: True
[2026-06-14 08:45:18.263 +00:00] [INF] [7] Main: Processor count: 8
[2026-06-14 08:45:18.263 +00:00] [INF] [7] Main: Program data path: "/config"
[2026-06-14 08:45:18.263 +00:00] [INF] [7] Main: Log directory path: "/config/log"
[2026-06-14 08:45:18.263 +00:00] [INF] [7] Main: Config directory path: "/config/config"
[2026-06-14 08:45:18.263 +00:00] [INF] [7] Main: Cache path: "/cache"
[2026-06-14 08:45:18.264 +00:00] [INF] [7] Main: Temp directory path: "/tmp/jellyfin"
[2026-06-14 08:45:18.264 +00:00] [INF] [7] Main: Web resources path: "/jellyfin/jellyfin-web"
[2026-06-14 08:45:18.265 +00:00] [INF] [7] Main: Application directory: "/jellyfin/"
[2026-06-14 08:45:18.303 +00:00] [INF] [7] Jellyfin.Server.Startup: Storage path `"/config/data"` (Fixed) successfully checked with "16.2GiB" free which is over the minimum of "2GiB".
[2026-06-14 08:45:18.305 +00:00] [INF] [7] Jellyfin.Server.Startup: Storage path `"/cache"` (Fixed) successfully checked with "16.2GiB" free which is over the minimum of "2GiB".
[2026-06-14 08:45:18.305 +00:00] [INF] [7] Jellyfin.Server.Startup: Storage path `"/config"` (Fixed) successfully checked with "16.2GiB" free which is over the minimum of "2GiB".
[2026-06-14 08:45:18.316 +00:00] [INF] [7] Emby.Server.Implementations.AppBase.BaseConfigurationManager: Setting cache path: "/cache"
[2026-06-14 08:45:18.481 +00:00] [INF] [7] Jellyfin.Database.Providers.Sqlite.SqliteDatabaseProvider: SQLite connection string: "Data Source=/config/data/jellyfin.db;Cache=Default;Default Timeout=30;Pooling=True"
[2026-06-14 08:45:18.485 +00:00] [INF] [7] Jellyfin.Database.Providers.Sqlite.SqliteDatabaseProvider: SQLITE connection pragma command set to: 
"PRAGMA locking_mode=NORMAL;
PRAGMA journal_size_limit=134217728;
PRAGMA synchronous=1;
PRAGMA temp_store=2;
"
[2026-06-14 08:45:18.486 +00:00] [INF] [7] Jellyfin.Database.Implementations.Locking.NoLockBehavior: The database locking mode has been set to: NoLock.
[2026-06-14 08:45:18.526 +00:00] [INF] [7] Jellyfin.Server.Migrations.JellyfinMigrationService: Initialise Migration service.
[2026-06-14 08:45:18.527 +00:00] [INF] [7] Jellyfin.Server.Migrations.JellyfinMigrationService: System initialisation detected. Seed data.
[2026-06-14 08:45:19.281 +00:00] [INF] [7] Jellyfin.Server.Migrations.JellyfinMigrationService: Migration system initialisation completed.
[2026-06-14 08:45:19.284 +00:00] [INF] [7] Jellyfin.Server.Migrations.JellyfinMigrationService: There are 0 migrations for stage PreInitialisation.
[2026-06-14 08:45:19.288 +00:00] [INF] [7] Emby.Server.Implementations.AppBase.BaseConfigurationManager: Setting cache path: "/cache"
[2026-06-14 08:45:19.340 +00:00] [INF] [7] Emby.Server.Implementations.ApplicationHost: Loading assemblies
[2026-06-14 08:45:19.438 +00:00] [INF] [7] Jellyfin.Networking.Manager.NetworkManager: Defined LAN subnets: ["127.0.0.1/8", "10.0.0.0/8", "172.16.0.0/12", "192.168.0.0/16"]
[2026-06-14 08:45:19.439 +00:00] [INF] [7] Jellyfin.Networking.Manager.NetworkManager: Defined LAN exclusions: []
[2026-06-14 08:45:19.439 +00:00] [INF] [7] Jellyfin.Networking.Manager.NetworkManager: Used LAN subnets: ["127.0.0.1/8", "10.0.0.0/8", "172.16.0.0/12", "192.168.0.0/16"]
[2026-06-14 08:45:19.441 +00:00] [INF] [7] Jellyfin.Networking.Manager.NetworkManager: Filtered interface addresses: ["127.0.0.1", "172.17.0.2"]
[2026-06-14 08:45:19.442 +00:00] [INF] [7] Jellyfin.Networking.Manager.NetworkManager: Bind Addresses ["0.0.0.0"]
[2026-06-14 08:45:19.442 +00:00] [INF] [7] Jellyfin.Networking.Manager.NetworkManager: Remote IP filter is "Allowlist"
[2026-06-14 08:45:19.442 +00:00] [INF] [7] Jellyfin.Networking.Manager.NetworkManager: Filtered subnets: []
[2026-06-14 08:45:19.689 +00:00] [INF] [7] Jellyfin.Database.Providers.Sqlite.SqliteDatabaseProvider: SQLite connection string: "Data Source=/config/data/jellyfin.db;Cache=Default;Default Timeout=30;Pooling=True"
[2026-06-14 08:45:19.689 +00:00] [INF] [7] Jellyfin.Database.Providers.Sqlite.SqliteDatabaseProvider: SQLITE connection pragma command set to: 
"PRAGMA locking_mode=NORMAL;
PRAGMA journal_size_limit=134217728;
PRAGMA synchronous=1;
PRAGMA temp_store=2;
"
[2026-06-14 08:45:19.689 +00:00] [INF] [7] Jellyfin.Database.Implementations.Locking.NoLockBehavior: The database locking mode has been set to: NoLock.
[2026-06-14 08:45:19.692 +00:00] [INF] [7] Main: Prepare system for possible migrations
[2026-06-14 08:45:19.714 +00:00] [INF] [7] Jellyfin.Server.Migrations.JellyfinMigrationService: There are 0 migrations for stage CoreInitialisation.
[2026-06-14 08:45:19.812 +00:00] [INF] [7] Emby.Server.Implementations.Plugins.PluginManager: Loaded plugin: "TMDb" "10.11.10.0"
[2026-06-14 08:45:19.813 +00:00] [INF] [7] Emby.Server.Implementations.Plugins.PluginManager: Loaded plugin: "Studio Images" "10.11.10.0"
[2026-06-14 08:45:19.813 +00:00] [INF] [7] Emby.Server.Implementations.Plugins.PluginManager: Loaded plugin: "OMDb" "10.11.10.0"
[2026-06-14 08:45:19.819 +00:00] [INF] [7] Emby.Server.Implementations.Plugins.PluginManager: Loaded plugin: "MusicBrainz" "10.11.10.0"
[2026-06-14 08:45:19.819 +00:00] [INF] [7] Emby.Server.Implementations.Plugins.PluginManager: Loaded plugin: "AudioDB" "10.11.10.0"
[2026-06-14 08:45:19.850 +00:00] [INF] [7] Jellyfin.Server.Migrations.JellyfinMigrationService: There are 0 migrations for stage AppInitialisation.
[2026-06-14 08:45:19.974 +00:00] [INF] [9] Main: Kestrel is listening on "0.0.0.0"
[2026-06-14 08:45:19.989 +00:00] [WRN] [7] Microsoft.AspNetCore.DataProtection.KeyManagement.XmlKeyManager: No XML encryptor configured. Key {cc457213-2e01-4a62-8374-61c11fb480f3} may be persisted to storage in unencrypted form.
[2026-06-14 08:45:20.356 +00:00] [WRN] [9] Microsoft.AspNetCore.StaticFiles.StaticFileMiddleware: The WebRootPath was not found: "/wwwroot". Static files may be unavailable.
[2026-06-14 08:45:20.395 +00:00] [INF] [9] Emby.Server.Implementations.ApplicationHost: Running startup tasks
[2026-06-14 08:45:20.401 +00:00] [INF] [9] Emby.Server.Implementations.ScheduledTasks.TaskManager: Daily trigger for "Generate Trickplay Images" set to fire at 2026-06-15 03:00:00.000 +00:00, which is 18:14:39.5988160 from now.
[2026-06-14 08:45:20.402 +00:00] [INF] [9] Emby.Server.Implementations.ScheduledTasks.TaskManager: Daily trigger for "Extract Chapter Images" set to fire at 2026-06-15 02:00:00.000 +00:00, which is 17:14:39.5973305 from now.
[2026-06-14 08:45:20.565 +00:00] [INF] [9] MediaBrowser.MediaEncoding.Encoder.MediaEncoder: Found ffmpeg version "7.1.3"
[2026-06-14 08:45:20.667 +00:00] [INF] [9] MediaBrowser.MediaEncoding.Encoder.MediaEncoder: Available "decoders": ["libdav1d", "av1", "av1_cuvid", "av1_qsv", "h264", "h264_qsv", "h264_cuvid", "hevc", "hevc_qsv", "hevc_cuvid", "mpeg2video", "mpeg2_qsv", "mpeg2_cuvid", "mpeg4", "mpeg4_cuvid", "msmpeg4", "vc1_qsv", "vc1_cuvid", "vp8", "libvpx", "vp8_cuvid", "vp8_qsv", "vp9", "libvpx-vp9", "vp9_cuvid", "vp9_qsv", "aac", "ac3", "ac4", "dca", "flac", "mp3", "truehd"]
[2026-06-14 08:45:20.713 +00:00] [INF] [9] MediaBrowser.MediaEncoding.Encoder.MediaEncoder: Available "encoders": ["libsvtav1", "av1_nvenc", "av1_qsv", "av1_amf", "av1_vaapi", "libx264", "h264_amf", "h264_nvenc", "h264_qsv", "h264_v4l2m2m", "h264_vaapi", "libx265", "hevc_amf", "hevc_nvenc", "hevc_qsv", "hevc_vaapi", "mjpeg_qsv", "mjpeg_vaapi", "aac", "libfdk_aac", "ac3", "alac", "dca", "flac", "libmp3lame", "libopus", "truehd", "libvorbis", "srt"]
[2026-06-14 08:45:20.774 +00:00] [INF] [9] MediaBrowser.MediaEncoding.Encoder.MediaEncoder: Available filters: ["bwdif_cuda", "bwdif_opencl", "deinterlace_qsv", "deinterlace_vaapi", "flip_vulkan", "hwupload_cuda", "hwupload_vaapi", "libplacebo", "overlay_opencl", "overlay_qsv", "overlay_vaapi", "overlay_vulkan", "overlay_cuda", "procamp_vaapi", "scale_cuda", "scale_opencl", "scale_qsv", "scale_vaapi", "scale_vulkan", "tonemapx", "tonemap_cuda", "tonemap_opencl", "tonemap_vaapi", "transpose_cuda", "transpose_opencl", "transpose_vaapi", "transpose_vulkan", "vpp_qsv", "yadif_cuda", "yadif_opencl", "zscale", "alphasrc"]
[2026-06-14 08:45:21.105 +00:00] [INF] [9] MediaBrowser.MediaEncoding.Encoder.MediaEncoder: Available hwaccel types: ["cuda", "vaapi", "qsv", "drm", "opencl", "vulkan"]
[2026-06-14 08:45:23.412 +00:00] [INF] [13] Emby.Server.Implementations.ScheduledTasks.TaskManager: "Clean Transcode Directory" Completed after 0 minute(s) and 0 seconds
[2026-06-14 08:45:23.413 +00:00] [INF] [18] Emby.Server.Implementations.ScheduledTasks.TaskManager: "Clean up collections and playlists" Completed after 0 minute(s) and 0 seconds
[2026-06-14 08:45:23.618 +00:00] [INF] [9] MediaBrowser.MediaEncoding.Encoder.MediaEncoder: FFmpeg: "/usr/lib/jellyfin-ffmpeg/ffmpeg"
[2026-06-14 08:45:23.619 +00:00] [INF] [9] Emby.Server.Implementations.ApplicationHost: ServerId: "389be4f871cd435ea45aa0d524ca6c9f"
[2026-06-14 08:45:23.619 +00:00] [INF] [9] Emby.Server.Implementations.ApplicationHost: Core startup complete
[2026-06-14 08:45:23.619 +00:00] [INF] [9] Main: Startup complete 0:00:06.4245624
[2026-06-14 08:45:26.731 +00:00] [INF] [18] Emby.Server.Implementations.ScheduledTasks.TaskManager: "Update Plugins" Completed after 0 minute(s) and 3 seconds
[2026-06-14 08:46:01.157 +00:00] [INF] [22] Emby.Server.Implementations.Session.SessionManager: Sending shutdown notifications
[2026-06-14 08:46:01.163 +00:00] [INF] [21] Main: Running query planner optimizations in the database... This might take a while
[2026-06-14 08:46:01.241 +00:00] [INF] [21] Emby.Server.Implementations.ApplicationHost: Disposing "CoreAppHost"
[2026-06-14 08:46:01.241 +00:00] [INF] [21] Emby.Server.Implementations.ApplicationHost: Disposing "MusicBrainzArtistProvider"
[2026-06-14 08:46:01.241 +00:00] [INF] [21] Emby.Server.Implementations.ApplicationHost: Disposing "MusicBrainzAlbumProvider"
[2026-06-14 08:46:01.241 +00:00] [INF] [21] Emby.Server.Implementations.ApplicationHost: Disposing "PluginManager"
[2026-06-14 08:46:02.808 +00:00] [INF] [1] Emby.Server.Implementations.AppBase.BaseConfigurationManager: Setting cache path: "/cache"
[2026-06-14 08:46:02.930 +00:00] [INF] [9] Jellyfin.Server.ServerSetupApp.SetupServer: Kestrel is listening on "0.0.0.0"
[2026-06-14 08:46:02.954 +00:00] [INF] [9] Main: Jellyfin version: "10.11.10"
[2026-06-14 08:46:02.955 +00:00] [INF] [9] Main: Environment Variables: ["[JELLYFIN_LOG_DIR, /config/log]", "[JELLYFIN_DATA_DIR, /config]", "[JELLYFIN_WEB_DIR, /jellyfin/jellyfin-web]", "[JELLYFIN_CONFIG_DIR, /config/config]", "[JELLYFIN_FFMPEG, /usr/lib/jellyfin-ffmpeg/ffmpeg]", "[JELLYFIN_CACHE_DIR, /cache]"]
[2026-06-14 08:46:02.957 +00:00] [INF] [9] Main: Arguments: ["/jellyfin/jellyfin.dll"]
[2026-06-14 08:46:02.957 +00:00] [INF] [9] Main: Operating system: "Debian GNU/Linux 13 (trixie)"
[2026-06-14 08:46:02.957 +00:00] [INF] [9] Main: Architecture: X64
[2026-06-14 08:46:02.958 +00:00] [INF] [9] Main: 64-Bit Process: True
[2026-06-14 08:46:02.958 +00:00] [INF] [9] Main: User Interactive: True
[2026-06-14 08:46:02.958 +00:00] [INF] [9] Main: Processor count: 8
[2026-06-14 08:46:02.958 +00:00] [INF] [9] Main: Program data path: "/config"
[2026-06-14 08:46:02.958 +00:00] [INF] [9] Main: Log directory path: "/config/log"
[2026-06-14 08:46:02.958 +00:00] [INF] [9] Main: Config directory path: "/config/config"
[2026-06-14 08:46:02.958 +00:00] [INF] [9] Main: Cache path: "/cache"
[2026-06-14 08:46:02.958 +00:00] [INF] [9] Main: Temp directory path: "/tmp/jellyfin"
[2026-06-14 08:46:02.958 +00:00] [INF] [9] Main: Web resources path: "/jellyfin/jellyfin-web"
[2026-06-14 08:46:02.958 +00:00] [INF] [9] Main: Application directory: "/jellyfin/"
[2026-06-14 08:46:02.966 +00:00] [INF] [9] Jellyfin.Server.Startup: Storage path `"/config/data"` (Fixed) successfully checked with "16.2GiB" free which is over the minimum of "2GiB".
[2026-06-14 08:46:02.966 +00:00] [INF] [9] Jellyfin.Server.Startup: Storage path `"/cache"` (Fixed) successfully checked with "16.2GiB" free which is over the minimum of "2GiB".
[2026-06-14 08:46:02.966 +00:00] [INF] [9] Jellyfin.Server.Startup: Storage path `"/config"` (Fixed) successfully checked with "16.2GiB" free which is over the minimum of "2GiB".
[2026-06-14 08:46:02.968 +00:00] [INF] [9] Emby.Server.Implementations.AppBase.BaseConfigurationManager: Setting cache path: "/cache"
[2026-06-14 08:46:02.996 +00:00] [INF] [9] Jellyfin.Database.Providers.Sqlite.SqliteDatabaseProvider: SQLite connection string: "Data Source=/config/data/jellyfin.db;Cache=Default;Default Timeout=30;Pooling=True"
[2026-06-14 08:46:02.998 +00:00] [INF] [9] Jellyfin.Database.Providers.Sqlite.SqliteDatabaseProvider: SQLITE connection pragma command set to: 
"PRAGMA locking_mode=NORMAL;
PRAGMA journal_size_limit=134217728;
PRAGMA synchronous=1;
PRAGMA temp_store=2;
"
[2026-06-14 08:46:02.999 +00:00] [INF] [9] Jellyfin.Database.Implementations.Locking.NoLockBehavior: The database locking mode has been set to: NoLock.
[2026-06-14 08:46:03.013 +00:00] [INF] [9] Jellyfin.Server.Migrations.JellyfinMigrationService: Initialise Migration service.
[2026-06-14 08:46:03.014 +00:00] [INF] [9] Jellyfin.Server.Migrations.JellyfinMigrationService: System initialisation detected. Seed data.
[2026-06-14 08:46:03.524 +00:00] [INF] [9] Jellyfin.Server.Migrations.JellyfinMigrationService: Migration system initialisation completed.
[2026-06-14 08:46:03.527 +00:00] [INF] [9] Jellyfin.Server.Migrations.JellyfinMigrationService: There are 0 migrations for stage PreInitialisation.
[2026-06-14 08:46:03.530 +00:00] [INF] [9] Emby.Server.Implementations.AppBase.BaseConfigurationManager: Setting cache path: "/cache"
[2026-06-14 08:46:03.537 +00:00] [INF] [9] Emby.Server.Implementations.ApplicationHost: Loading assemblies
[2026-06-14 08:46:03.552 +00:00] [INF] [9] Jellyfin.Networking.Manager.NetworkManager: Defined LAN subnets: ["127.0.0.1/8", "10.0.0.0/8", "172.16.0.0/12", "192.168.0.0/16"]
[2026-06-14 08:46:03.552 +00:00] [INF] [9] Jellyfin.Networking.Manager.NetworkManager: Defined LAN exclusions: []
[2026-06-14 08:46:03.552 +00:00] [INF] [9] Jellyfin.Networking.Manager.NetworkManager: Used LAN subnets: ["127.0.0.1/8", "10.0.0.0/8", "172.16.0.0/12", "192.168.0.0/16"]
[2026-06-14 08:46:03.553 +00:00] [INF] [9] Jellyfin.Networking.Manager.NetworkManager: Filtered interface addresses: ["127.0.0.1", "172.17.0.2"]
[2026-06-14 08:46:03.553 +00:00] [INF] [9] Jellyfin.Networking.Manager.NetworkManager: Bind Addresses ["0.0.0.0"]
[2026-06-14 08:46:03.553 +00:00] [INF] [9] Jellyfin.Networking.Manager.NetworkManager: Remote IP filter is "Allowlist"
[2026-06-14 08:46:03.553 +00:00] [INF] [9] Jellyfin.Networking.Manager.NetworkManager: Filtered subnets: []
[2026-06-14 08:46:03.591 +00:00] [INF] [9] Jellyfin.Database.Providers.Sqlite.SqliteDatabaseProvider: SQLite connection string: "Data Source=/config/data/jellyfin.db;Cache=Default;Default Timeout=30;Pooling=True"
[2026-06-14 08:46:03.591 +00:00] [INF] [9] Jellyfin.Database.Providers.Sqlite.SqliteDatabaseProvider: SQLITE connection pragma command set to: 
"PRAGMA locking_mode=NORMAL;
PRAGMA journal_size_limit=134217728;
PRAGMA synchronous=1;
PRAGMA temp_store=2;
"
[2026-06-14 08:46:03.591 +00:00] [INF] [9] Jellyfin.Database.Implementations.Locking.NoLockBehavior: The database locking mode has been set to: NoLock.
[2026-06-14 08:46:03.593 +00:00] [INF] [9] Main: Prepare system for possible migrations
[2026-06-14 08:46:03.615 +00:00] [INF] [9] Jellyfin.Server.Migrations.JellyfinMigrationService: There are 0 migrations for stage CoreInitialisation.
[2026-06-14 08:46:03.683 +00:00] [INF] [9] Emby.Server.Implementations.Plugins.PluginManager: Loaded plugin: "TMDb" "10.11.10.0"
[2026-06-14 08:46:03.683 +00:00] [INF] [9] Emby.Server.Implementations.Plugins.PluginManager: Loaded plugin: "Studio Images" "10.11.10.0"
[2026-06-14 08:46:03.683 +00:00] [INF] [9] Emby.Server.Implementations.Plugins.PluginManager: Loaded plugin: "OMDb" "10.11.10.0"
[2026-06-14 08:46:03.688 +00:00] [INF] [9] Emby.Server.Implementations.Plugins.PluginManager: Loaded plugin: "MusicBrainz" "10.11.10.0"
[2026-06-14 08:46:03.688 +00:00] [INF] [9] Emby.Server.Implementations.Plugins.PluginManager: Loaded plugin: "AudioDB" "10.11.10.0"
[2026-06-14 08:46:03.705 +00:00] [INF] [9] Jellyfin.Server.Migrations.JellyfinMigrationService: There are 0 migrations for stage AppInitialisation.
[2026-06-14 08:46:03.812 +00:00] [INF] [7] Main: Kestrel is listening on "0.0.0.0"
[2026-06-14 08:46:04.122 +00:00] [WRN] [7] Microsoft.AspNetCore.StaticFiles.StaticFileMiddleware: The WebRootPath was not found: "/wwwroot". Static files may be unavailable.
[2026-06-14 08:46:04.159 +00:00] [INF] [7] Emby.Server.Implementations.ApplicationHost: Running startup tasks
[2026-06-14 08:46:04.164 +00:00] [INF] [7] Emby.Server.Implementations.ScheduledTasks.TaskManager: Daily trigger for "Generate Trickplay Images" set to fire at 2026-06-15 03:00:00.000 +00:00, which is 18:13:55.8357702 from now.
[2026-06-14 08:46:04.165 +00:00] [INF] [7] Emby.Server.Implementations.ScheduledTasks.TaskManager: Daily trigger for "Extract Chapter Images" set to fire at 2026-06-15 02:00:00.000 +00:00, which is 17:13:55.8343114 from now.
[2026-06-14 08:46:04.182 +00:00] [INF] [7] MediaBrowser.MediaEncoding.Encoder.MediaEncoder: Found ffmpeg version "7.1.3"
[2026-06-14 08:46:04.209 +00:00] [INF] [7] MediaBrowser.MediaEncoding.Encoder.MediaEncoder: Available "decoders": ["libdav1d", "av1", "av1_cuvid", "av1_qsv", "h264", "h264_qsv", "h264_cuvid", "hevc", "hevc_qsv", "hevc_cuvid", "mpeg2video", "mpeg2_qsv", "mpeg2_cuvid", "mpeg4", "mpeg4_cuvid", "msmpeg4", "vc1_qsv", "vc1_cuvid", "vp8", "libvpx", "vp8_cuvid", "vp8_qsv", "vp9", "libvpx-vp9", "vp9_cuvid", "vp9_qsv", "aac", "ac3", "ac4", "dca", "flac", "mp3", "truehd"]
[2026-06-14 08:46:04.218 +00:00] [INF] [7] MediaBrowser.MediaEncoding.Encoder.MediaEncoder: Available "encoders": ["libsvtav1", "av1_nvenc", "av1_qsv", "av1_amf", "av1_vaapi", "libx264", "h264_amf", "h264_nvenc", "h264_qsv", "h264_v4l2m2m", "h264_vaapi", "libx265", "hevc_amf", "hevc_nvenc", "hevc_qsv", "hevc_vaapi", "mjpeg_qsv", "mjpeg_vaapi", "aac", "libfdk_aac", "ac3", "alac", "dca", "flac", "libmp3lame", "libopus", "truehd", "libvorbis", "srt"]
[2026-06-14 08:46:04.229 +00:00] [INF] [7] MediaBrowser.MediaEncoding.Encoder.MediaEncoder: Available filters: ["bwdif_cuda", "bwdif_opencl", "deinterlace_qsv", "deinterlace_vaapi", "flip_vulkan", "hwupload_cuda", "hwupload_vaapi", "libplacebo", "overlay_opencl", "overlay_qsv", "overlay_vaapi", "overlay_vulkan", "overlay_cuda", "procamp_vaapi", "scale_cuda", "scale_opencl", "scale_qsv", "scale_vaapi", "scale_vulkan", "tonemapx", "tonemap_cuda", "tonemap_opencl", "tonemap_vaapi", "transpose_cuda", "transpose_opencl", "transpose_vaapi", "transpose_vulkan", "vpp_qsv", "yadif_cuda", "yadif_opencl", "zscale", "alphasrc"]
[2026-06-14 08:46:04.669 +00:00] [INF] [7] MediaBrowser.MediaEncoding.Encoder.MediaEncoder: Available hwaccel types: ["cuda", "vaapi", "qsv", "drm", "opencl", "vulkan"]
[2026-06-14 08:46:07.175 +00:00] [INF] [19] Emby.Server.Implementations.ScheduledTasks.TaskManager: "Clean Transcode Directory" Completed after 0 minute(s) and 0 seconds
[2026-06-14 08:46:07.178 +00:00] [INF] [13] Emby.Server.Implementations.ScheduledTasks.TaskManager: "Clean up collections and playlists" Completed after 0 minute(s) and 0 seconds
[2026-06-14 08:46:07.335 +00:00] [INF] [7] MediaBrowser.MediaEncoding.Encoder.MediaEncoder: FFmpeg: "/usr/lib/jellyfin-ffmpeg/ffmpeg"
[2026-06-14 08:46:07.336 +00:00] [INF] [7] Emby.Server.Implementations.ApplicationHost: ServerId: "389be4f871cd435ea45aa0d524ca6c9f"
[2026-06-14 08:46:07.336 +00:00] [INF] [7] Emby.Server.Implementations.ApplicationHost: Core startup complete
[2026-06-14 08:46:07.336 +00:00] [INF] [7] Main: Startup complete 0:00:04.718121
[2026-06-14 08:46:09.409 +00:00] [INF] [13] Emby.Server.Implementations.ScheduledTasks.TaskManager: "Update Plugins" Completed after 0 minute(s) and 2 seconds
[2026-06-14 08:46:58.520 +00:00] [INF] [22] Emby.Server.Implementations.AppBase.BaseConfigurationManager: Saving system configuration
[2026-06-14 08:46:58.524 +00:00] [INF] [22] Emby.Server.Implementations.AppBase.BaseConfigurationManager: Setting cache path: "/cache"
[2026-06-14 08:46:58.567 +00:00] [WRN] [22] Microsoft.EntityFrameworkCore.Query: The query uses the 'First'/'FirstOrDefault' operator without 'OrderBy' and filter operators. This may lead to unpredictable results.
[2026-06-14 08:46:58.608 +00:00] [ERR] [23] Jellyfin.Api.Middleware.ExceptionMiddleware: Error processing request. URL "POST" "/Users/AuthenticateByName".
System.ArgumentNullException: Value cannot be null. (Parameter 'request.App')
   at System.ArgumentNullException.Throw(String paramName)
   at System.ArgumentNullException.ThrowIfNull(Object argument, String paramName)
   at System.ArgumentException.ThrowNullOrEmptyException(String argument, String paramName)
   at System.ArgumentException.ThrowIfNullOrEmpty(String argument, String paramName)
   at Emby.Server.Implementations.Session.SessionManager.AuthenticateNewSessionInternal(AuthenticationRequest request, Boolean enforcePassword)
   at Jellyfin.Api.Controllers.UserController.AuthenticateUserByName(AuthenticateUserByName request)
   at lambda_method648(Closure, Object)
   at Microsoft.AspNetCore.Mvc.Infrastructure.ActionMethodExecutor.AwaitableObjectResultExecutor.Execute(ActionContext actionContext, IActionResultTypeMapper mapper, ObjectMethodExecutor executor, Object controller, Object[] arguments)
   at Microsoft.AspNetCore.Mvc.Infrastructure.ControllerActionInvoker.<InvokeActionMethodAsync>g__Awaited|12_0(ControllerActionInvoker invoker, ValueTask`1 actionResultValueTask)
   at Microsoft.AspNetCore.Mvc.Infrastructure.ControllerActionInvoker.<InvokeNextActionFilterAsync>g__Awaited|10_0(ControllerActionInvoker invoker, Task lastTask, State next, Scope scope, Object state, Boolean isCompleted)
   at Microsoft.AspNetCore.Mvc.Infrastructure.ControllerActionInvoker.Rethrow(ActionExecutedContextSealed context)
   at Microsoft.AspNetCore.Mvc.Infrastructure.ControllerActionInvoker.Next(State& next, Scope& scope, Object& state, Boolean& isCompleted)
   at Microsoft.AspNetCore.Mvc.Infrastructure.ControllerActionInvoker.InvokeInnerFilterAsync()
--- End of stack trace from previous location ---
   at Microsoft.AspNetCore.Mvc.Infrastructure.ResourceInvoker.<InvokeNextResourceFilter>g__Awaited|25_0(ResourceInvoker invoker, Task lastTask, State next, Scope scope, Object state, Boolean isCompleted)
   at Microsoft.AspNetCore.Mvc.Infrastructure.ResourceInvoker.Rethrow(ResourceExecutedContextSealed context)
   at Microsoft.AspNetCore.Mvc.Infrastructure.ResourceInvoker.Next(State& next, Scope& scope, Object& state, Boolean& isCompleted)
   at Microsoft.AspNetCore.Mvc.Infrastructure.ResourceInvoker.InvokeFilterPipelineAsync()
--- End of stack trace from previous location ---
   at Microsoft.AspNetCore.Mvc.Infrastructure.ResourceInvoker.<InvokeAsync>g__Awaited|17_0(ResourceInvoker invoker, Task task, IDisposable scope)
   at Microsoft.AspNetCore.Mvc.Infrastructure.ResourceInvoker.<InvokeAsync>g__Awaited|17_0(ResourceInvoker invoker, Task task, IDisposable scope)
   at Jellyfin.Api.Middleware.ServerStartupMessageMiddleware.Invoke(HttpContext httpContext, IServerApplicationHost serverApplicationHost, ILocalizationManager localizationManager)
   at Jellyfin.Api.Middleware.WebSocketHandlerMiddleware.Invoke(HttpContext httpContext, IWebSocketManager webSocketManager)
   at Jellyfin.Api.Middleware.IPBasedAccessValidationMiddleware.Invoke(HttpContext httpContext, INetworkManager networkManager)
   at Microsoft.AspNetCore.Authorization.AuthorizationMiddleware.Invoke(HttpContext context)
   at Jellyfin.Api.Middleware.QueryStringDecodingMiddleware.Invoke(HttpContext httpContext)
   at Swashbuckle.AspNetCore.ReDoc.ReDocMiddleware.Invoke(HttpContext httpContext)
   at Swashbuckle.AspNetCore.SwaggerUI.SwaggerUIMiddleware.Invoke(HttpContext httpContext)
   at Swashbuckle.AspNetCore.Swagger.SwaggerMiddleware.Invoke(HttpContext httpContext, ISwaggerProvider swaggerProvider)
   at Microsoft.AspNetCore.Authentication.AuthenticationMiddleware.Invoke(HttpContext context)
   at Jellyfin.Api.Middleware.RobotsRedirectionMiddleware.Invoke(HttpContext httpContext)
   at Jellyfin.Api.Middleware.LegacyEmbyRouteRewriteMiddleware.Invoke(HttpContext httpContext)
   at Jellyfin.Api.Middleware.ResponseTimeMiddleware.Invoke(HttpContext context, IServerConfigurationManager serverConfigurationManager)
   at Jellyfin.Api.Middleware.ExceptionMiddleware.Invoke(HttpContext context)
[2026-06-14 08:47:17.857 +00:00] [INF] [23] Emby.Server.Implementations.AppBase.BaseConfigurationManager: Saving system configuration
[2026-06-14 08:47:17.858 +00:00] [INF] [23] Emby.Server.Implementations.AppBase.BaseConfigurationManager: Setting cache path: "/cache"
[2026-06-14 08:47:32.592 +00:00] [INF] [22] Emby.Server.Implementations.AppBase.BaseConfigurationManager: Saving system configuration
[2026-06-14 08:47:32.592 +00:00] [INF] [22] Emby.Server.Implementations.AppBase.BaseConfigurationManager: Setting cache path: "/cache"
[2026-06-14 08:47:49.707 +00:00] [INF] [25] Emby.Server.Implementations.AppBase.BaseConfigurationManager: Saving system configuration
[2026-06-14 08:47:49.708 +00:00] [INF] [25] Emby.Server.Implementations.AppBase.BaseConfigurationManager: Setting cache path: "/cache"
[2026-06-14 08:47:49.722 +00:00] [INF] [25] Emby.Server.Implementations.Library.LibraryManager: Validating media library
[2026-06-14 08:47:50.093 +00:00] [WRN] [25] MediaBrowser.Controller.Entities.BaseItem: Library folder "/config/data/playlists" is inaccessible or empty, skipping
[2026-06-14 08:47:50.111 +00:00] [WRN] [25] MediaBrowser.Controller.Entities.BaseItem: Library folder "/config/data/playlists" is inaccessible or empty, skipping
[2026-06-14 08:47:50.252 +00:00] [INF] [25] Emby.Server.Implementations.ScheduledTasks.TaskManager: "扫描媒体库" Completed after 0 minute(s) and 0 seconds
[2026-06-14 08:48:07.204 +00:00] [INF] [13] Jellyfin.Server.Implementations.Users.UserManager: Authentication request for "admin" has been denied (IP: "172.17.0.1").
[2026-06-14 08:48:07.205 +00:00] [ERR] [13] Jellyfin.Api.Middleware.ExceptionMiddleware: Error processing request: "Invalid username or password entered". URL "POST" "/Users/AuthenticateByName".
[2026-06-14 08:48:07.251 +00:00] [INF] [20] Jellyfin.Api.Auth.CustomAuthenticationHandler: AuthenticationScheme: "CustomAuthentication" was challenged.
[2026-06-14 08:48:07.272 +00:00] [INF] [13] Jellyfin.Api.Auth.CustomAuthenticationHandler: AuthenticationScheme: "CustomAuthentication" was challenged.
[2026-06-14 08:48:28.380 +00:00] [INF] [20] Jellyfin.Api.Auth.CustomAuthenticationHandler: AuthenticationScheme: "CustomAuthentication" was challenged.
[2026-06-14 08:48:28.405 +00:00] [INF] [24] Jellyfin.Server.Implementations.Users.UserManager: Authentication request for "admin" has been denied (IP: "172.17.0.1").
[2026-06-14 08:48:28.406 +00:00] [ERR] [24] Jellyfin.Api.Middleware.ExceptionMiddleware: Error processing request: "Invalid username or password entered". URL "POST" "/Users/AuthenticateByName".
[2026-06-14 08:48:28.427 +00:00] [INF] [24] Jellyfin.Api.Auth.CustomAuthenticationHandler: AuthenticationScheme: "CustomAuthentication" was challenged.
[2026-06-14 08:48:38.816 +00:00] [INF] [18] Emby.Server.Implementations.Session.SessionManager: Sending shutdown notifications
[2026-06-14 08:48:38.833 +00:00] [INF] [20] Main: Running query planner optimizations in the database... This might take a while
[2026-06-14 08:48:38.926 +00:00] [INF] [20] Emby.Server.Implementations.ApplicationHost: Disposing "CoreAppHost"
[2026-06-14 08:48:38.926 +00:00] [INF] [20] Emby.Server.Implementations.ApplicationHost: Disposing "MusicBrainzArtistProvider"
[2026-06-14 08:48:38.927 +00:00] [INF] [20] Emby.Server.Implementations.ApplicationHost: Disposing "MusicBrainzAlbumProvider"
[2026-06-14 08:48:38.927 +00:00] [INF] [20] Emby.Server.Implementations.ApplicationHost: Disposing "PluginManager"
[2026-06-14 08:48:40.757 +00:00] [INF] [1] Emby.Server.Implementations.AppBase.BaseConfigurationManager: Setting cache path: "/cache"
[2026-06-14 08:48:40.909 +00:00] [INF] [9] Jellyfin.Server.ServerSetupApp.SetupServer: Kestrel is listening on "0.0.0.0"
[2026-06-14 08:48:40.927 +00:00] [INF] [9] Main: Jellyfin version: "10.11.10"
[2026-06-14 08:48:40.929 +00:00] [INF] [9] Main: Environment Variables: ["[JELLYFIN_FFMPEG, /usr/lib/jellyfin-ffmpeg/ffmpeg]", "[JELLYFIN_CACHE_DIR, /cache]", "[JELLYFIN_CONFIG_DIR, /config/config]", "[JELLYFIN_LOG_DIR, /config/log]", "[JELLYFIN_DATA_DIR, /config]", "[JELLYFIN_WEB_DIR, /jellyfin/jellyfin-web]"]
[2026-06-14 08:48:40.930 +00:00] [INF] [9] Main: Arguments: ["/jellyfin/jellyfin.dll"]
[2026-06-14 08:48:40.930 +00:00] [INF] [9] Main: Operating system: "Debian GNU/Linux 13 (trixie)"
[2026-06-14 08:48:40.930 +00:00] [INF] [9] Main: Architecture: X64
[2026-06-14 08:48:40.930 +00:00] [INF] [9] Main: 64-Bit Process: True
[2026-06-14 08:48:40.931 +00:00] [INF] [9] Main: User Interactive: True
[2026-06-14 08:48:40.931 +00:00] [INF] [9] Main: Processor count: 8
[2026-06-14 08:48:40.931 +00:00] [INF] [9] Main: Program data path: "/config"
[2026-06-14 08:48:40.931 +00:00] [INF] [9] Main: Log directory path: "/config/log"
[2026-06-14 08:48:40.931 +00:00] [INF] [9] Main: Config directory path: "/config/config"
[2026-06-14 08:48:40.931 +00:00] [INF] [9] Main: Cache path: "/cache"
[2026-06-14 08:48:40.931 +00:00] [INF] [9] Main: Temp directory path: "/tmp/jellyfin"
[2026-06-14 08:48:40.931 +00:00] [INF] [9] Main: Web resources path: "/jellyfin/jellyfin-web"
[2026-06-14 08:48:40.931 +00:00] [INF] [9] Main: Application directory: "/jellyfin/"
[2026-06-14 08:48:40.938 +00:00] [INF] [9] Jellyfin.Server.Startup: Storage path `"/config/data"` (Fixed) successfully checked with "16.2GiB" free which is over the minimum of "2GiB".
[2026-06-14 08:48:40.938 +00:00] [INF] [9] Jellyfin.Server.Startup: Storage path `"/cache"` (Fixed) successfully checked with "16.2GiB" free which is over the minimum of "2GiB".
[2026-06-14 08:48:40.938 +00:00] [INF] [9] Jellyfin.Server.Startup: Storage path `"/config"` (Fixed) successfully checked with "16.2GiB" free which is over the minimum of "2GiB".
[2026-06-14 08:48:40.940 +00:00] [INF] [9] Emby.Server.Implementations.AppBase.BaseConfigurationManager: Setting cache path: "/cache"
[2026-06-14 08:48:40.968 +00:00] [INF] [9] Jellyfin.Database.Providers.Sqlite.SqliteDatabaseProvider: SQLite connection string: "Data Source=/config/data/jellyfin.db;Cache=Default;Default Timeout=30;Pooling=True"
[2026-06-14 08:48:40.971 +00:00] [INF] [9] Jellyfin.Database.Providers.Sqlite.SqliteDatabaseProvider: SQLITE connection pragma command set to: 
"PRAGMA locking_mode=NORMAL;
PRAGMA journal_size_limit=134217728;
PRAGMA synchronous=1;
PRAGMA temp_store=2;
"
[2026-06-14 08:48:40.971 +00:00] [INF] [9] Jellyfin.Database.Implementations.Locking.NoLockBehavior: The database locking mode has been set to: NoLock.
[2026-06-14 08:48:40.986 +00:00] [INF] [9] Jellyfin.Server.Migrations.JellyfinMigrationService: Initialise Migration service.
[2026-06-14 08:48:41.446 +00:00] [INF] [9] Jellyfin.Server.Migrations.JellyfinMigrationService: There are 0 migrations for stage PreInitialisation.
[2026-06-14 08:48:41.452 +00:00] [INF] [9] Emby.Server.Implementations.AppBase.BaseConfigurationManager: Setting cache path: "/cache"
[2026-06-14 08:48:41.458 +00:00] [INF] [9] Emby.Server.Implementations.ApplicationHost: Loading assemblies
[2026-06-14 08:48:41.474 +00:00] [INF] [9] Jellyfin.Networking.Manager.NetworkManager: Defined LAN subnets: ["127.0.0.1/8", "10.0.0.0/8", "172.16.0.0/12", "192.168.0.0/16"]
[2026-06-14 08:48:41.474 +00:00] [INF] [9] Jellyfin.Networking.Manager.NetworkManager: Defined LAN exclusions: []
[2026-06-14 08:48:41.474 +00:00] [INF] [9] Jellyfin.Networking.Manager.NetworkManager: Used LAN subnets: ["127.0.0.1/8", "10.0.0.0/8", "172.16.0.0/12", "192.168.0.0/16"]
[2026-06-14 08:48:41.475 +00:00] [INF] [9] Jellyfin.Networking.Manager.NetworkManager: Filtered interface addresses: ["127.0.0.1", "172.17.0.2"]
[2026-06-14 08:48:41.475 +00:00] [INF] [9] Jellyfin.Networking.Manager.NetworkManager: Bind Addresses ["0.0.0.0"]
[2026-06-14 08:48:41.475 +00:00] [INF] [9] Jellyfin.Networking.Manager.NetworkManager: Remote IP filter is "Allowlist"
[2026-06-14 08:48:41.475 +00:00] [INF] [9] Jellyfin.Networking.Manager.NetworkManager: Filtered subnets: []
[2026-06-14 08:48:41.511 +00:00] [INF] [9] Jellyfin.Database.Providers.Sqlite.SqliteDatabaseProvider: SQLite connection string: "Data Source=/config/data/jellyfin.db;Cache=Default;Default Timeout=30;Pooling=True"
[2026-06-14 08:48:41.511 +00:00] [INF] [9] Jellyfin.Database.Providers.Sqlite.SqliteDatabaseProvider: SQLITE connection pragma command set to: 
"PRAGMA locking_mode=NORMAL;
PRAGMA journal_size_limit=134217728;
PRAGMA synchronous=1;
PRAGMA temp_store=2;
"
[2026-06-14 08:48:41.511 +00:00] [INF] [9] Jellyfin.Database.Implementations.Locking.NoLockBehavior: The database locking mode has been set to: NoLock.
[2026-06-14 08:48:41.514 +00:00] [INF] [9] Main: Prepare system for possible migrations
[2026-06-14 08:48:41.526 +00:00] [INF] [9] Jellyfin.Server.Migrations.JellyfinMigrationService: There are 0 migrations for stage CoreInitialisation.
[2026-06-14 08:48:41.598 +00:00] [INF] [9] Emby.Server.Implementations.Plugins.PluginManager: Loaded plugin: "TMDb" "10.11.10.0"
[2026-06-14 08:48:41.598 +00:00] [INF] [9] Emby.Server.Implementations.Plugins.PluginManager: Loaded plugin: "Studio Images" "10.11.10.0"
[2026-06-14 08:48:41.598 +00:00] [INF] [9] Emby.Server.Implementations.Plugins.PluginManager: Loaded plugin: "OMDb" "10.11.10.0"
[2026-06-14 08:48:41.603 +00:00] [INF] [9] Emby.Server.Implementations.Plugins.PluginManager: Loaded plugin: "MusicBrainz" "10.11.10.0"
[2026-06-14 08:48:41.603 +00:00] [INF] [9] Emby.Server.Implementations.Plugins.PluginManager: Loaded plugin: "AudioDB" "10.11.10.0"
[2026-06-14 08:48:41.620 +00:00] [INF] [9] Jellyfin.Server.Migrations.JellyfinMigrationService: There are 0 migrations for stage AppInitialisation.
[2026-06-14 08:48:41.743 +00:00] [INF] [7] Main: Kestrel is listening on "0.0.0.0"
[2026-06-14 08:48:42.046 +00:00] [WRN] [7] Microsoft.AspNetCore.StaticFiles.StaticFileMiddleware: The WebRootPath was not found: "/wwwroot". Static files may be unavailable.
[2026-06-14 08:48:42.073 +00:00] [INF] [7] Emby.Server.Implementations.ApplicationHost: Running startup tasks
[2026-06-14 08:48:42.078 +00:00] [INF] [7] Emby.Server.Implementations.ScheduledTasks.TaskManager: Daily trigger for "生成进度条预览图" set to fire at 2026-06-15 03:00:00.000 +00:00, which is 18:11:17.9215889 from now.
[2026-06-14 08:48:42.079 +00:00] [INF] [7] Emby.Server.Implementations.ScheduledTasks.TaskManager: Daily trigger for "提取章节图片" set to fire at 2026-06-15 02:00:00.000 +00:00, which is 17:11:17.9201332 from now.
[2026-06-14 08:48:42.097 +00:00] [INF] [7] MediaBrowser.MediaEncoding.Encoder.MediaEncoder: Found ffmpeg version "7.1.3"
[2026-06-14 08:48:42.114 +00:00] [INF] [7] MediaBrowser.MediaEncoding.Encoder.MediaEncoder: Available "decoders": ["libdav1d", "av1", "av1_cuvid", "av1_qsv", "h264", "h264_qsv", "h264_cuvid", "hevc", "hevc_qsv", "hevc_cuvid", "mpeg2video", "mpeg2_qsv", "mpeg2_cuvid", "mpeg4", "mpeg4_cuvid", "msmpeg4", "vc1_qsv", "vc1_cuvid", "vp8", "libvpx", "vp8_cuvid", "vp8_qsv", "vp9", "libvpx-vp9", "vp9_cuvid", "vp9_qsv", "aac", "ac3", "ac4", "dca", "flac", "mp3", "truehd"]
[2026-06-14 08:48:42.125 +00:00] [INF] [7] MediaBrowser.MediaEncoding.Encoder.MediaEncoder: Available "encoders": ["libsvtav1", "av1_nvenc", "av1_qsv", "av1_amf", "av1_vaapi", "libx264", "h264_amf", "h264_nvenc", "h264_qsv", "h264_v4l2m2m", "h264_vaapi", "libx265", "hevc_amf", "hevc_nvenc", "hevc_qsv", "hevc_vaapi", "mjpeg_qsv", "mjpeg_vaapi", "aac", "libfdk_aac", "ac3", "alac", "dca", "flac", "libmp3lame", "libopus", "truehd", "libvorbis", "srt"]
[2026-06-14 08:48:42.196 +00:00] [INF] [7] MediaBrowser.MediaEncoding.Encoder.MediaEncoder: Available filters: ["bwdif_cuda", "bwdif_opencl", "deinterlace_qsv", "deinterlace_vaapi", "flip_vulkan", "hwupload_cuda", "hwupload_vaapi", "libplacebo", "overlay_opencl", "overlay_qsv", "overlay_vaapi", "overlay_vulkan", "overlay_cuda", "procamp_vaapi", "scale_cuda", "scale_opencl", "scale_qsv", "scale_vaapi", "scale_vulkan", "tonemapx", "tonemap_cuda", "tonemap_opencl", "tonemap_vaapi", "transpose_cuda", "transpose_opencl", "transpose_vaapi", "transpose_vulkan", "vpp_qsv", "yadif_cuda", "yadif_opencl", "zscale", "alphasrc"]
[2026-06-14 08:48:42.743 +00:00] [INF] [7] MediaBrowser.MediaEncoding.Encoder.MediaEncoder: Available hwaccel types: ["cuda", "vaapi", "qsv", "drm", "opencl", "vulkan"]
[2026-06-14 08:48:45.090 +00:00] [INF] [19] Emby.Server.Implementations.ScheduledTasks.TaskManager: "清理转码目录" Completed after 0 minute(s) and 0 seconds
[2026-06-14 08:48:45.092 +00:00] [INF] [18] Emby.Server.Implementations.ScheduledTasks.TaskManager: "清理合集和播放列表" Completed after 0 minute(s) and 0 seconds
[2026-06-14 08:48:45.329 +00:00] [INF] [7] MediaBrowser.MediaEncoding.Encoder.MediaEncoder: FFmpeg: "/usr/lib/jellyfin-ffmpeg/ffmpeg"
[2026-06-14 08:48:45.330 +00:00] [INF] [7] Emby.Server.Implementations.ApplicationHost: ServerId: "389be4f871cd435ea45aa0d524ca6c9f"
[2026-06-14 08:48:45.330 +00:00] [INF] [7] Emby.Server.Implementations.ApplicationHost: Core startup complete
[2026-06-14 08:48:45.330 +00:00] [INF] [7] Main: Startup complete 0:00:04.7425868
[2026-06-14 08:48:47.405 +00:00] [INF] [18] Emby.Server.Implementations.ScheduledTasks.TaskManager: "更新插件" Completed after 0 minute(s) and 2 seconds
[2026-06-14 08:49:08.344 +00:00] [INF] [21] Emby.Server.Implementations.Session.SessionManager: Sending shutdown notifications
[2026-06-14 08:49:08.362 +00:00] [INF] [18] Main: Running query planner optimizations in the database... This might take a while
[2026-06-14 08:49:08.427 +00:00] [INF] [18] Emby.Server.Implementations.ApplicationHost: Disposing "CoreAppHost"
[2026-06-14 08:49:08.428 +00:00] [INF] [18] Emby.Server.Implementations.ApplicationHost: Disposing "MusicBrainzArtistProvider"
[2026-06-14 08:49:08.428 +00:00] [INF] [18] Emby.Server.Implementations.ApplicationHost: Disposing "MusicBrainzAlbumProvider"
[2026-06-14 08:49:08.428 +00:00] [INF] [18] Emby.Server.Implementations.ApplicationHost: Disposing "PluginManager"
[2026-06-14 08:49:10.426 +00:00] [INF] [1] Emby.Server.Implementations.AppBase.BaseConfigurationManager: Setting cache path: "/cache"
[2026-06-14 08:49:10.524 +00:00] [INF] [7] Jellyfin.Server.ServerSetupApp.SetupServer: Kestrel is listening on "0.0.0.0"
[2026-06-14 08:49:10.543 +00:00] [INF] [7] Main: Jellyfin version: "10.11.10"
[2026-06-14 08:49:10.545 +00:00] [INF] [7] Main: Environment Variables: ["[JELLYFIN_WEB_DIR, /jellyfin/jellyfin-web]", "[JELLYFIN_CONFIG_DIR, /config/config]", "[JELLYFIN_FFMPEG, /usr/lib/jellyfin-ffmpeg/ffmpeg]", "[JELLYFIN_CACHE_DIR, /cache]", "[JELLYFIN_DATA_DIR, /config]", "[JELLYFIN_LOG_DIR, /config/log]"]
[2026-06-14 08:49:10.546 +00:00] [INF] [7] Main: Arguments: ["/jellyfin/jellyfin.dll"]
[2026-06-14 08:49:10.546 +00:00] [INF] [7] Main: Operating system: "Debian GNU/Linux 13 (trixie)"
[2026-06-14 08:49:10.546 +00:00] [INF] [7] Main: Architecture: X64
[2026-06-14 08:49:10.547 +00:00] [INF] [7] Main: 64-Bit Process: True
[2026-06-14 08:49:10.547 +00:00] [INF] [7] Main: User Interactive: True
[2026-06-14 08:49:10.547 +00:00] [INF] [7] Main: Processor count: 8
[2026-06-14 08:49:10.547 +00:00] [INF] [7] Main: Program data path: "/config"
[2026-06-14 08:49:10.547 +00:00] [INF] [7] Main: Log directory path: "/config/log"
[2026-06-14 08:49:10.547 +00:00] [INF] [7] Main: Config directory path: "/config/config"
[2026-06-14 08:49:10.547 +00:00] [INF] [7] Main: Cache path: "/cache"
[2026-06-14 08:49:10.547 +00:00] [INF] [7] Main: Temp directory path: "/tmp/jellyfin"
[2026-06-14 08:49:10.547 +00:00] [INF] [7] Main: Web resources path: "/jellyfin/jellyfin-web"
[2026-06-14 08:49:10.547 +00:00] [INF] [7] Main: Application directory: "/jellyfin/"
[2026-06-14 08:49:10.554 +00:00] [INF] [7] Jellyfin.Server.Startup: Storage path `"/config/data"` (Fixed) successfully checked with "16.2GiB" free which is over the minimum of "2GiB".
[2026-06-14 08:49:10.554 +00:00] [INF] [7] Jellyfin.Server.Startup: Storage path `"/cache"` (Fixed) successfully checked with "16.2GiB" free which is over the minimum of "2GiB".
[2026-06-14 08:49:10.554 +00:00] [INF] [7] Jellyfin.Server.Startup: Storage path `"/config"` (Fixed) successfully checked with "16.2GiB" free which is over the minimum of "2GiB".
[2026-06-14 08:49:10.556 +00:00] [INF] [7] Emby.Server.Implementations.AppBase.BaseConfigurationManager: Setting cache path: "/cache"
[2026-06-14 08:49:10.584 +00:00] [INF] [7] Jellyfin.Database.Providers.Sqlite.SqliteDatabaseProvider: SQLite connection string: "Data Source=/config/data/jellyfin.db;Cache=Default;Default Timeout=30;Pooling=True"
[2026-06-14 08:49:10.587 +00:00] [INF] [7] Jellyfin.Database.Providers.Sqlite.SqliteDatabaseProvider: SQLITE connection pragma command set to: 
"PRAGMA locking_mode=NORMAL;
PRAGMA journal_size_limit=134217728;
PRAGMA synchronous=1;
PRAGMA temp_store=2;
"
[2026-06-14 08:49:10.587 +00:00] [INF] [7] Jellyfin.Database.Implementations.Locking.NoLockBehavior: The database locking mode has been set to: NoLock.
[2026-06-14 08:49:10.601 +00:00] [INF] [7] Jellyfin.Server.Migrations.JellyfinMigrationService: Initialise Migration service.
[2026-06-14 08:49:11.064 +00:00] [INF] [7] Jellyfin.Server.Migrations.JellyfinMigrationService: There are 0 migrations for stage PreInitialisation.
[2026-06-14 08:49:11.069 +00:00] [INF] [7] Emby.Server.Implementations.AppBase.BaseConfigurationManager: Setting cache path: "/cache"
[2026-06-14 08:49:11.076 +00:00] [INF] [7] Emby.Server.Implementations.ApplicationHost: Loading assemblies
[2026-06-14 08:49:11.091 +00:00] [INF] [7] Jellyfin.Networking.Manager.NetworkManager: Defined LAN subnets: ["127.0.0.1/8", "10.0.0.0/8", "172.16.0.0/12", "192.168.0.0/16"]
[2026-06-14 08:49:11.091 +00:00] [INF] [7] Jellyfin.Networking.Manager.NetworkManager: Defined LAN exclusions: []
[2026-06-14 08:49:11.091 +00:00] [INF] [7] Jellyfin.Networking.Manager.NetworkManager: Used LAN subnets: ["127.0.0.1/8", "10.0.0.0/8", "172.16.0.0/12", "192.168.0.0/16"]
[2026-06-14 08:49:11.092 +00:00] [INF] [7] Jellyfin.Networking.Manager.NetworkManager: Filtered interface addresses: ["127.0.0.1", "172.17.0.2"]
[2026-06-14 08:49:11.092 +00:00] [INF] [7] Jellyfin.Networking.Manager.NetworkManager: Bind Addresses ["0.0.0.0"]
[2026-06-14 08:49:11.092 +00:00] [INF] [7] Jellyfin.Networking.Manager.NetworkManager: Remote IP filter is "Allowlist"
[2026-06-14 08:49:11.092 +00:00] [INF] [7] Jellyfin.Networking.Manager.NetworkManager: Filtered subnets: []
[2026-06-14 08:49:11.128 +00:00] [INF] [7] Jellyfin.Database.Providers.Sqlite.SqliteDatabaseProvider: SQLite connection string: "Data Source=/config/data/jellyfin.db;Cache=Default;Default Timeout=30;Pooling=True"
[2026-06-14 08:49:11.128 +00:00] [INF] [7] Jellyfin.Database.Providers.Sqlite.SqliteDatabaseProvider: SQLITE connection pragma command set to: 
"PRAGMA locking_mode=NORMAL;
PRAGMA journal_size_limit=134217728;
PRAGMA synchronous=1;
PRAGMA temp_store=2;
"
[2026-06-14 08:49:11.129 +00:00] [INF] [7] Jellyfin.Database.Implementations.Locking.NoLockBehavior: The database locking mode has been set to: NoLock.
[2026-06-14 08:49:11.131 +00:00] [INF] [7] Main: Prepare system for possible migrations
[2026-06-14 08:49:11.143 +00:00] [INF] [7] Jellyfin.Server.Migrations.JellyfinMigrationService: There are 0 migrations for stage CoreInitialisation.
[2026-06-14 08:49:11.214 +00:00] [INF] [7] Emby.Server.Implementations.Plugins.PluginManager: Loaded plugin: "TMDb" "10.11.10.0"
[2026-06-14 08:49:11.214 +00:00] [INF] [7] Emby.Server.Implementations.Plugins.PluginManager: Loaded plugin: "Studio Images" "10.11.10.0"
[2026-06-14 08:49:11.215 +00:00] [INF] [7] Emby.Server.Implementations.Plugins.PluginManager: Loaded plugin: "OMDb" "10.11.10.0"
[2026-06-14 08:49:11.220 +00:00] [INF] [7] Emby.Server.Implementations.Plugins.PluginManager: Loaded plugin: "MusicBrainz" "10.11.10.0"
[2026-06-14 08:49:11.220 +00:00] [INF] [7] Emby.Server.Implementations.Plugins.PluginManager: Loaded plugin: "AudioDB" "10.11.10.0"
[2026-06-14 08:49:11.237 +00:00] [INF] [7] Jellyfin.Server.Migrations.JellyfinMigrationService: There are 0 migrations for stage AppInitialisation.
[2026-06-14 08:49:11.361 +00:00] [INF] [10] Main: Kestrel is listening on "0.0.0.0"
[2026-06-14 08:49:11.667 +00:00] [WRN] [10] Microsoft.AspNetCore.StaticFiles.StaticFileMiddleware: The WebRootPath was not found: "/wwwroot". Static files may be unavailable.
[2026-06-14 08:49:11.694 +00:00] [INF] [10] Emby.Server.Implementations.ApplicationHost: Running startup tasks
[2026-06-14 08:49:11.699 +00:00] [INF] [10] Emby.Server.Implementations.ScheduledTasks.TaskManager: Daily trigger for "生成进度条预览图" set to fire at 2026-06-15 03:00:00.000 +00:00, which is 18:10:48.3008381 from now.
[2026-06-14 08:49:11.700 +00:00] [INF] [10] Emby.Server.Implementations.ScheduledTasks.TaskManager: Daily trigger for "提取章节图片" set to fire at 2026-06-15 02:00:00.000 +00:00, which is 17:10:48.2993515 from now.
[2026-06-14 08:49:11.717 +00:00] [INF] [10] MediaBrowser.MediaEncoding.Encoder.MediaEncoder: Found ffmpeg version "7.1.3"
[2026-06-14 08:49:11.737 +00:00] [INF] [10] MediaBrowser.MediaEncoding.Encoder.MediaEncoder: Available "decoders": ["libdav1d", "av1", "av1_cuvid", "av1_qsv", "h264", "h264_qsv", "h264_cuvid", "hevc", "hevc_qsv", "hevc_cuvid", "mpeg2video", "mpeg2_qsv", "mpeg2_cuvid", "mpeg4", "mpeg4_cuvid", "msmpeg4", "vc1_qsv", "vc1_cuvid", "vp8", "libvpx", "vp8_cuvid", "vp8_qsv", "vp9", "libvpx-vp9", "vp9_cuvid", "vp9_qsv", "aac", "ac3", "ac4", "dca", "flac", "mp3", "truehd"]
[2026-06-14 08:49:11.756 +00:00] [INF] [10] MediaBrowser.MediaEncoding.Encoder.MediaEncoder: Available "encoders": ["libsvtav1", "av1_nvenc", "av1_qsv", "av1_amf", "av1_vaapi", "libx264", "h264_amf", "h264_nvenc", "h264_qsv", "h264_v4l2m2m", "h264_vaapi", "libx265", "hevc_amf", "hevc_nvenc", "hevc_qsv", "hevc_vaapi", "mjpeg_qsv", "mjpeg_vaapi", "aac", "libfdk_aac", "ac3", "alac", "dca", "flac", "libmp3lame", "libopus", "truehd", "libvorbis", "srt"]
[2026-06-14 08:49:11.850 +00:00] [INF] [10] MediaBrowser.MediaEncoding.Encoder.MediaEncoder: Available filters: ["bwdif_cuda", "bwdif_opencl", "deinterlace_qsv", "deinterlace_vaapi", "flip_vulkan", "hwupload_cuda", "hwupload_vaapi", "libplacebo", "overlay_opencl", "overlay_qsv", "overlay_vaapi", "overlay_vulkan", "overlay_cuda", "procamp_vaapi", "scale_cuda", "scale_opencl", "scale_qsv", "scale_vaapi", "scale_vulkan", "tonemapx", "tonemap_cuda", "tonemap_opencl", "tonemap_vaapi", "transpose_cuda", "transpose_opencl", "transpose_vaapi", "transpose_vulkan", "vpp_qsv", "yadif_cuda", "yadif_opencl", "zscale", "alphasrc"]
[2026-06-14 08:49:12.386 +00:00] [INF] [10] MediaBrowser.MediaEncoding.Encoder.MediaEncoder: Available hwaccel types: ["cuda", "vaapi", "qsv", "drm", "opencl", "vulkan"]
[2026-06-14 08:49:14.710 +00:00] [INF] [18] Emby.Server.Implementations.ScheduledTasks.TaskManager: "清理转码目录" Completed after 0 minute(s) and 0 seconds
[2026-06-14 08:49:14.711 +00:00] [INF] [7] Emby.Server.Implementations.ScheduledTasks.TaskManager: "清理合集和播放列表" Completed after 0 minute(s) and 0 seconds
[2026-06-14 08:49:14.809 +00:00] [INF] [10] MediaBrowser.MediaEncoding.Encoder.MediaEncoder: FFmpeg: "/usr/lib/jellyfin-ffmpeg/ffmpeg"
[2026-06-14 08:49:14.810 +00:00] [INF] [10] Emby.Server.Implementations.ApplicationHost: ServerId: "389be4f871cd435ea45aa0d524ca6c9f"
[2026-06-14 08:49:14.810 +00:00] [INF] [10] Emby.Server.Implementations.ApplicationHost: Core startup complete
[2026-06-14 08:49:14.810 +00:00] [INF] [10] Main: Startup complete 0:00:04.6274905
[2026-06-14 08:49:17.183 +00:00] [INF] [7] Emby.Server.Implementations.ScheduledTasks.TaskManager: "更新插件" Completed after 0 minute(s) and 2 seconds
[2026-06-14 09:49:11.707 +00:00] [INF] [42] Emby.Server.Implementations.ScheduledTasks.TaskManager: "清理缓存目录" Completed after 0 minute(s) and 0 seconds
[2026-06-14 09:49:11.707 +00:00] [INF] [36] Emby.Server.Implementations.ScheduledTasks.TaskManager: "清理日志目录" Completed after 0 minute(s) and 0 seconds
[2026-06-14 09:49:11.708 +00:00] [INF] [34] Emby.Server.Implementations.ScheduledTasks.Tasks.OptimizeDatabaseTask: Optimizing and vacuuming jellyfin.db...
[2026-06-14 09:49:11.766 +00:00] [INF] [40] Emby.Server.Implementations.ScheduledTasks.TaskManager: "下载缺少的字幕" Completed after 0 minute(s) and 0 seconds
[2026-06-14 09:49:11.766 +00:00] [INF] [38] Emby.Server.Implementations.ScheduledTasks.TaskManager: "音频标准化" Completed after 0 minute(s) and 0 seconds
[2026-06-14 09:49:11.955 +00:00] [INF] [39] Emby.Server.Implementations.ScheduledTasks.TaskManager: "下载缺失的歌词" Completed after 0 minute(s) and 0 seconds
[2026-06-14 09:49:11.967 +00:00] [INF] [35] Emby.Server.Implementations.ScheduledTasks.TaskManager: "媒体分段扫描" Completed after 0 minute(s) and 0 seconds
[2026-06-14 09:49:12.019 +00:00] [INF] [42] Emby.Server.Implementations.ScheduledTasks.TaskManager: "TasksRefreshChannels" Completed after 0 minute(s) and 0 seconds
[2026-06-14 09:49:12.050 +00:00] [INF] [34] Jellyfin.Database.Providers.Sqlite.SqliteDatabaseProvider: jellyfin.db optimized successfully!
[2026-06-14 09:49:12.050 +00:00] [INF] [34] Emby.Server.Implementations.ScheduledTasks.TaskManager: "优化数据库" Completed after 0 minute(s) and 0 seconds
[2026-06-14 09:49:12.088 +00:00] [INF] [33] Emby.Server.Implementations.Library.LibraryManager: People validation complete
[2026-06-14 09:49:12.116 +00:00] [WRN] [33] Microsoft.EntityFrameworkCore.Query: The query uses a row limiting operator ('Skip'/'Take') without an 'OrderBy' operator. This may lead to unpredictable results. If the 'Distinct' operator is used after 'OrderBy', then make sure to use the 'OrderBy' operator after 'Distinct' as the ordering would otherwise get erased.
[2026-06-14 09:49:12.125 +00:00] [INF] [33] Emby.Server.Implementations.ScheduledTasks.TaskManager: "刷新演职人员" Completed after 0 minute(s) and 0 seconds
[2026-06-14 09:49:15.799 +00:00] [INF] [33] Jellyfin.LiveTv.Guide.GuideManager: Refreshing guide with 7 days of guide data
[2026-06-14 09:49:15.807 +00:00] [INF] [33] Emby.Server.Implementations.ScheduledTasks.TaskManager: "Refresh Guide" Completed after 0 minute(s) and 4 seconds
[2026-06-14 10:49:15.757 +00:00] [INF] [232] Jellyfin.LiveTv.Guide.GuideManager: Refreshing guide with 7 days of guide data
[2026-06-14 10:49:15.765 +00:00] [INF] [232] Emby.Server.Implementations.ScheduledTasks.TaskManager: "Refresh Guide" Completed after 0 minute(s) and 3 seconds
[2026-06-14 13:30:00.240 +00:00] [INF] [48] Jellyfin.Api.Auth.CustomAuthenticationHandler: "CustomAuthentication" was not authenticated. Failure message: "Invalid token."
[2026-06-14 13:30:00.242 +00:00] [INF] [48] Jellyfin.Api.Auth.CustomAuthenticationHandler: "CustomAuthentication" was not authenticated. Failure message: "Invalid token."
[2026-06-14 13:30:00.244 +00:00] [INF] [48] Jellyfin.Api.Auth.CustomAuthenticationHandler: AuthenticationScheme: "CustomAuthentication" was challenged.
[2026-06-14 13:31:55.587 +00:00] [INF] [210] Jellyfin.Server.Implementations.Users.UserManager: Authentication request for "banda" has been denied (IP: "172.17.0.1").
[2026-06-14 13:31:55.588 +00:00] [ERR] [210] Jellyfin.Api.Middleware.ExceptionMiddleware: Error processing request: "Invalid username or password entered". URL "POST" "/Users/AuthenticateByName".
[2026-06-14 13:31:57.771 +00:00] [INF] [210] Jellyfin.Server.Implementations.Users.UserManager: Authentication request for "banda" has been denied (IP: "172.17.0.1").
[2026-06-14 13:31:57.772 +00:00] [ERR] [210] Jellyfin.Api.Middleware.ExceptionMiddleware: Error processing request: "Invalid username or password entered". URL "POST" "/Users/AuthenticateByName".
[2026-06-14 13:32:01.107 +00:00] [INF] [214] Jellyfin.Server.Implementations.Users.UserManager: Authentication request for "bandas" has been denied (IP: "172.17.0.1").
[2026-06-14 13:32:01.107 +00:00] [ERR] [214] Jellyfin.Api.Middleware.ExceptionMiddleware: Error processing request: "Invalid username or password entered". URL "POST" "/Users/AuthenticateByName".
[2026-06-14 13:32:06.218 +00:00] [INF] [210] Jellyfin.Server.Implementations.Users.UserManager: Authentication request for "root" has been denied (IP: "172.17.0.1").
[2026-06-14 13:32:06.219 +00:00] [ERR] [210] Jellyfin.Api.Middleware.ExceptionMiddleware: Error processing request: "Invalid username or password entered". URL "POST" "/Users/AuthenticateByName".
[2026-06-14 13:32:21.637 +00:00] [INF] [212] Jellyfin.Server.Implementations.Users.UserManager: Authentication request for "admin" has been denied (IP: "172.17.0.1").
[2026-06-14 13:32:21.638 +00:00] [ERR] [212] Jellyfin.Api.Middleware.ExceptionMiddleware: Error processing request: "Invalid username or password entered". URL "POST" "/Users/AuthenticateByName".
[2026-06-14 13:35:00.041 +00:00] [INF] [218] Jellyfin.Api.Auth.CustomAuthenticationHandler: "CustomAuthentication" was not authenticated. Failure message: "Invalid token."
[2026-06-14 13:35:00.050 +00:00] [INF] [218] Jellyfin.Api.Auth.CustomAuthenticationHandler: "CustomAuthentication" was not authenticated. Failure message: "Invalid token."
[2026-06-14 13:35:00.067 +00:00] [INF] [218] Jellyfin.Api.Auth.CustomAuthenticationHandler: AuthenticationScheme: "CustomAuthentication" was challenged.
[2026-06-14 13:40:00.018 +00:00] [INF] [45] Jellyfin.Api.Auth.CustomAuthenticationHandler: "CustomAuthentication" was not authenticated. Failure message: "Invalid token."
[2026-06-14 13:40:00.019 +00:00] [INF] [45] Jellyfin.Api.Auth.CustomAuthenticationHandler: "CustomAuthentication" was not authenticated. Failure message: "Invalid token."
[2026-06-14 13:40:00.019 +00:00] [INF] [45] Jellyfin.Api.Auth.CustomAuthenticationHandler: AuthenticationScheme: "CustomAuthentication" was challenged.
[2026-06-14 13:42:16.764 +00:00] [INF] [176] Jellyfin.Api.Auth.CustomAuthenticationHandler: "CustomAuthentication" was not authenticated. Failure message: "Invalid token."
[2026-06-14 13:42:21.782 +00:00] [INF] [167] Jellyfin.Server.Implementations.Users.UserManager: Authentication request for "bandas" has been denied (IP: "192.168.1.222").
[2026-06-14 13:42:21.783 +00:00] [ERR] [167] Jellyfin.Api.Middleware.ExceptionMiddleware: Error processing request: "Invalid username or password entered". URL "POST" "/Users/authenticatebyname".
[2026-06-14 13:42:50.936 +00:00] [INF] [174] Jellyfin.Server.Implementations.Users.UserManager: Authentication request for "root" has been denied (IP: "192.168.1.222").
[2026-06-14 13:42:50.937 +00:00] [ERR] [174] Jellyfin.Api.Middleware.ExceptionMiddleware: Error processing request: "Invalid username or password entered". URL "POST" "/Users/authenticatebyname".
[2026-06-14 13:42:59.162 +00:00] [INF] [174] Jellyfin.Server.Implementations.Users.UserManager: Authentication request for "bandas" has been denied (IP: "192.168.1.222").
[2026-06-14 13:42:59.163 +00:00] [ERR] [174] Jellyfin.Api.Middleware.ExceptionMiddleware: Error processing request: "Invalid username or password entered". URL "POST" "/Users/authenticatebyname".
[2026-06-14 13:44:52.006 +00:00] [INF] [159] Jellyfin.Api.Auth.CustomAuthenticationHandler: AuthenticationScheme: "CustomAuthentication" was challenged.
[2026-06-14 13:44:52.029 +00:00] [INF] [158] Jellyfin.Api.Auth.CustomAuthenticationHandler: AuthenticationScheme: "CustomAuthentication" was challenged.
[2026-06-14 13:45:00.020 +00:00] [INF] [156] Jellyfin.Api.Auth.CustomAuthenticationHandler: "CustomAuthentication" was not authenticated. Failure message: "Invalid token."
[2026-06-14 13:45:00.020 +00:00] [INF] [156] Jellyfin.Api.Auth.CustomAuthenticationHandler: "CustomAuthentication" was not authenticated. Failure message: "Invalid token."
[2026-06-14 13:45:00.020 +00:00] [INF] [156] Jellyfin.Api.Auth.CustomAuthenticationHandler: AuthenticationScheme: "CustomAuthentication" was challenged.
[2026-06-14 13:45:07.657 +00:00] [INF] [162] Jellyfin.Api.Auth.CustomAuthenticationHandler: AuthenticationScheme: "CustomAuthentication" was challenged.
[2026-06-14 13:45:07.662 +00:00] [INF] [158] Jellyfin.Api.Auth.CustomAuthenticationHandler: "CustomAuthentication" was not authenticated. Failure message: "Invalid token."
[2026-06-14 13:45:07.662 +00:00] [INF] [158] Jellyfin.Api.Auth.CustomAuthenticationHandler: "CustomAuthentication" was not authenticated. Failure message: "Invalid token."
[2026-06-14 13:45:07.662 +00:00] [INF] [158] Jellyfin.Api.Auth.CustomAuthenticationHandler: AuthenticationScheme: "CustomAuthentication" was challenged.
[2026-06-14 13:45:22.878 +00:00] [INF] [162] Jellyfin.Api.Auth.CustomAuthenticationHandler: "CustomAuthentication" was not authenticated. Failure message: "Invalid token."
[2026-06-14 13:45:22.878 +00:00] [INF] [162] Jellyfin.Api.Auth.CustomAuthenticationHandler: "CustomAuthentication" was not authenticated. Failure message: "Invalid token."
[2026-06-14 13:45:22.878 +00:00] [INF] [162] Jellyfin.Api.Auth.CustomAuthenticationHandler: AuthenticationScheme: "CustomAuthentication" was challenged.
[2026-06-14 13:45:33.391 +00:00] [INF] [159] Jellyfin.Api.Auth.CustomAuthenticationHandler: AuthenticationScheme: "CustomAuthentication" was challenged.
[2026-06-14 13:45:33.396 +00:00] [INF] [159] Jellyfin.Api.Auth.CustomAuthenticationHandler: "CustomAuthentication" was not authenticated. Failure message: "Invalid token."
[2026-06-14 13:45:33.396 +00:00] [INF] [159] Jellyfin.Api.Auth.CustomAuthenticationHandler: "CustomAuthentication" was not authenticated. Failure message: "Invalid token."
[2026-06-14 13:45:33.396 +00:00] [INF] [159] Jellyfin.Api.Auth.CustomAuthenticationHandler: AuthenticationScheme: "CustomAuthentication" was challenged.
[2026-06-14 13:46:26.115 +00:00] [INF] [162] Jellyfin.Api.Auth.CustomAuthenticationHandler: "CustomAuthentication" was not authenticated. Failure message: "Invalid token."
[2026-06-14 13:46:26.115 +00:00] [INF] [162] Jellyfin.Api.Auth.CustomAuthenticationHandler: "CustomAuthentication" was not authenticated. Failure message: "Invalid token."
[2026-06-14 13:46:26.116 +00:00] [INF] [162] Jellyfin.Api.Auth.CustomAuthenticationHandler: AuthenticationScheme: "CustomAuthentication" was challenged.
[2026-06-14 13:46:26.389 +00:00] [INF] [162] Jellyfin.Api.Auth.CustomAuthenticationHandler: "CustomAuthentication" was not authenticated. Failure message: "Invalid token."
[2026-06-14 13:46:26.389 +00:00] [INF] [162] Jellyfin.Api.Auth.CustomAuthenticationHandler: "CustomAuthentication" was not authenticated. Failure message: "Invalid token."
[2026-06-14 13:46:26.389 +00:00] [INF] [162] Jellyfin.Api.Auth.CustomAuthenticationHandler: AuthenticationScheme: "CustomAuthentication" was challenged.
[2026-06-14 13:46:46.714 +00:00] [INF] [154] Emby.Server.Implementations.Session.SessionManager: Sending shutdown notifications
[2026-06-14 13:46:46.718 +00:00] [INF] [155] Main: Running query planner optimizations in the database... This might take a while
[2026-06-14 13:46:46.818 +00:00] [INF] [155] Emby.Server.Implementations.ApplicationHost: Disposing "CoreAppHost"
[2026-06-14 13:46:46.818 +00:00] [INF] [155] Emby.Server.Implementations.ApplicationHost: Disposing "MusicBrainzArtistProvider"
[2026-06-14 13:46:46.819 +00:00] [INF] [155] Emby.Server.Implementations.ApplicationHost: Disposing "MusicBrainzAlbumProvider"
[2026-06-14 13:46:46.819 +00:00] [INF] [155] Emby.Server.Implementations.ApplicationHost: Disposing "PluginManager"
[2026-06-14 13:46:47.991 +00:00] [INF] [1] Emby.Server.Implementations.AppBase.BaseConfigurationManager: Setting cache path: "/cache"
[2026-06-14 13:46:48.110 +00:00] [INF] [9] Jellyfin.Server.ServerSetupApp.SetupServer: Kestrel is listening on "0.0.0.0"
[2026-06-14 13:46:48.123 +00:00] [INF] [9] Main: Jellyfin version: "10.11.10"
[2026-06-14 13:46:48.124 +00:00] [INF] [9] Main: Environment Variables: ["[JELLYFIN_FFMPEG, /usr/lib/jellyfin-ffmpeg/ffmpeg]", "[JELLYFIN_WEB_DIR, /jellyfin/jellyfin-web]", "[JELLYFIN_DATA_DIR, /config]", "[JELLYFIN_LOG_DIR, /config/log]", "[JELLYFIN_CONFIG_DIR, /config/config]", "[JELLYFIN_CACHE_DIR, /cache]"]
[2026-06-14 13:46:48.125 +00:00] [INF] [9] Main: Arguments: ["/jellyfin/jellyfin.dll"]
[2026-06-14 13:46:48.125 +00:00] [INF] [9] Main: Operating system: "Debian GNU/Linux 13 (trixie)"
[2026-06-14 13:46:48.125 +00:00] [INF] [9] Main: Architecture: X64
[2026-06-14 13:46:48.125 +00:00] [INF] [9] Main: 64-Bit Process: True
[2026-06-14 13:46:48.125 +00:00] [INF] [9] Main: User Interactive: True
[2026-06-14 13:46:48.125 +00:00] [INF] [9] Main: Processor count: 8
[2026-06-14 13:46:48.125 +00:00] [INF] [9] Main: Program data path: "/config"
[2026-06-14 13:46:48.125 +00:00] [INF] [9] Main: Log directory path: "/config/log"
[2026-06-14 13:46:48.125 +00:00] [INF] [9] Main: Config directory path: "/config/config"
[2026-06-14 13:46:48.125 +00:00] [INF] [9] Main: Cache path: "/cache"
[2026-06-14 13:46:48.125 +00:00] [INF] [9] Main: Temp directory path: "/tmp/jellyfin"
[2026-06-14 13:46:48.126 +00:00] [INF] [9] Main: Web resources path: "/jellyfin/jellyfin-web"
[2026-06-14 13:46:48.126 +00:00] [INF] [9] Main: Application directory: "/jellyfin/"
[2026-06-14 13:46:48.132 +00:00] [INF] [9] Jellyfin.Server.Startup: Storage path `"/config/data"` (Fixed) successfully checked with "15.6GiB" free which is over the minimum of "2GiB".
[2026-06-14 13:46:48.132 +00:00] [INF] [9] Jellyfin.Server.Startup: Storage path `"/cache"` (Fixed) successfully checked with "15.6GiB" free which is over the minimum of "2GiB".
[2026-06-14 13:46:48.132 +00:00] [INF] [9] Jellyfin.Server.Startup: Storage path `"/config"` (Fixed) successfully checked with "15.6GiB" free which is over the minimum of "2GiB".
[2026-06-14 13:46:48.134 +00:00] [INF] [9] Emby.Server.Implementations.AppBase.BaseConfigurationManager: Setting cache path: "/cache"
[2026-06-14 13:46:48.162 +00:00] [INF] [9] Jellyfin.Database.Providers.Sqlite.SqliteDatabaseProvider: SQLite connection string: "Data Source=/config/data/jellyfin.db;Cache=Default;Default Timeout=30;Pooling=True"
[2026-06-14 13:46:48.165 +00:00] [INF] [9] Jellyfin.Database.Providers.Sqlite.SqliteDatabaseProvider: SQLITE connection pragma command set to: 
"PRAGMA locking_mode=NORMAL;
PRAGMA journal_size_limit=134217728;
PRAGMA synchronous=1;
PRAGMA temp_store=2;
"
[2026-06-14 13:46:48.165 +00:00] [INF] [9] Jellyfin.Database.Implementations.Locking.NoLockBehavior: The database locking mode has been set to: NoLock.
[2026-06-14 13:46:48.180 +00:00] [INF] [9] Jellyfin.Server.Migrations.JellyfinMigrationService: Initialise Migration service.
[2026-06-14 13:46:48.650 +00:00] [INF] [9] Jellyfin.Server.Migrations.JellyfinMigrationService: There are 0 migrations for stage PreInitialisation.
[2026-06-14 13:46:48.656 +00:00] [INF] [9] Emby.Server.Implementations.AppBase.BaseConfigurationManager: Setting cache path: "/cache"
[2026-06-14 13:46:48.662 +00:00] [INF] [9] Emby.Server.Implementations.ApplicationHost: Loading assemblies
[2026-06-14 13:46:48.679 +00:00] [INF] [9] Jellyfin.Networking.Manager.NetworkManager: Defined LAN subnets: ["127.0.0.1/8", "10.0.0.0/8", "172.16.0.0/12", "192.168.0.0/16"]
[2026-06-14 13:46:48.679 +00:00] [INF] [9] Jellyfin.Networking.Manager.NetworkManager: Defined LAN exclusions: []
[2026-06-14 13:46:48.679 +00:00] [INF] [9] Jellyfin.Networking.Manager.NetworkManager: Used LAN subnets: ["127.0.0.1/8", "10.0.0.0/8", "172.16.0.0/12", "192.168.0.0/16"]
[2026-06-14 13:46:48.680 +00:00] [INF] [9] Jellyfin.Networking.Manager.NetworkManager: Filtered interface addresses: ["127.0.0.1", "172.17.0.2"]
[2026-06-14 13:46:48.680 +00:00] [INF] [9] Jellyfin.Networking.Manager.NetworkManager: Bind Addresses ["0.0.0.0"]
[2026-06-14 13:46:48.680 +00:00] [INF] [9] Jellyfin.Networking.Manager.NetworkManager: Remote IP filter is "Allowlist"
[2026-06-14 13:46:48.680 +00:00] [INF] [9] Jellyfin.Networking.Manager.NetworkManager: Filtered subnets: []
[2026-06-14 13:46:48.718 +00:00] [INF] [9] Jellyfin.Database.Providers.Sqlite.SqliteDatabaseProvider: SQLite connection string: "Data Source=/config/data/jellyfin.db;Cache=Default;Default Timeout=30;Pooling=True"
[2026-06-14 13:46:48.718 +00:00] [INF] [9] Jellyfin.Database.Providers.Sqlite.SqliteDatabaseProvider: SQLITE connection pragma command set to: 
"PRAGMA locking_mode=NORMAL;
PRAGMA journal_size_limit=134217728;
PRAGMA synchronous=1;
PRAGMA temp_store=2;
"
[2026-06-14 13:46:48.718 +00:00] [INF] [9] Jellyfin.Database.Implementations.Locking.NoLockBehavior: The database locking mode has been set to: NoLock.
[2026-06-14 13:46:48.720 +00:00] [INF] [9] Main: Prepare system for possible migrations
[2026-06-14 13:46:48.732 +00:00] [INF] [9] Jellyfin.Server.Migrations.JellyfinMigrationService: There are 0 migrations for stage CoreInitialisation.
[2026-06-14 13:46:48.804 +00:00] [INF] [9] Emby.Server.Implementations.Plugins.PluginManager: Loaded plugin: "TMDb" "10.11.10.0"
[2026-06-14 13:46:48.805 +00:00] [INF] [9] Emby.Server.Implementations.Plugins.PluginManager: Loaded plugin: "Studio Images" "10.11.10.0"
[2026-06-14 13:46:48.805 +00:00] [INF] [9] Emby.Server.Implementations.Plugins.PluginManager: Loaded plugin: "OMDb" "10.11.10.0"
[2026-06-14 13:46:48.810 +00:00] [INF] [9] Emby.Server.Implementations.Plugins.PluginManager: Loaded plugin: "MusicBrainz" "10.11.10.0"
[2026-06-14 13:46:48.810 +00:00] [INF] [9] Emby.Server.Implementations.Plugins.PluginManager: Loaded plugin: "AudioDB" "10.11.10.0"
[2026-06-14 13:46:48.827 +00:00] [INF] [9] Jellyfin.Server.Migrations.JellyfinMigrationService: There are 0 migrations for stage AppInitialisation.
[2026-06-14 13:46:48.952 +00:00] [INF] [10] Main: Kestrel is listening on "0.0.0.0"
[2026-06-14 13:46:49.258 +00:00] [WRN] [10] Microsoft.AspNetCore.StaticFiles.StaticFileMiddleware: The WebRootPath was not found: "/wwwroot". Static files may be unavailable.
[2026-06-14 13:46:49.285 +00:00] [INF] [10] Emby.Server.Implementations.ApplicationHost: Running startup tasks
[2026-06-14 13:46:49.290 +00:00] [INF] [10] Emby.Server.Implementations.ScheduledTasks.TaskManager: Daily trigger for "生成进度条预览图" set to fire at 2026-06-15 03:00:00.000 +00:00, which is 13:13:10.7094000 from now.
[2026-06-14 13:46:49.297 +00:00] [INF] [10] Emby.Server.Implementations.ScheduledTasks.TaskManager: Daily trigger for "提取章节图片" set to fire at 2026-06-15 02:00:00.000 +00:00, which is 12:13:10.7028897 from now.
[2026-06-14 13:46:49.313 +00:00] [INF] [10] MediaBrowser.MediaEncoding.Encoder.MediaEncoder: Found ffmpeg version "7.1.3"
[2026-06-14 13:46:49.330 +00:00] [INF] [10] MediaBrowser.MediaEncoding.Encoder.MediaEncoder: Available "decoders": ["libdav1d", "av1", "av1_cuvid", "av1_qsv", "h264", "h264_qsv", "h264_cuvid", "hevc", "hevc_qsv", "hevc_cuvid", "mpeg2video", "mpeg2_qsv", "mpeg2_cuvid", "mpeg4", "mpeg4_cuvid", "msmpeg4", "vc1_qsv", "vc1_cuvid", "vp8", "libvpx", "vp8_cuvid", "vp8_qsv", "vp9", "libvpx-vp9", "vp9_cuvid", "vp9_qsv", "aac", "ac3", "ac4", "dca", "flac", "mp3", "truehd"]
[2026-06-14 13:46:49.340 +00:00] [INF] [10] MediaBrowser.MediaEncoding.Encoder.MediaEncoder: Available "encoders": ["libsvtav1", "av1_nvenc", "av1_qsv", "av1_amf", "av1_vaapi", "libx264", "h264_amf", "h264_nvenc", "h264_qsv", "h264_v4l2m2m", "h264_vaapi", "libx265", "hevc_amf", "hevc_nvenc", "hevc_qsv", "hevc_vaapi", "mjpeg_qsv", "mjpeg_vaapi", "aac", "libfdk_aac", "ac3", "alac", "dca", "flac", "libmp3lame", "libopus", "truehd", "libvorbis", "srt"]
[2026-06-14 13:46:49.352 +00:00] [INF] [10] MediaBrowser.MediaEncoding.Encoder.MediaEncoder: Available filters: ["bwdif_cuda", "bwdif_opencl", "deinterlace_qsv", "deinterlace_vaapi", "flip_vulkan", "hwupload_cuda", "hwupload_vaapi", "libplacebo", "overlay_opencl", "overlay_qsv", "overlay_vaapi", "overlay_vulkan", "overlay_cuda", "procamp_vaapi", "scale_cuda", "scale_opencl", "scale_qsv", "scale_vaapi", "scale_vulkan", "tonemapx", "tonemap_cuda", "tonemap_opencl", "tonemap_vaapi", "transpose_cuda", "transpose_opencl", "transpose_vaapi", "transpose_vulkan", "vpp_qsv", "yadif_cuda", "yadif_opencl", "zscale", "alphasrc"]
[2026-06-14 13:46:49.873 +00:00] [INF] [10] MediaBrowser.MediaEncoding.Encoder.MediaEncoder: Available hwaccel types: ["cuda", "vaapi", "qsv", "drm", "opencl", "vulkan"]
[2026-06-14 13:46:52.307 +00:00] [INF] [7] Emby.Server.Implementations.ScheduledTasks.TaskManager: "清理转码目录" Completed after 0 minute(s) and 0 seconds
[2026-06-14 13:46:52.311 +00:00] [INF] [9] Emby.Server.Implementations.ScheduledTasks.TaskManager: "清理合集和播放列表" Completed after 0 minute(s) and 0 seconds
[2026-06-14 13:46:52.490 +00:00] [INF] [10] MediaBrowser.MediaEncoding.Encoder.MediaEncoder: FFmpeg: "/usr/lib/jellyfin-ffmpeg/ffmpeg"
[2026-06-14 13:46:52.492 +00:00] [INF] [10] Emby.Server.Implementations.ApplicationHost: ServerId: "389be4f871cd435ea45aa0d524ca6c9f"
[2026-06-14 13:46:52.492 +00:00] [INF] [10] Emby.Server.Implementations.ApplicationHost: Core startup complete
[2026-06-14 13:46:52.492 +00:00] [INF] [10] Main: Startup complete 0:00:04.6600698
[2026-06-14 13:46:54.722 +00:00] [INF] [13] Emby.Server.Implementations.ScheduledTasks.TaskManager: "更新插件" Completed after 0 minute(s) and 2 seconds
[2026-06-14 13:46:57.983 +00:00] [ERR] [13] Microsoft.EntityFrameworkCore.Query: An exception occurred while iterating over the results of a query for context type '"Jellyfin.Database.Implementations.JellyfinDbContext"'."
""System.FormatException: Unrecognized Guid format.
   at System.Guid.GuidResult.SetFailure(ParseFailure failureKind)
   at System.Guid.TryParseGuid(ReadOnlySpan`1 guidString, GuidResult& result)
   at System.Guid..ctor(String g)
   at Microsoft.Data.Sqlite.SqliteValueReader.GetGuid(Int32 ordinal)
   at Microsoft.Data.Sqlite.SqliteDataReader.GetGuid(Int32 ordinal)
   at lambda_method635(Closure, QueryContext, DbDataReader, ResultContext, SingleQueryResultCoordinator)
   at Microsoft.EntityFrameworkCore.Query.Internal.SingleQueryingEnumerable`1.Enumerator.MoveNext()"
System.FormatException: Unrecognized Guid format.
   at System.Guid.GuidResult.SetFailure(ParseFailure failureKind)
   at System.Guid.TryParseGuid(ReadOnlySpan`1 guidString, GuidResult& result)
   at System.Guid..ctor(String g)
   at Microsoft.Data.Sqlite.SqliteValueReader.GetGuid(Int32 ordinal)
   at Microsoft.Data.Sqlite.SqliteDataReader.GetGuid(Int32 ordinal)
   at lambda_method635(Closure, QueryContext, DbDataReader, ResultContext, SingleQueryResultCoordinator)
   at Microsoft.EntityFrameworkCore.Query.Internal.SingleQueryingEnumerable`1.Enumerator.MoveNext()
   at System.Linq.Enumerable.TryGetSingle[TSource](IEnumerable`1 source, Boolean& found)
   at lambda_method633(Closure, QueryContext)
   at Microsoft.EntityFrameworkCore.Query.Internal.QueryCompiler.ExecuteCore[TResult](Expression query, Boolean async, CancellationToken cancellationToken)
   at Microsoft.EntityFrameworkCore.Query.Internal.QueryCompiler.Execute[TResult](Expression query)
   at Microsoft.EntityFrameworkCore.Query.Internal.EntityQueryProvider.Execute[TResult](Expression expression)
   at Jellyfin.Server.Implementations.Users.UserManager.GetUserByName(String name)
   at Emby.Server.Implementations.Session.SessionManager.AuthenticateNewSessionInternal(AuthenticationRequest request, Boolean enforcePassword)
[2026-06-14 13:46:57.985 +00:00] [ERR] [13] Jellyfin.Api.Middleware.ExceptionMiddleware: Error processing request. URL "POST" "/Users/AuthenticateByName".
System.FormatException: Unrecognized Guid format.
   at System.Guid.GuidResult.SetFailure(ParseFailure failureKind)
   at System.Guid.TryParseGuid(ReadOnlySpan`1 guidString, GuidResult& result)
   at System.Guid..ctor(String g)
   at Microsoft.Data.Sqlite.SqliteValueReader.GetGuid(Int32 ordinal)
   at Microsoft.Data.Sqlite.SqliteDataReader.GetGuid(Int32 ordinal)
   at lambda_method635(Closure, QueryContext, DbDataReader, ResultContext, SingleQueryResultCoordinator)
   at Microsoft.EntityFrameworkCore.Query.Internal.SingleQueryingEnumerable`1.Enumerator.MoveNext()
   at System.Linq.Enumerable.TryGetSingle[TSource](IEnumerable`1 source, Boolean& found)
   at lambda_method633(Closure, QueryContext)
   at Microsoft.EntityFrameworkCore.Query.Internal.QueryCompiler.ExecuteCore[TResult](Expression query, Boolean async, CancellationToken cancellationToken)
   at Microsoft.EntityFrameworkCore.Query.Internal.QueryCompiler.Execute[TResult](Expression query)
   at Microsoft.EntityFrameworkCore.Query.Internal.EntityQueryProvider.Execute[TResult](Expression expression)
   at Jellyfin.Server.Implementations.Users.UserManager.GetUserByName(String name)
   at Emby.Server.Implementations.Session.SessionManager.AuthenticateNewSessionInternal(AuthenticationRequest request, Boolean enforcePassword)
   at Jellyfin.Api.Controllers.UserController.AuthenticateUserByName(AuthenticateUserByName request)
   at lambda_method502(Closure, Object)
   at Microsoft.AspNetCore.Mvc.Infrastructure.ActionMethodExecutor.AwaitableObjectResultExecutor.Execute(ActionContext actionContext, IActionResultTypeMapper mapper, ObjectMethodExecutor executor, Object controller, Object[] arguments)
   at Microsoft.AspNetCore.Mvc.Infrastructure.ControllerActionInvoker.<InvokeActionMethodAsync>g__Awaited|12_0(ControllerActionInvoker invoker, ValueTask`1 actionResultValueTask)
   at Microsoft.AspNetCore.Mvc.Infrastructure.ControllerActionInvoker.<InvokeNextActionFilterAsync>g__Awaited|10_0(ControllerActionInvoker invoker, Task lastTask, State next, Scope scope, Object state, Boolean isCompleted)
   at Microsoft.AspNetCore.Mvc.Infrastructure.ControllerActionInvoker.Rethrow(ActionExecutedContextSealed context)
   at Microsoft.AspNetCore.Mvc.Infrastructure.ControllerActionInvoker.Next(State& next, Scope& scope, Object& state, Boolean& isCompleted)
   at Microsoft.AspNetCore.Mvc.Infrastructure.ControllerActionInvoker.InvokeInnerFilterAsync()
--- End of stack trace from previous location ---
   at Microsoft.AspNetCore.Mvc.Infrastructure.ResourceInvoker.<InvokeNextResourceFilter>g__Awaited|25_0(ResourceInvoker invoker, Task lastTask, State next, Scope scope, Object state, Boolean isCompleted)
   at Microsoft.AspNetCore.Mvc.Infrastructure.ResourceInvoker.Rethrow(ResourceExecutedContextSealed context)
   at Microsoft.AspNetCore.Mvc.Infrastructure.ResourceInvoker.Next(State& next, Scope& scope, Object& state, Boolean& isCompleted)
   at Microsoft.AspNetCore.Mvc.Infrastructure.ResourceInvoker.InvokeFilterPipelineAsync()
--- End of stack trace from previous location ---
   at Microsoft.AspNetCore.Mvc.Infrastructure.ResourceInvoker.<InvokeAsync>g__Awaited|17_0(ResourceInvoker invoker, Task task, IDisposable scope)
   at Microsoft.AspNetCore.Mvc.Infrastructure.ResourceInvoker.<InvokeAsync>g__Awaited|17_0(ResourceInvoker invoker, Task task, IDisposable scope)
   at Jellyfin.Api.Middleware.ServerStartupMessageMiddleware.Invoke(HttpContext httpContext, IServerApplicationHost serverApplicationHost, ILocalizationManager localizationManager)
   at Jellyfin.Api.Middleware.WebSocketHandlerMiddleware.Invoke(HttpContext httpContext, IWebSocketManager webSocketManager)
   at Jellyfin.Api.Middleware.IPBasedAccessValidationMiddleware.Invoke(HttpContext httpContext, INetworkManager networkManager)
   at Microsoft.AspNetCore.Authorization.AuthorizationMiddleware.Invoke(HttpContext context)
   at Jellyfin.Api.Middleware.QueryStringDecodingMiddleware.Invoke(HttpContext httpContext)
   at Swashbuckle.AspNetCore.ReDoc.ReDocMiddleware.Invoke(HttpContext httpContext)
   at Swashbuckle.AspNetCore.SwaggerUI.SwaggerUIMiddleware.Invoke(HttpContext httpContext)
   at Swashbuckle.AspNetCore.Swagger.SwaggerMiddleware.Invoke(HttpContext httpContext, ISwaggerProvider swaggerProvider)
   at Microsoft.AspNetCore.Authentication.AuthenticationMiddleware.Invoke(HttpContext context)
   at Jellyfin.Api.Middleware.RobotsRedirectionMiddleware.Invoke(HttpContext httpContext)
   at Jellyfin.Api.Middleware.LegacyEmbyRouteRewriteMiddleware.Invoke(HttpContext httpContext)
   at Jellyfin.Api.Middleware.ResponseTimeMiddleware.Invoke(HttpContext context, IServerConfigurationManager serverConfigurationManager)
   at Jellyfin.Api.Middleware.ExceptionMiddleware.Invoke(HttpContext context)
[2026-06-14 13:47:06.821 +00:00] [INF] [20] Emby.Server.Implementations.Session.SessionManager: Sending shutdown notifications
[2026-06-14 13:47:06.839 +00:00] [INF] [9] Main: Running query planner optimizations in the database... This might take a while
[2026-06-14 13:47:06.948 +00:00] [INF] [9] Emby.Server.Implementations.ApplicationHost: Disposing "CoreAppHost"
[2026-06-14 13:47:06.949 +00:00] [INF] [9] Emby.Server.Implementations.ApplicationHost: Disposing "MusicBrainzArtistProvider"
[2026-06-14 13:47:06.950 +00:00] [INF] [9] Emby.Server.Implementations.ApplicationHost: Disposing "MusicBrainzAlbumProvider"
[2026-06-14 13:47:06.950 +00:00] [INF] [9] Emby.Server.Implementations.ApplicationHost: Disposing "PluginManager"
[2026-06-14 13:47:08.072 +00:00] [INF] [1] Emby.Server.Implementations.AppBase.BaseConfigurationManager: Setting cache path: "/cache"
[2026-06-14 13:47:08.221 +00:00] [INF] [10] Jellyfin.Server.ServerSetupApp.SetupServer: Kestrel is listening on "0.0.0.0"
[2026-06-14 13:47:08.245 +00:00] [INF] [10] Main: Jellyfin version: "10.11.10"
[2026-06-14 13:47:08.247 +00:00] [INF] [10] Main: Environment Variables: ["[JELLYFIN_FFMPEG, /usr/lib/jellyfin-ffmpeg/ffmpeg]", "[JELLYFIN_DATA_DIR, /config]", "[JELLYFIN_LOG_DIR, /config/log]", "[JELLYFIN_CONFIG_DIR, /config/config]", "[JELLYFIN_WEB_DIR, /jellyfin/jellyfin-web]", "[JELLYFIN_CACHE_DIR, /cache]"]
[2026-06-14 13:47:08.248 +00:00] [INF] [10] Main: Arguments: ["/jellyfin/jellyfin.dll"]
[2026-06-14 13:47:08.249 +00:00] [INF] [10] Main: Operating system: "Debian GNU/Linux 13 (trixie)"
[2026-06-14 13:47:08.249 +00:00] [INF] [10] Main: Architecture: X64
[2026-06-14 13:47:08.249 +00:00] [INF] [10] Main: 64-Bit Process: True
[2026-06-14 13:47:08.249 +00:00] [INF] [10] Main: User Interactive: True
[2026-06-14 13:47:08.249 +00:00] [INF] [10] Main: Processor count: 8
[2026-06-14 13:47:08.249 +00:00] [INF] [10] Main: Program data path: "/config"
[2026-06-14 13:47:08.249 +00:00] [INF] [10] Main: Log directory path: "/config/log"
[2026-06-14 13:47:08.249 +00:00] [INF] [10] Main: Config directory path: "/config/config"
[2026-06-14 13:47:08.249 +00:00] [INF] [10] Main: Cache path: "/cache"
[2026-06-14 13:47:08.249 +00:00] [INF] [10] Main: Temp directory path: "/tmp/jellyfin"
[2026-06-14 13:47:08.249 +00:00] [INF] [10] Main: Web resources path: "/jellyfin/jellyfin-web"
[2026-06-14 13:47:08.249 +00:00] [INF] [10] Main: Application directory: "/jellyfin/"
[2026-06-14 13:47:08.256 +00:00] [INF] [10] Jellyfin.Server.Startup: Storage path `"/config/data"` (Fixed) successfully checked with "15.6GiB" free which is over the minimum of "2GiB".
[2026-06-14 13:47:08.257 +00:00] [INF] [10] Jellyfin.Server.Startup: Storage path `"/cache"` (Fixed) successfully checked with "15.6GiB" free which is over the minimum of "2GiB".
[2026-06-14 13:47:08.257 +00:00] [INF] [10] Jellyfin.Server.Startup: Storage path `"/config"` (Fixed) successfully checked with "15.6GiB" free which is over the minimum of "2GiB".
[2026-06-14 13:47:08.258 +00:00] [INF] [10] Emby.Server.Implementations.AppBase.BaseConfigurationManager: Setting cache path: "/cache"
[2026-06-14 13:47:08.286 +00:00] [INF] [10] Jellyfin.Database.Providers.Sqlite.SqliteDatabaseProvider: SQLite connection string: "Data Source=/config/data/jellyfin.db;Cache=Default;Default Timeout=30;Pooling=True"
[2026-06-14 13:47:08.289 +00:00] [INF] [10] Jellyfin.Database.Providers.Sqlite.SqliteDatabaseProvider: SQLITE connection pragma command set to: 
"PRAGMA locking_mode=NORMAL;
PRAGMA journal_size_limit=134217728;
PRAGMA synchronous=1;
PRAGMA temp_store=2;
"
[2026-06-14 13:47:08.290 +00:00] [INF] [10] Jellyfin.Database.Implementations.Locking.NoLockBehavior: The database locking mode has been set to: NoLock.
[2026-06-14 13:47:08.304 +00:00] [INF] [10] Jellyfin.Server.Migrations.JellyfinMigrationService: Initialise Migration service.
[2026-06-14 13:47:08.768 +00:00] [INF] [10] Jellyfin.Server.Migrations.JellyfinMigrationService: There are 0 migrations for stage PreInitialisation.
[2026-06-14 13:47:08.774 +00:00] [INF] [10] Emby.Server.Implementations.AppBase.BaseConfigurationManager: Setting cache path: "/cache"
[2026-06-14 13:47:08.780 +00:00] [INF] [10] Emby.Server.Implementations.ApplicationHost: Loading assemblies
[2026-06-14 13:47:08.796 +00:00] [INF] [10] Jellyfin.Networking.Manager.NetworkManager: Defined LAN subnets: ["127.0.0.1/8", "10.0.0.0/8", "172.16.0.0/12", "192.168.0.0/16"]
[2026-06-14 13:47:08.796 +00:00] [INF] [10] Jellyfin.Networking.Manager.NetworkManager: Defined LAN exclusions: []
[2026-06-14 13:47:08.796 +00:00] [INF] [10] Jellyfin.Networking.Manager.NetworkManager: Used LAN subnets: ["127.0.0.1/8", "10.0.0.0/8", "172.16.0.0/12", "192.168.0.0/16"]
[2026-06-14 13:47:08.797 +00:00] [INF] [10] Jellyfin.Networking.Manager.NetworkManager: Filtered interface addresses: ["127.0.0.1", "172.17.0.2"]
[2026-06-14 13:47:08.797 +00:00] [INF] [10] Jellyfin.Networking.Manager.NetworkManager: Bind Addresses ["0.0.0.0"]
[2026-06-14 13:47:08.797 +00:00] [INF] [10] Jellyfin.Networking.Manager.NetworkManager: Remote IP filter is "Allowlist"
[2026-06-14 13:47:08.797 +00:00] [INF] [10] Jellyfin.Networking.Manager.NetworkManager: Filtered subnets: []
[2026-06-14 13:47:08.833 +00:00] [INF] [10] Jellyfin.Database.Providers.Sqlite.SqliteDatabaseProvider: SQLite connection string: "Data Source=/config/data/jellyfin.db;Cache=Default;Default Timeout=30;Pooling=True"
[2026-06-14 13:47:08.834 +00:00] [INF] [10] Jellyfin.Database.Providers.Sqlite.SqliteDatabaseProvider: SQLITE connection pragma command set to: 
"PRAGMA locking_mode=NORMAL;
PRAGMA journal_size_limit=134217728;
PRAGMA synchronous=1;
PRAGMA temp_store=2;
"
[2026-06-14 13:47:08.834 +00:00] [INF] [10] Jellyfin.Database.Implementations.Locking.NoLockBehavior: The database locking mode has been set to: NoLock.
[2026-06-14 13:47:08.836 +00:00] [INF] [10] Main: Prepare system for possible migrations
[2026-06-14 13:47:08.848 +00:00] [INF] [10] Jellyfin.Server.Migrations.JellyfinMigrationService: There are 0 migrations for stage CoreInitialisation.
[2026-06-14 13:47:08.921 +00:00] [INF] [10] Emby.Server.Implementations.Plugins.PluginManager: Loaded plugin: "TMDb" "10.11.10.0"
[2026-06-14 13:47:08.921 +00:00] [INF] [10] Emby.Server.Implementations.Plugins.PluginManager: Loaded plugin: "Studio Images" "10.11.10.0"
[2026-06-14 13:47:08.921 +00:00] [INF] [10] Emby.Server.Implementations.Plugins.PluginManager: Loaded plugin: "OMDb" "10.11.10.0"
[2026-06-14 13:47:08.926 +00:00] [INF] [10] Emby.Server.Implementations.Plugins.PluginManager: Loaded plugin: "MusicBrainz" "10.11.10.0"
[2026-06-14 13:47:08.926 +00:00] [INF] [10] Emby.Server.Implementations.Plugins.PluginManager: Loaded plugin: "AudioDB" "10.11.10.0"
[2026-06-14 13:47:08.943 +00:00] [INF] [10] Jellyfin.Server.Migrations.JellyfinMigrationService: There are 0 migrations for stage AppInitialisation.
[2026-06-14 13:47:09.078 +00:00] [INF] [13] Main: Kestrel is listening on "0.0.0.0"
[2026-06-14 13:47:09.374 +00:00] [WRN] [13] Microsoft.AspNetCore.StaticFiles.StaticFileMiddleware: The WebRootPath was not found: "/wwwroot". Static files may be unavailable.
[2026-06-14 13:47:09.402 +00:00] [INF] [13] Emby.Server.Implementations.ApplicationHost: Running startup tasks
[2026-06-14 13:47:09.406 +00:00] [INF] [13] Emby.Server.Implementations.ScheduledTasks.TaskManager: Daily trigger for "生成进度条预览图" set to fire at 2026-06-15 03:00:00.000 +00:00, which is 13:12:50.5933301 from now.
[2026-06-14 13:47:09.412 +00:00] [INF] [13] Emby.Server.Implementations.ScheduledTasks.TaskManager: Daily trigger for "提取章节图片" set to fire at 2026-06-15 02:00:00.000 +00:00, which is 12:12:50.5878651 from now.
[2026-06-14 13:47:09.429 +00:00] [INF] [13] MediaBrowser.MediaEncoding.Encoder.MediaEncoder: Found ffmpeg version "7.1.3"
[2026-06-14 13:47:09.445 +00:00] [INF] [13] MediaBrowser.MediaEncoding.Encoder.MediaEncoder: Available "decoders": ["libdav1d", "av1", "av1_cuvid", "av1_qsv", "h264", "h264_qsv", "h264_cuvid", "hevc", "hevc_qsv", "hevc_cuvid", "mpeg2video", "mpeg2_qsv", "mpeg2_cuvid", "mpeg4", "mpeg4_cuvid", "msmpeg4", "vc1_qsv", "vc1_cuvid", "vp8", "libvpx", "vp8_cuvid", "vp8_qsv", "vp9", "libvpx-vp9", "vp9_cuvid", "vp9_qsv", "aac", "ac3", "ac4", "dca", "flac", "mp3", "truehd"]
[2026-06-14 13:47:09.456 +00:00] [INF] [13] MediaBrowser.MediaEncoding.Encoder.MediaEncoder: Available "encoders": ["libsvtav1", "av1_nvenc", "av1_qsv", "av1_amf", "av1_vaapi", "libx264", "h264_amf", "h264_nvenc", "h264_qsv", "h264_v4l2m2m", "h264_vaapi", "libx265", "hevc_amf", "hevc_nvenc", "hevc_qsv", "hevc_vaapi", "mjpeg_qsv", "mjpeg_vaapi", "aac", "libfdk_aac", "ac3", "alac", "dca", "flac", "libmp3lame", "libopus", "truehd", "libvorbis", "srt"]
[2026-06-14 13:47:09.482 +00:00] [INF] [13] MediaBrowser.MediaEncoding.Encoder.MediaEncoder: Available filters: ["bwdif_cuda", "bwdif_opencl", "deinterlace_qsv", "deinterlace_vaapi", "flip_vulkan", "hwupload_cuda", "hwupload_vaapi", "libplacebo", "overlay_opencl", "overlay_qsv", "overlay_vaapi", "overlay_vulkan", "overlay_cuda", "procamp_vaapi", "scale_cuda", "scale_opencl", "scale_qsv", "scale_vaapi", "scale_vulkan", "tonemapx", "tonemap_cuda", "tonemap_opencl", "tonemap_vaapi", "transpose_cuda", "transpose_opencl", "transpose_vaapi", "transpose_vulkan", "vpp_qsv", "yadif_cuda", "yadif_opencl", "zscale", "alphasrc"]
[2026-06-14 13:47:09.849 +00:00] [INF] [13] MediaBrowser.MediaEncoding.Encoder.MediaEncoder: Available hwaccel types: ["cuda", "vaapi", "qsv", "drm", "opencl", "vulkan"]
[2026-06-14 13:47:12.419 +00:00] [INF] [13] MediaBrowser.MediaEncoding.Encoder.MediaEncoder: FFmpeg: "/usr/lib/jellyfin-ffmpeg/ffmpeg"
[2026-06-14 13:47:12.421 +00:00] [INF] [13] Emby.Server.Implementations.ApplicationHost: ServerId: "389be4f871cd435ea45aa0d524ca6c9f"
[2026-06-14 13:47:12.421 +00:00] [INF] [13] Emby.Server.Implementations.ApplicationHost: Core startup complete
[2026-06-14 13:47:12.421 +00:00] [INF] [13] Main: Startup complete 0:00:04.5901192
[2026-06-14 13:47:12.438 +00:00] [INF] [19] Emby.Server.Implementations.ScheduledTasks.TaskManager: "清理转码目录" Completed after 0 minute(s) and 0 seconds
[2026-06-14 13:47:12.447 +00:00] [INF] [18] Emby.Server.Implementations.ScheduledTasks.TaskManager: "清理合集和播放列表" Completed after 0 minute(s) and 0 seconds
[2026-06-14 13:47:15.133 +00:00] [INF] [18] Emby.Server.Implementations.ScheduledTasks.TaskManager: "更新插件" Completed after 0 minute(s) and 2 seconds
[2026-06-14 13:47:17.973 +00:00] [ERR] [18] Microsoft.EntityFrameworkCore.Query: An exception occurred while iterating over the results of a query for context type '"Jellyfin.Database.Implementations.JellyfinDbContext"'."
""System.FormatException: Unrecognized Guid format.
   at System.Guid.GuidResult.SetFailure(ParseFailure failureKind)
   at System.Guid.TryParseGuid(ReadOnlySpan`1 guidString, GuidResult& result)
   at System.Guid..ctor(String g)
   at Microsoft.Data.Sqlite.SqliteValueReader.GetGuid(Int32 ordinal)
   at Microsoft.Data.Sqlite.SqliteDataReader.GetGuid(Int32 ordinal)
   at lambda_method635(Closure, QueryContext, DbDataReader, ResultContext, SingleQueryResultCoordinator)
   at Microsoft.EntityFrameworkCore.Query.Internal.SingleQueryingEnumerable`1.Enumerator.MoveNext()"
System.FormatException: Unrecognized Guid format.
   at System.Guid.GuidResult.SetFailure(ParseFailure failureKind)
   at System.Guid.TryParseGuid(ReadOnlySpan`1 guidString, GuidResult& result)
   at System.Guid..ctor(String g)
   at Microsoft.Data.Sqlite.SqliteValueReader.GetGuid(Int32 ordinal)
   at Microsoft.Data.Sqlite.SqliteDataReader.GetGuid(Int32 ordinal)
   at lambda_method635(Closure, QueryContext, DbDataReader, ResultContext, SingleQueryResultCoordinator)
   at Microsoft.EntityFrameworkCore.Query.Internal.SingleQueryingEnumerable`1.Enumerator.MoveNext()
   at System.Linq.Enumerable.TryGetSingle[TSource](IEnumerable`1 source, Boolean& found)
   at lambda_method633(Closure, QueryContext)
   at Microsoft.EntityFrameworkCore.Query.Internal.QueryCompiler.ExecuteCore[TResult](Expression query, Boolean async, CancellationToken cancellationToken)
   at Microsoft.EntityFrameworkCore.Query.Internal.QueryCompiler.Execute[TResult](Expression query)
   at Microsoft.EntityFrameworkCore.Query.Internal.EntityQueryProvider.Execute[TResult](Expression expression)
   at Jellyfin.Server.Implementations.Users.UserManager.GetUserByName(String name)
   at Emby.Server.Implementations.Session.SessionManager.AuthenticateNewSessionInternal(AuthenticationRequest request, Boolean enforcePassword)
[2026-06-14 13:47:17.975 +00:00] [ERR] [18] Jellyfin.Api.Middleware.ExceptionMiddleware: Error processing request. URL "POST" "/Users/AuthenticateByName".
System.FormatException: Unrecognized Guid format.
   at System.Guid.GuidResult.SetFailure(ParseFailure failureKind)
   at System.Guid.TryParseGuid(ReadOnlySpan`1 guidString, GuidResult& result)
   at System.Guid..ctor(String g)
   at Microsoft.Data.Sqlite.SqliteValueReader.GetGuid(Int32 ordinal)
   at Microsoft.Data.Sqlite.SqliteDataReader.GetGuid(Int32 ordinal)
   at lambda_method635(Closure, QueryContext, DbDataReader, ResultContext, SingleQueryResultCoordinator)
   at Microsoft.EntityFrameworkCore.Query.Internal.SingleQueryingEnumerable`1.Enumerator.MoveNext()
   at System.Linq.Enumerable.TryGetSingle[TSource](IEnumerable`1 source, Boolean& found)
   at lambda_method633(Closure, QueryContext)
   at Microsoft.EntityFrameworkCore.Query.Internal.QueryCompiler.ExecuteCore[TResult](Expression query, Boolean async, CancellationToken cancellationToken)
   at Microsoft.EntityFrameworkCore.Query.Internal.QueryCompiler.Execute[TResult](Expression query)
   at Microsoft.EntityFrameworkCore.Query.Internal.EntityQueryProvider.Execute[TResult](Expression expression)
   at Jellyfin.Server.Implementations.Users.UserManager.GetUserByName(String name)
   at Emby.Server.Implementations.Session.SessionManager.AuthenticateNewSessionInternal(AuthenticationRequest request, Boolean enforcePassword)
   at Jellyfin.Api.Controllers.UserController.AuthenticateUserByName(AuthenticateUserByName request)
   at lambda_method502(Closure, Object)
   at Microsoft.AspNetCore.Mvc.Infrastructure.ActionMethodExecutor.AwaitableObjectResultExecutor.Execute(ActionContext actionContext, IActionResultTypeMapper mapper, ObjectMethodExecutor executor, Object controller, Object[] arguments)
   at Microsoft.AspNetCore.Mvc.Infrastructure.ControllerActionInvoker.<InvokeActionMethodAsync>g__Awaited|12_0(ControllerActionInvoker invoker, ValueTask`1 actionResultValueTask)
   at Microsoft.AspNetCore.Mvc.Infrastructure.ControllerActionInvoker.<InvokeNextActionFilterAsync>g__Awaited|10_0(ControllerActionInvoker invoker, Task lastTask, State next, Scope scope, Object state, Boolean isCompleted)
   at Microsoft.AspNetCore.Mvc.Infrastructure.ControllerActionInvoker.Rethrow(ActionExecutedContextSealed context)
   at Microsoft.AspNetCore.Mvc.Infrastructure.ControllerActionInvoker.Next(State& next, Scope& scope, Object& state, Boolean& isCompleted)
   at Microsoft.AspNetCore.Mvc.Infrastructure.ControllerActionInvoker.InvokeInnerFilterAsync()
--- End of stack trace from previous location ---
   at Microsoft.AspNetCore.Mvc.Infrastructure.ResourceInvoker.<InvokeNextResourceFilter>g__Awaited|25_0(ResourceInvoker invoker, Task lastTask, State next, Scope scope, Object state, Boolean isCompleted)
   at Microsoft.AspNetCore.Mvc.Infrastructure.ResourceInvoker.Rethrow(ResourceExecutedContextSealed context)
   at Microsoft.AspNetCore.Mvc.Infrastructure.ResourceInvoker.Next(State& next, Scope& scope, Object& state, Boolean& isCompleted)
   at Microsoft.AspNetCore.Mvc.Infrastructure.ResourceInvoker.InvokeFilterPipelineAsync()
--- End of stack trace from previous location ---
   at Microsoft.AspNetCore.Mvc.Infrastructure.ResourceInvoker.<InvokeAsync>g__Awaited|17_0(ResourceInvoker invoker, Task task, IDisposable scope)
   at Microsoft.AspNetCore.Mvc.Infrastructure.ResourceInvoker.<InvokeAsync>g__Awaited|17_0(ResourceInvoker invoker, Task task, IDisposable scope)
   at Jellyfin.Api.Middleware.ServerStartupMessageMiddleware.Invoke(HttpContext httpContext, IServerApplicationHost serverApplicationHost, ILocalizationManager localizationManager)
   at Jellyfin.Api.Middleware.WebSocketHandlerMiddleware.Invoke(HttpContext httpContext, IWebSocketManager webSocketManager)
   at Jellyfin.Api.Middleware.IPBasedAccessValidationMiddleware.Invoke(HttpContext httpContext, INetworkManager networkManager)
   at Microsoft.AspNetCore.Authorization.AuthorizationMiddleware.Invoke(HttpContext context)
   at Jellyfin.Api.Middleware.QueryStringDecodingMiddleware.Invoke(HttpContext httpContext)
   at Swashbuckle.AspNetCore.ReDoc.ReDocMiddleware.Invoke(HttpContext httpContext)
   at Swashbuckle.AspNetCore.SwaggerUI.SwaggerUIMiddleware.Invoke(HttpContext httpContext)
   at Swashbuckle.AspNetCore.Swagger.SwaggerMiddleware.Invoke(HttpContext httpContext, ISwaggerProvider swaggerProvider)
   at Microsoft.AspNetCore.Authentication.AuthenticationMiddleware.Invoke(HttpContext context)
   at Jellyfin.Api.Middleware.RobotsRedirectionMiddleware.Invoke(HttpContext httpContext)
   at Jellyfin.Api.Middleware.LegacyEmbyRouteRewriteMiddleware.Invoke(HttpContext httpContext)
   at Jellyfin.Api.Middleware.ResponseTimeMiddleware.Invoke(HttpContext context, IServerConfigurationManager serverConfigurationManager)
   at Jellyfin.Api.Middleware.ExceptionMiddleware.Invoke(HttpContext context)
[2026-06-14 13:47:27.090 +00:00] [INF] [21] Emby.Server.Implementations.Session.SessionManager: Sending shutdown notifications
[2026-06-14 13:47:27.112 +00:00] [INF] [13] Main: Running query planner optimizations in the database... This might take a while
[2026-06-14 13:47:27.222 +00:00] [INF] [13] Emby.Server.Implementations.ApplicationHost: Disposing "CoreAppHost"
[2026-06-14 13:47:27.223 +00:00] [INF] [13] Emby.Server.Implementations.ApplicationHost: Disposing "MusicBrainzArtistProvider"
[2026-06-14 13:47:27.224 +00:00] [INF] [13] Emby.Server.Implementations.ApplicationHost: Disposing "MusicBrainzAlbumProvider"
[2026-06-14 13:47:27.224 +00:00] [INF] [13] Emby.Server.Implementations.ApplicationHost: Disposing "PluginManager"
[2026-06-14 13:47:28.401 +00:00] [INF] [1] Emby.Server.Implementations.AppBase.BaseConfigurationManager: Setting cache path: "/cache"
[2026-06-14 13:47:28.536 +00:00] [INF] [10] Jellyfin.Server.ServerSetupApp.SetupServer: Kestrel is listening on "0.0.0.0"
[2026-06-14 13:47:28.556 +00:00] [INF] [10] Main: Jellyfin version: "10.11.10"
[2026-06-14 13:47:28.557 +00:00] [INF] [10] Main: Environment Variables: ["[JELLYFIN_DATA_DIR, /config]", "[JELLYFIN_LOG_DIR, /config/log]", "[JELLYFIN_CACHE_DIR, /cache]", "[JELLYFIN_FFMPEG, /usr/lib/jellyfin-ffmpeg/ffmpeg]", "[JELLYFIN_CONFIG_DIR, /config/config]", "[JELLYFIN_WEB_DIR, /jellyfin/jellyfin-web]"]
[2026-06-14 13:47:28.559 +00:00] [INF] [10] Main: Arguments: ["/jellyfin/jellyfin.dll"]
[2026-06-14 13:47:28.559 +00:00] [INF] [10] Main: Operating system: "Debian GNU/Linux 13 (trixie)"
[2026-06-14 13:47:28.559 +00:00] [INF] [10] Main: Architecture: X64
[2026-06-14 13:47:28.559 +00:00] [INF] [10] Main: 64-Bit Process: True
[2026-06-14 13:47:28.559 +00:00] [INF] [10] Main: User Interactive: True
[2026-06-14 13:47:28.559 +00:00] [INF] [10] Main: Processor count: 8
[2026-06-14 13:47:28.559 +00:00] [INF] [10] Main: Program data path: "/config"
[2026-06-14 13:47:28.559 +00:00] [INF] [10] Main: Log directory path: "/config/log"
[2026-06-14 13:47:28.559 +00:00] [INF] [10] Main: Config directory path: "/config/config"
[2026-06-14 13:47:28.559 +00:00] [INF] [10] Main: Cache path: "/cache"
[2026-06-14 13:47:28.559 +00:00] [INF] [10] Main: Temp directory path: "/tmp/jellyfin"
[2026-06-14 13:47:28.559 +00:00] [INF] [10] Main: Web resources path: "/jellyfin/jellyfin-web"
[2026-06-14 13:47:28.559 +00:00] [INF] [10] Main: Application directory: "/jellyfin/"
[2026-06-14 13:47:28.566 +00:00] [INF] [10] Jellyfin.Server.Startup: Storage path `"/config/data"` (Fixed) successfully checked with "15.6GiB" free which is over the minimum of "2GiB".
[2026-06-14 13:47:28.566 +00:00] [INF] [10] Jellyfin.Server.Startup: Storage path `"/cache"` (Fixed) successfully checked with "15.6GiB" free which is over the minimum of "2GiB".
[2026-06-14 13:47:28.566 +00:00] [INF] [10] Jellyfin.Server.Startup: Storage path `"/config"` (Fixed) successfully checked with "15.6GiB" free which is over the minimum of "2GiB".
[2026-06-14 13:47:28.568 +00:00] [INF] [10] Emby.Server.Implementations.AppBase.BaseConfigurationManager: Setting cache path: "/cache"
[2026-06-14 13:47:28.596 +00:00] [INF] [10] Jellyfin.Database.Providers.Sqlite.SqliteDatabaseProvider: SQLite connection string: "Data Source=/config/data/jellyfin.db;Cache=Default;Default Timeout=30;Pooling=True"
[2026-06-14 13:47:28.599 +00:00] [INF] [10] Jellyfin.Database.Providers.Sqlite.SqliteDatabaseProvider: SQLITE connection pragma command set to: 
"PRAGMA locking_mode=NORMAL;
PRAGMA journal_size_limit=134217728;
PRAGMA synchronous=1;
PRAGMA temp_store=2;
"
[2026-06-14 13:47:28.600 +00:00] [INF] [10] Jellyfin.Database.Implementations.Locking.NoLockBehavior: The database locking mode has been set to: NoLock.
[2026-06-14 13:47:28.614 +00:00] [INF] [10] Jellyfin.Server.Migrations.JellyfinMigrationService: Initialise Migration service.
[2026-06-14 13:47:29.080 +00:00] [INF] [10] Jellyfin.Server.Migrations.JellyfinMigrationService: There are 0 migrations for stage PreInitialisation.
[2026-06-14 13:47:29.085 +00:00] [INF] [10] Emby.Server.Implementations.AppBase.BaseConfigurationManager: Setting cache path: "/cache"
[2026-06-14 13:47:29.092 +00:00] [INF] [10] Emby.Server.Implementations.ApplicationHost: Loading assemblies
[2026-06-14 13:47:29.107 +00:00] [INF] [10] Jellyfin.Networking.Manager.NetworkManager: Defined LAN subnets: ["127.0.0.1/8", "10.0.0.0/8", "172.16.0.0/12", "192.168.0.0/16"]
[2026-06-14 13:47:29.107 +00:00] [INF] [10] Jellyfin.Networking.Manager.NetworkManager: Defined LAN exclusions: []
[2026-06-14 13:47:29.108 +00:00] [INF] [10] Jellyfin.Networking.Manager.NetworkManager: Used LAN subnets: ["127.0.0.1/8", "10.0.0.0/8", "172.16.0.0/12", "192.168.0.0/16"]
[2026-06-14 13:47:29.108 +00:00] [INF] [10] Jellyfin.Networking.Manager.NetworkManager: Filtered interface addresses: ["127.0.0.1", "172.17.0.2"]
[2026-06-14 13:47:29.108 +00:00] [INF] [10] Jellyfin.Networking.Manager.NetworkManager: Bind Addresses ["0.0.0.0"]
[2026-06-14 13:47:29.108 +00:00] [INF] [10] Jellyfin.Networking.Manager.NetworkManager: Remote IP filter is "Allowlist"
[2026-06-14 13:47:29.108 +00:00] [INF] [10] Jellyfin.Networking.Manager.NetworkManager: Filtered subnets: []
[2026-06-14 13:47:29.145 +00:00] [INF] [10] Jellyfin.Database.Providers.Sqlite.SqliteDatabaseProvider: SQLite connection string: "Data Source=/config/data/jellyfin.db;Cache=Default;Default Timeout=30;Pooling=True"
[2026-06-14 13:47:29.145 +00:00] [INF] [10] Jellyfin.Database.Providers.Sqlite.SqliteDatabaseProvider: SQLITE connection pragma command set to: 
"PRAGMA locking_mode=NORMAL;
PRAGMA journal_size_limit=134217728;
PRAGMA synchronous=1;
PRAGMA temp_store=2;
"
[2026-06-14 13:47:29.145 +00:00] [INF] [10] Jellyfin.Database.Implementations.Locking.NoLockBehavior: The database locking mode has been set to: NoLock.
[2026-06-14 13:47:29.147 +00:00] [INF] [10] Main: Prepare system for possible migrations
[2026-06-14 13:47:29.160 +00:00] [INF] [10] Jellyfin.Server.Migrations.JellyfinMigrationService: There are 0 migrations for stage CoreInitialisation.
[2026-06-14 13:47:29.232 +00:00] [INF] [10] Emby.Server.Implementations.Plugins.PluginManager: Loaded plugin: "TMDb" "10.11.10.0"
[2026-06-14 13:47:29.232 +00:00] [INF] [10] Emby.Server.Implementations.Plugins.PluginManager: Loaded plugin: "Studio Images" "10.11.10.0"
[2026-06-14 13:47:29.232 +00:00] [INF] [10] Emby.Server.Implementations.Plugins.PluginManager: Loaded plugin: "OMDb" "10.11.10.0"
[2026-06-14 13:47:29.237 +00:00] [INF] [10] Emby.Server.Implementations.Plugins.PluginManager: Loaded plugin: "MusicBrainz" "10.11.10.0"
[2026-06-14 13:47:29.238 +00:00] [INF] [10] Emby.Server.Implementations.Plugins.PluginManager: Loaded plugin: "AudioDB" "10.11.10.0"
[2026-06-14 13:47:29.255 +00:00] [INF] [10] Jellyfin.Server.Migrations.JellyfinMigrationService: There are 0 migrations for stage AppInitialisation.
[2026-06-14 13:47:29.379 +00:00] [INF] [13] Main: Kestrel is listening on "0.0.0.0"
[2026-06-14 13:47:29.675 +00:00] [WRN] [13] Microsoft.AspNetCore.StaticFiles.StaticFileMiddleware: The WebRootPath was not found: "/wwwroot". Static files may be unavailable.
[2026-06-14 13:47:29.702 +00:00] [INF] [13] Emby.Server.Implementations.ApplicationHost: Running startup tasks
[2026-06-14 13:47:29.707 +00:00] [INF] [13] Emby.Server.Implementations.ScheduledTasks.TaskManager: Daily trigger for "生成进度条预览图" set to fire at 2026-06-15 03:00:00.000 +00:00, which is 13:12:30.2929235 from now.
[2026-06-14 13:47:29.712 +00:00] [INF] [13] Emby.Server.Implementations.ScheduledTasks.TaskManager: Daily trigger for "提取章节图片" set to fire at 2026-06-15 02:00:00.000 +00:00, which is 12:12:30.2874781 from now.
[2026-06-14 13:47:29.726 +00:00] [INF] [13] MediaBrowser.MediaEncoding.Encoder.MediaEncoder: Found ffmpeg version "7.1.3"
[2026-06-14 13:47:29.747 +00:00] [INF] [13] MediaBrowser.MediaEncoding.Encoder.MediaEncoder: Available "decoders": ["libdav1d", "av1", "av1_cuvid", "av1_qsv", "h264", "h264_qsv", "h264_cuvid", "hevc", "hevc_qsv", "hevc_cuvid", "mpeg2video", "mpeg2_qsv", "mpeg2_cuvid", "mpeg4", "mpeg4_cuvid", "msmpeg4", "vc1_qsv", "vc1_cuvid", "vp8", "libvpx", "vp8_cuvid", "vp8_qsv", "vp9", "libvpx-vp9", "vp9_cuvid", "vp9_qsv", "aac", "ac3", "ac4", "dca", "flac", "mp3", "truehd"]
[2026-06-14 13:47:29.757 +00:00] [INF] [13] MediaBrowser.MediaEncoding.Encoder.MediaEncoder: Available "encoders": ["libsvtav1", "av1_nvenc", "av1_qsv", "av1_amf", "av1_vaapi", "libx264", "h264_amf", "h264_nvenc", "h264_qsv", "h264_v4l2m2m", "h264_vaapi", "libx265", "hevc_amf", "hevc_nvenc", "hevc_qsv", "hevc_vaapi", "mjpeg_qsv", "mjpeg_vaapi", "aac", "libfdk_aac", "ac3", "alac", "dca", "flac", "libmp3lame", "libopus", "truehd", "libvorbis", "srt"]
[2026-06-14 13:47:29.780 +00:00] [INF] [13] MediaBrowser.MediaEncoding.Encoder.MediaEncoder: Available filters: ["bwdif_cuda", "bwdif_opencl", "deinterlace_qsv", "deinterlace_vaapi", "flip_vulkan", "hwupload_cuda", "hwupload_vaapi", "libplacebo", "overlay_opencl", "overlay_qsv", "overlay_vaapi", "overlay_vulkan", "overlay_cuda", "procamp_vaapi", "scale_cuda", "scale_opencl", "scale_qsv", "scale_vaapi", "scale_vulkan", "tonemapx", "tonemap_cuda", "tonemap_opencl", "tonemap_vaapi", "transpose_cuda", "transpose_opencl", "transpose_vaapi", "transpose_vulkan", "vpp_qsv", "yadif_cuda", "yadif_opencl", "zscale", "alphasrc"]
[2026-06-14 13:47:30.312 +00:00] [INF] [13] MediaBrowser.MediaEncoding.Encoder.MediaEncoder: Available hwaccel types: ["cuda", "vaapi", "qsv", "drm", "opencl", "vulkan"]
[2026-06-14 13:47:32.718 +00:00] [INF] [19] Emby.Server.Implementations.ScheduledTasks.TaskManager: "清理转码目录" Completed after 0 minute(s) and 0 seconds
[2026-06-14 13:47:32.720 +00:00] [INF] [18] Emby.Server.Implementations.ScheduledTasks.TaskManager: "清理合集和播放列表" Completed after 0 minute(s) and 0 seconds
[2026-06-14 13:47:33.140 +00:00] [INF] [13] MediaBrowser.MediaEncoding.Encoder.MediaEncoder: FFmpeg: "/usr/lib/jellyfin-ffmpeg/ffmpeg"
[2026-06-14 13:47:33.140 +00:00] [INF] [13] Emby.Server.Implementations.ApplicationHost: ServerId: "389be4f871cd435ea45aa0d524ca6c9f"
[2026-06-14 13:47:33.140 +00:00] [INF] [13] Emby.Server.Implementations.ApplicationHost: Core startup complete
[2026-06-14 13:47:33.141 +00:00] [INF] [13] Main: Startup complete 0:00:04.9271963
[2026-06-14 13:47:35.054 +00:00] [INF] [7] Emby.Server.Implementations.ScheduledTasks.TaskManager: "更新插件" Completed after 0 minute(s) and 2 seconds
[2026-06-14 13:47:38.240 +00:00] [ERR] [7] Microsoft.EntityFrameworkCore.Query: An exception occurred while iterating over the results of a query for context type '"Jellyfin.Database.Implementations.JellyfinDbContext"'."
""System.FormatException: Unrecognized Guid format.
   at System.Guid.GuidResult.SetFailure(ParseFailure failureKind)
   at System.Guid.TryParseGuid(ReadOnlySpan`1 guidString, GuidResult& result)
   at System.Guid..ctor(String g)
   at Microsoft.Data.Sqlite.SqliteValueReader.GetGuid(Int32 ordinal)
   at Microsoft.Data.Sqlite.SqliteDataReader.GetGuid(Int32 ordinal)
   at lambda_method635(Closure, QueryContext, DbDataReader, ResultContext, SingleQueryResultCoordinator)
   at Microsoft.EntityFrameworkCore.Query.Internal.SingleQueryingEnumerable`1.Enumerator.MoveNext()"
System.FormatException: Unrecognized Guid format.
   at System.Guid.GuidResult.SetFailure(ParseFailure failureKind)
   at System.Guid.TryParseGuid(ReadOnlySpan`1 guidString, GuidResult& result)
   at System.Guid..ctor(String g)
   at Microsoft.Data.Sqlite.SqliteValueReader.GetGuid(Int32 ordinal)
   at Microsoft.Data.Sqlite.SqliteDataReader.GetGuid(Int32 ordinal)
   at lambda_method635(Closure, QueryContext, DbDataReader, ResultContext, SingleQueryResultCoordinator)
   at Microsoft.EntityFrameworkCore.Query.Internal.SingleQueryingEnumerable`1.Enumerator.MoveNext()
   at System.Linq.Enumerable.TryGetSingle[TSource](IEnumerable`1 source, Boolean& found)
   at lambda_method633(Closure, QueryContext)
   at Microsoft.EntityFrameworkCore.Query.Internal.QueryCompiler.ExecuteCore[TResult](Expression query, Boolean async, CancellationToken cancellationToken)
   at Microsoft.EntityFrameworkCore.Query.Internal.QueryCompiler.Execute[TResult](Expression query)
   at Microsoft.EntityFrameworkCore.Query.Internal.EntityQueryProvider.Execute[TResult](Expression expression)
   at Jellyfin.Server.Implementations.Users.UserManager.GetUserByName(String name)
   at Emby.Server.Implementations.Session.SessionManager.AuthenticateNewSessionInternal(AuthenticationRequest request, Boolean enforcePassword)
[2026-06-14 13:47:38.242 +00:00] [ERR] [7] Jellyfin.Api.Middleware.ExceptionMiddleware: Error processing request. URL "POST" "/Users/AuthenticateByName".
System.FormatException: Unrecognized Guid format.
   at System.Guid.GuidResult.SetFailure(ParseFailure failureKind)
   at System.Guid.TryParseGuid(ReadOnlySpan`1 guidString, GuidResult& result)
   at System.Guid..ctor(String g)
   at Microsoft.Data.Sqlite.SqliteValueReader.GetGuid(Int32 ordinal)
   at Microsoft.Data.Sqlite.SqliteDataReader.GetGuid(Int32 ordinal)
   at lambda_method635(Closure, QueryContext, DbDataReader, ResultContext, SingleQueryResultCoordinator)
   at Microsoft.EntityFrameworkCore.Query.Internal.SingleQueryingEnumerable`1.Enumerator.MoveNext()
   at System.Linq.Enumerable.TryGetSingle[TSource](IEnumerable`1 source, Boolean& found)
   at lambda_method633(Closure, QueryContext)
   at Microsoft.EntityFrameworkCore.Query.Internal.QueryCompiler.ExecuteCore[TResult](Expression query, Boolean async, CancellationToken cancellationToken)
   at Microsoft.EntityFrameworkCore.Query.Internal.QueryCompiler.Execute[TResult](Expression query)
   at Microsoft.EntityFrameworkCore.Query.Internal.EntityQueryProvider.Execute[TResult](Expression expression)
   at Jellyfin.Server.Implementations.Users.UserManager.GetUserByName(String name)
   at Emby.Server.Implementations.Session.SessionManager.AuthenticateNewSessionInternal(AuthenticationRequest request, Boolean enforcePassword)
   at Jellyfin.Api.Controllers.UserController.AuthenticateUserByName(AuthenticateUserByName request)
   at lambda_method502(Closure, Object)
   at Microsoft.AspNetCore.Mvc.Infrastructure.ActionMethodExecutor.AwaitableObjectResultExecutor.Execute(ActionContext actionContext, IActionResultTypeMapper mapper, ObjectMethodExecutor executor, Object controller, Object[] arguments)
   at Microsoft.AspNetCore.Mvc.Infrastructure.ControllerActionInvoker.<InvokeActionMethodAsync>g__Awaited|12_0(ControllerActionInvoker invoker, ValueTask`1 actionResultValueTask)
   at Microsoft.AspNetCore.Mvc.Infrastructure.ControllerActionInvoker.<InvokeNextActionFilterAsync>g__Awaited|10_0(ControllerActionInvoker invoker, Task lastTask, State next, Scope scope, Object state, Boolean isCompleted)
   at Microsoft.AspNetCore.Mvc.Infrastructure.ControllerActionInvoker.Rethrow(ActionExecutedContextSealed context)
   at Microsoft.AspNetCore.Mvc.Infrastructure.ControllerActionInvoker.Next(State& next, Scope& scope, Object& state, Boolean& isCompleted)
   at Microsoft.AspNetCore.Mvc.Infrastructure.ControllerActionInvoker.InvokeInnerFilterAsync()
--- End of stack trace from previous location ---
   at Microsoft.AspNetCore.Mvc.Infrastructure.ResourceInvoker.<InvokeNextResourceFilter>g__Awaited|25_0(ResourceInvoker invoker, Task lastTask, State next, Scope scope, Object state, Boolean isCompleted)
   at Microsoft.AspNetCore.Mvc.Infrastructure.ResourceInvoker.Rethrow(ResourceExecutedContextSealed context)
   at Microsoft.AspNetCore.Mvc.Infrastructure.ResourceInvoker.Next(State& next, Scope& scope, Object& state, Boolean& isCompleted)
   at Microsoft.AspNetCore.Mvc.Infrastructure.ResourceInvoker.InvokeFilterPipelineAsync()
--- End of stack trace from previous location ---
   at Microsoft.AspNetCore.Mvc.Infrastructure.ResourceInvoker.<InvokeAsync>g__Awaited|17_0(ResourceInvoker invoker, Task task, IDisposable scope)
   at Microsoft.AspNetCore.Mvc.Infrastructure.ResourceInvoker.<InvokeAsync>g__Awaited|17_0(ResourceInvoker invoker, Task task, IDisposable scope)
   at Jellyfin.Api.Middleware.ServerStartupMessageMiddleware.Invoke(HttpContext httpContext, IServerApplicationHost serverApplicationHost, ILocalizationManager localizationManager)
   at Jellyfin.Api.Middleware.WebSocketHandlerMiddleware.Invoke(HttpContext httpContext, IWebSocketManager webSocketManager)
   at Jellyfin.Api.Middleware.IPBasedAccessValidationMiddleware.Invoke(HttpContext httpContext, INetworkManager networkManager)
   at Microsoft.AspNetCore.Authorization.AuthorizationMiddleware.Invoke(HttpContext context)
   at Jellyfin.Api.Middleware.QueryStringDecodingMiddleware.Invoke(HttpContext httpContext)
   at Swashbuckle.AspNetCore.ReDoc.ReDocMiddleware.Invoke(HttpContext httpContext)
   at Swashbuckle.AspNetCore.SwaggerUI.SwaggerUIMiddleware.Invoke(HttpContext httpContext)
   at Swashbuckle.AspNetCore.Swagger.SwaggerMiddleware.Invoke(HttpContext httpContext, ISwaggerProvider swaggerProvider)
   at Microsoft.AspNetCore.Authentication.AuthenticationMiddleware.Invoke(HttpContext context)
   at Jellyfin.Api.Middleware.RobotsRedirectionMiddleware.Invoke(HttpContext httpContext)
   at Jellyfin.Api.Middleware.LegacyEmbyRouteRewriteMiddleware.Invoke(HttpContext httpContext)
   at Jellyfin.Api.Middleware.ResponseTimeMiddleware.Invoke(HttpContext context, IServerConfigurationManager serverConfigurationManager)
   at Jellyfin.Api.Middleware.ExceptionMiddleware.Invoke(HttpContext context)
[2026-06-14 13:47:50.461 +00:00] [INF] [19] Jellyfin.Api.Auth.CustomAuthenticationHandler: "CustomAuthentication" was not authenticated. Failure message: "Invalid token."
[2026-06-14 13:47:50.463 +00:00] [INF] [19] Jellyfin.Api.Auth.CustomAuthenticationHandler: "CustomAuthentication" was not authenticated. Failure message: "Invalid token."
[2026-06-14 13:47:50.466 +00:00] [INF] [19] Jellyfin.Api.Auth.CustomAuthenticationHandler: AuthenticationScheme: "CustomAuthentication" was challenged.
[2026-06-14 13:47:50.694 +00:00] [INF] [13] Jellyfin.Api.Auth.CustomAuthenticationHandler: "CustomAuthentication" was not authenticated. Failure message: "Invalid token."
[2026-06-14 13:47:50.697 +00:00] [INF] [13] Jellyfin.Api.Auth.CustomAuthenticationHandler: "CustomAuthentication" was not authenticated. Failure message: "Invalid token."
[2026-06-14 13:47:50.698 +00:00] [INF] [13] Jellyfin.Api.Auth.CustomAuthenticationHandler: AuthenticationScheme: "CustomAuthentication" was challenged.
[2026-06-14 13:47:59.978 +00:00] [INF] [13] Jellyfin.Api.Auth.CustomAuthenticationHandler: "CustomAuthentication" was not authenticated. Failure message: "Invalid token."
[2026-06-14 13:47:59.979 +00:00] [INF] [13] Jellyfin.Api.Auth.CustomAuthenticationHandler: "CustomAuthentication" was not authenticated. Failure message: "Invalid token."
[2026-06-14 13:47:59.980 +00:00] [INF] [13] Jellyfin.Api.Auth.CustomAuthenticationHandler: AuthenticationScheme: "CustomAuthentication" was challenged.
[2026-06-14 13:48:00.044 +00:00] [INF] [21] Jellyfin.Api.Auth.CustomAuthenticationHandler: "CustomAuthentication" was not authenticated. Failure message: "Invalid token."
[2026-06-14 13:48:00.044 +00:00] [INF] [21] Jellyfin.Api.Auth.CustomAuthenticationHandler: "CustomAuthentication" was not authenticated. Failure message: "Invalid token."
[2026-06-14 13:48:00.044 +00:00] [INF] [21] Jellyfin.Api.Auth.CustomAuthenticationHandler: AuthenticationScheme: "CustomAuthentication" was challenged.
[2026-06-14 13:48:08.605 +00:00] [INF] [22] Emby.Server.Implementations.Session.SessionManager: Sending shutdown notifications
[2026-06-14 13:48:08.623 +00:00] [INF] [13] Main: Running query planner optimizations in the database... This might take a while
[2026-06-14 13:48:08.693 +00:00] [INF] [13] Emby.Server.Implementations.ApplicationHost: Disposing "CoreAppHost"
[2026-06-14 13:48:08.693 +00:00] [INF] [13] Emby.Server.Implementations.ApplicationHost: Disposing "MusicBrainzArtistProvider"
[2026-06-14 13:48:08.694 +00:00] [INF] [13] Emby.Server.Implementations.ApplicationHost: Disposing "MusicBrainzAlbumProvider"
[2026-06-14 13:48:08.695 +00:00] [INF] [13] Emby.Server.Implementations.ApplicationHost: Disposing "PluginManager"
